/*
Navicat MySQL Data Transfer

Source Server         : t3st
Source Server Version : 50549
Source Host           : 192.168.177.134:3306
Source Database       : tsctf_trade

Target Server Type    : MYSQL
Target Server Version : 50549
File Encoding         : 65001

Date: 2016-05-22 11:01:19
*/

SET FOREIGN_KEY_CHECKS=0;

-- ----------------------------
-- Table structure for `trade_admin`
-- ----------------------------
DROP TABLE IF EXISTS `trade_admin`;
CREATE TABLE `trade_admin` (
  `user_id` smallint(5) unsigned NOT NULL AUTO_INCREMENT,
  `username` char(16) NOT NULL,
  `password` char(32) NOT NULL,
  `name` varchar(60) NOT NULL DEFAULT '',
  `email` varchar(60) NOT NULL DEFAULT '',
  `last_ip` char(15) NOT NULL DEFAULT '',
  `last_date` int(10) unsigned NOT NULL DEFAULT '0',
  `created_date` int(10) unsigned NOT NULL DEFAULT '0',
  `hash` char(40) NOT NULL DEFAULT '',
  PRIMARY KEY (`user_id`)
) ENGINE=MyISAM AUTO_INCREMENT=2 DEFAULT CHARSET=utf8;

-- ----------------------------
-- Records of trade_admin
-- ----------------------------
INSERT INTO `trade_admin` VALUES ('1', 'admin', 'e10adc3949ba59abbe56e057f20f883e', '', 'admin@tsctf.com', '10.105.42.184', '1463625676', '1463583001', 'd11fc65674409aaeec1f80f63accb8cbb9d961cd');

-- ----------------------------
-- Table structure for `trade_admin_active`
-- ----------------------------
DROP TABLE IF EXISTS `trade_admin_active`;
CREATE TABLE `trade_admin_active` (
  `sess_id` char(32) NOT NULL DEFAULT '',
  `user_id` smallint(5) unsigned NOT NULL,
  `ip` char(15) NOT NULL DEFAULT '0.0.0.0',
  `dateline` int(10) unsigned NOT NULL DEFAULT '0',
  `expires` int(10) unsigned NOT NULL DEFAULT '0',
  PRIMARY KEY (`sess_id`)
) ENGINE=MyISAM DEFAULT CHARSET=utf8;

-- ----------------------------
-- Records of trade_admin_active
-- ----------------------------

-- ----------------------------
-- Table structure for `trade_admin_role`
-- ----------------------------
DROP TABLE IF EXISTS `trade_admin_role`;
CREATE TABLE `trade_admin_role` (
  `user_id` smallint(5) unsigned NOT NULL,
  `role_id` smallint(5) unsigned NOT NULL
) ENGINE=MyISAM DEFAULT CHARSET=utf8;

-- ----------------------------
-- Records of trade_admin_role
-- ----------------------------

-- ----------------------------
-- Table structure for `trade_adv`
-- ----------------------------
DROP TABLE IF EXISTS `trade_adv`;
CREATE TABLE `trade_adv` (
  `adv_id` mediumint(8) unsigned NOT NULL AUTO_INCREMENT,
  `position_id` smallint(5) unsigned NOT NULL DEFAULT '0',
  `name` varchar(100) NOT NULL DEFAULT '',
  `type` char(5) NOT NULL DEFAULT '1',
  `params` text NOT NULL,
  `codes` text NOT NULL,
  `start_date` int(10) unsigned NOT NULL DEFAULT '0',
  `end_date` int(10) unsigned NOT NULL DEFAULT '0',
  `seq` tinyint(2) unsigned NOT NULL DEFAULT '99',
  `status` tinyint(1) unsigned NOT NULL DEFAULT '0',
  PRIMARY KEY (`adv_id`),
  KEY `position_id` (`position_id`)
) ENGINE=MyISAM AUTO_INCREMENT=9 DEFAULT CHARSET=utf8;

-- ----------------------------
-- Records of trade_adv
-- ----------------------------
INSERT INTO `trade_adv` VALUES ('1', '1', 'BUPT~', 'image', '{\"src\":\"http:\\/\\/192.168.177.134\\/upload\\/adv\\/image\\/573c8fc49c0c0kaDlzM9mBG19438.jpg\",\"width\":\"630\",\"height\":\"240\",\"title\":\"bupt\",\"link\":\"http:\\/\\/www.buptdubhe.com\\/\"}', '<a href=\"http://www.buptdubhe.com/\"><img src=\"http://192.168.177.134/upload/adv/image/573c8fc49c0c0kaDlzM9mBG19438.jpg\" width=\"630\" height=\"240\" alt=\"bupt\" border=\"0\" /></a>', '0', '1466265600', '1', '1');
INSERT INTO `trade_adv` VALUES ('2', '2', 'Dubhe', 'image', '{\"src\":\"http:\\/\\/192.168.177.134\\/upload\\/adv\\/image\\/573caa8a8c2aci1CmKx2oE933989.jpg\",\"width\":\"\",\"height\":\"\",\"title\":\"\",\"link\":\"http:\\/\\/www.buptdubhe.com\\/\"}', '<a href=\"http://www.buptdubhe.com/\"><img src=\"http://192.168.177.134/upload/adv/image/573caa8a8c2aci1CmKx2oE933989.jpg\" border=\"0\" /></a>', '0', '0', '1', '1');
INSERT INTO `trade_adv` VALUES ('3', '3', '宣传广告', 'text', '{\"content\":\"http:\\/\\/www.buptdubhe.com\\/\",\"style\":{\"c\":\"0\",\"s\":\"0\",\"b\":\"0\",\"u\":\"0\",\"i\":\"0\"},\"link\":\"http:\\/\\/www.buptdubhe.com\\/\"}', '<a href=\"http://www.buptdubhe.com/\">http://www.buptdubhe.com/</a>', '0', '0', '1', '1');
INSERT INTO `trade_adv` VALUES ('4', '1', 'TSCTF2016~', 'image', '{\"src\":\"http:\\/\\/192.168.177.134\\/upload\\/adv\\/image\\/573c8eff0c56dg6JRQv3isO10240.jpg\",\"width\":\"630\",\"height\":\"240\",\"title\":\"TSCTF2016\\u6765\\u5566\",\"link\":\"http:\\/\\/www.buptdubhe.com\\/\"}', '<a href=\"http://www.buptdubhe.com/\"><img src=\"http://192.168.177.134/upload/adv/image/573c8eff0c56dg6JRQv3isO10240.jpg\" width=\"630\" height=\"240\" alt=\"TSCTF2016来啦\" border=\"0\" /></a>', '0', '1478880000', '2', '1');
INSERT INTO `trade_adv` VALUES ('5', '1', 'TSCTF2016~~~~', 'image', '{\"src\":\"http:\\/\\/192.168.177.134\\/upload\\/adv\\/image\\/573c8f1fdefd1vm98PlNtsF11571.jpg\",\"width\":\"630\",\"height\":\"240\",\"title\":\"\\u67e5\\u770b\\u8be6\\u60c5\",\"link\":\"http:\\/\\/www.buptdubhe.com\\/\"}', '<a href=\"http://www.buptdubhe.com/\"><img src=\"http://192.168.177.134/upload/adv/image/573c8f1fdefd1vm98PlNtsF11571.jpg\" width=\"630\" height=\"240\" alt=\"查看详情\" border=\"0\" /></a>', '0', '0', '3', '1');
INSERT INTO `trade_adv` VALUES ('6', '4', '首页横幅广告', 'image', '{\"src\":\"http:\\/\\/192.168.177.134\\/upload\\/adv\\/image\\/573ca97a5049csYErjpA0VZ4552.jpg\",\"width\":\"1110\",\"height\":\"90\",\"title\":\"6666\",\"link\":\"#\"}', '<a href=\"#\"><img src=\"http://192.168.177.134/upload/adv/image/573ca97a5049csYErjpA0VZ4552.jpg\" width=\"1110\" height=\"90\" alt=\"6666\" border=\"0\" /></a>', '0', '0', '1', '1');
INSERT INTO `trade_adv` VALUES ('7', '5', 'DUBHE', 'image', '{\"src\":\"http:\\/\\/192.168.177.134\\/upload\\/adv\\/image\\/573ca98f89d89jN26nYTFUV83082.jpg\",\"width\":\"1110\",\"height\":\"100\",\"title\":\"DUBHE\",\"link\":\"#\"}', '<a href=\"#\"><img src=\"http://192.168.177.134/upload/adv/image/573ca98f89d89jN26nYTFUV83082.jpg\" width=\"1110\" height=\"100\" alt=\"DUBHE\" border=\"0\" /></a>', '0', '0', '1', '1');
INSERT INTO `trade_adv` VALUES ('8', '6', '广告', 'image', '{\"src\":\"http:\\/\\/192.168.177.134\\/upload\\/adv\\/image\\/573ca9afda45eqXwrvmLfnh90233.jpg\",\"width\":\"1110\",\"height\":\"80\",\"title\":\"DUBHE\",\"link\":\"#\"}', '<a href=\"#\"><img src=\"http://192.168.177.134/upload/adv/image/573ca9afda45eqXwrvmLfnh90233.jpg\" width=\"1110\" height=\"80\" alt=\"DUBHE\" border=\"0\" /></a>', '0', '0', '1', '1');

-- ----------------------------
-- Table structure for `trade_adv_position`
-- ----------------------------
DROP TABLE IF EXISTS `trade_adv_position`;
CREATE TABLE `trade_adv_position` (
  `id` smallint(5) unsigned NOT NULL AUTO_INCREMENT,
  `name` varchar(100) NOT NULL DEFAULT '',
  `width` smallint(4) unsigned NOT NULL DEFAULT '0',
  `height` smallint(4) unsigned NOT NULL DEFAULT '0',
  `codes` text NOT NULL,
  PRIMARY KEY (`id`)
) ENGINE=MyISAM AUTO_INCREMENT=7 DEFAULT CHARSET=utf8;

-- ----------------------------
-- Records of trade_adv_position
-- ----------------------------
INSERT INTO `trade_adv_position` VALUES ('1', '首页轮播图片广告位', '630', '240', '<div class=\"carousel cut\">\n  <div class=\"carousel-imgs cut\">\n  <{foreach $vars as $v}><{$v nofilter}><{/foreach}>\n  </div>\n  <ul class=\"carousel-tog\"><{foreach $vars as $k => $v}><li><{$k}></li><{/foreach}></ul>\n</div>');
INSERT INTO `trade_adv_position` VALUES ('2', '首页资讯下方广告位', '240', '70', '<{$vars[0] nofilter}>');
INSERT INTO `trade_adv_position` VALUES ('3', '用户登录左侧广告位', '480', '0', '<{$vars[0] nofilter}>');
INSERT INTO `trade_adv_position` VALUES ('4', '首页横幅Banner广告位一', '1110', '90', '<{$vars[0] nofilter}>');
INSERT INTO `trade_adv_position` VALUES ('5', '首页横幅Banner广告位二', '1110', '100', '<{$vars[0] nofilter}>');
INSERT INTO `trade_adv_position` VALUES ('6', '首页横幅Banner广告位三', '1110', '80', '<{$vars[0] nofilter}>');

-- ----------------------------
-- Table structure for `trade_aftersales`
-- ----------------------------
DROP TABLE IF EXISTS `trade_aftersales`;
CREATE TABLE `trade_aftersales` (
  `as_id` mediumint(8) unsigned NOT NULL AUTO_INCREMENT,
  `user_id` mediumint(8) unsigned NOT NULL DEFAULT '0',
  `order_id` char(15) NOT NULL DEFAULT '',
  `goods_id` mediumint(8) unsigned NOT NULL DEFAULT '0',
  `goods_qty` smallint(5) unsigned NOT NULL DEFAULT '1',
  `type` tinyint(1) unsigned NOT NULL DEFAULT '0',
  `cause` text NOT NULL,
  `mobile_no` char(11) NOT NULL DEFAULT '',
  `created_date` int(10) unsigned NOT NULL DEFAULT '0',
  `status` tinyint(1) unsigned NOT NULL DEFAULT '0',
  PRIMARY KEY (`as_id`),
  KEY `user_id` (`user_id`)
) ENGINE=MyISAM DEFAULT CHARSET=utf8;

-- ----------------------------
-- Records of trade_aftersales
-- ----------------------------

-- ----------------------------
-- Table structure for `trade_aftersales_message`
-- ----------------------------
DROP TABLE IF EXISTS `trade_aftersales_message`;
CREATE TABLE `trade_aftersales_message` (
  `id` int(10) unsigned NOT NULL AUTO_INCREMENT,
  `as_id` mediumint(8) unsigned NOT NULL DEFAULT '0',
  `admin_id` smallint(5) unsigned NOT NULL DEFAULT '0',
  `content` text NOT NULL,
  `dateline` int(10) unsigned NOT NULL DEFAULT '0',
  PRIMARY KEY (`id`),
  KEY `as_id` (`as_id`)
) ENGINE=MyISAM DEFAULT CHARSET=utf8;

-- ----------------------------
-- Records of trade_aftersales_message
-- ----------------------------

-- ----------------------------
-- Table structure for `trade_article`
-- ----------------------------
DROP TABLE IF EXISTS `trade_article`;
CREATE TABLE `trade_article` (
  `id` mediumint(8) unsigned NOT NULL AUTO_INCREMENT,
  `cate_id` smallint(5) unsigned NOT NULL DEFAULT '0',
  `title` varchar(180) NOT NULL,
  `picture` varchar(255) NOT NULL DEFAULT '',
  `content` text NOT NULL,
  `brief` varchar(240) NOT NULL DEFAULT '',
  `meta_keywords` varchar(240) NOT NULL DEFAULT '',
  `meta_description` varchar(240) NOT NULL DEFAULT '',
  `link` varchar(255) NOT NULL DEFAULT '',
  `status` tinyint(1) unsigned NOT NULL DEFAULT '0',
  `created_date` int(10) unsigned NOT NULL DEFAULT '0',
  PRIMARY KEY (`id`),
  KEY `cate_id` (`cate_id`) USING BTREE
) ENGINE=MyISAM AUTO_INCREMENT=5 DEFAULT CHARSET=utf8;

-- ----------------------------
-- Records of trade_article
-- ----------------------------
INSERT INTO `trade_article` VALUES ('1', '1', 'dubhe-market 1.1版发布', '', '', '', '', '', '', '0', '1458022719');
INSERT INTO `trade_article` VALUES ('3', '1', 'QQ讨论交流群', '', '<p>QQ交流群：544342304</p>', '', '', '', '', '0', '1458023994');
INSERT INTO `trade_article` VALUES ('4', '2', '双11购物狂欢节', '', '<p>双11购物狂欢节 双11来了</p>', '', '', '', '', '0', '1458287839');

-- ----------------------------
-- Table structure for `trade_article_cate`
-- ----------------------------
DROP TABLE IF EXISTS `trade_article_cate`;
CREATE TABLE `trade_article_cate` (
  `cate_id` smallint(5) unsigned NOT NULL AUTO_INCREMENT,
  `cate_name` varchar(60) CHARACTER SET utf8 NOT NULL,
  `meta_keywords` varchar(240) CHARACTER SET utf8 NOT NULL DEFAULT '',
  `meta_description` varchar(240) CHARACTER SET utf8 NOT NULL DEFAULT '',
  `seq` tinyint(2) unsigned NOT NULL DEFAULT '99',
  PRIMARY KEY (`cate_id`)
) ENGINE=MyISAM AUTO_INCREMENT=3 DEFAULT CHARSET=utf8 COLLATE=utf8_unicode_ci;

-- ----------------------------
-- Records of trade_article_cate
-- ----------------------------
INSERT INTO `trade_article_cate` VALUES ('1', '软件', '', '', '1');
INSERT INTO `trade_article_cate` VALUES ('2', '活动', '', '', '2');

-- ----------------------------
-- Table structure for `trade_brand`
-- ----------------------------
DROP TABLE IF EXISTS `trade_brand`;
CREATE TABLE `trade_brand` (
  `brand_id` smallint(5) unsigned NOT NULL AUTO_INCREMENT,
  `brand_name` varchar(60) NOT NULL DEFAULT '',
  `brand_logo` varchar(255) NOT NULL DEFAULT '',
  `seq` tinyint(2) unsigned NOT NULL DEFAULT '99',
  PRIMARY KEY (`brand_id`)
) ENGINE=MyISAM AUTO_INCREMENT=19 DEFAULT CHARSET=utf8;

-- ----------------------------
-- Records of trade_brand
-- ----------------------------
INSERT INTO `trade_brand` VALUES ('1', 'Apple/苹果', '', '99');
INSERT INTO `trade_brand` VALUES ('2', 'Huawei/华为', '', '99');
INSERT INTO `trade_brand` VALUES ('3', 'Miui/小米', '', '99');
INSERT INTO `trade_brand` VALUES ('4', 'ASUS/华硕', '', '99');
INSERT INTO `trade_brand` VALUES ('5', 'Lenovo/联想', '', '99');
INSERT INTO `trade_brand` VALUES ('6', 'Dell/戴尔', '', '99');
INSERT INTO `trade_brand` VALUES ('7', 'Acer/宏碁', '', '99');
INSERT INTO `trade_brand` VALUES ('8', 'HP/惠普', '', '99');
INSERT INTO `trade_brand` VALUES ('9', 'Samsung/三星', '', '99');
INSERT INTO `trade_brand` VALUES ('10', 'Nokia/诺基亚', '', '99');
INSERT INTO `trade_brand` VALUES ('11', 'Philips/飞利浦', '', '99');
INSERT INTO `trade_brand` VALUES ('12', 'Sony/索尼', '', '99');
INSERT INTO `trade_brand` VALUES ('13', '周大福', '', '99');
INSERT INTO `trade_brand` VALUES ('14', '施华洛世奇', '', '99');
INSERT INTO `trade_brand` VALUES ('15', 'vivo', '', '99');
INSERT INTO `trade_brand` VALUES ('16', 'Midea/美的', '', '99');
INSERT INTO `trade_brand` VALUES ('17', 'AUX/奥克斯', '', '99');
INSERT INTO `trade_brand` VALUES ('18', 'Microsoft/微软', '', '99');

-- ----------------------------
-- Table structure for `trade_email_queue`
-- ----------------------------
DROP TABLE IF EXISTS `trade_email_queue`;
CREATE TABLE `trade_email_queue` (
  `id` int(10) unsigned NOT NULL AUTO_INCREMENT,
  `email` varchar(60) NOT NULL DEFAULT '',
  `tpl_id` char(30) NOT NULL DEFAULT '',
  `subject` varchar(240) NOT NULL DEFAULT '',
  `body` text NOT NULL,
  `is_html` tinyint(1) unsigned NOT NULL DEFAULT '0',
  `dateline` int(10) unsigned NOT NULL DEFAULT '0',
  `last_err` varchar(255) NOT NULL DEFAULT '',
  `err_count` smallint(5) unsigned NOT NULL DEFAULT '0',
  PRIMARY KEY (`id`)
) ENGINE=MyISAM DEFAULT CHARSET=utf8;

-- ----------------------------
-- Records of trade_email_queue
-- ----------------------------

-- ----------------------------
-- Table structure for `trade_email_subscription`
-- ----------------------------
DROP TABLE IF EXISTS `trade_email_subscription`;
CREATE TABLE `trade_email_subscription` (
  `id` int(10) unsigned NOT NULL AUTO_INCREMENT,
  `email` varchar(60) NOT NULL DEFAULT '',
  `created_date` int(10) unsigned NOT NULL DEFAULT '0',
  `status` tinyint(1) unsigned NOT NULL DEFAULT '0',
  PRIMARY KEY (`id`)
) ENGINE=MyISAM DEFAULT CHARSET=utf8;

-- ----------------------------
-- Records of trade_email_subscription
-- ----------------------------

-- ----------------------------
-- Table structure for `trade_email_template`
-- ----------------------------
DROP TABLE IF EXISTS `trade_email_template`;
CREATE TABLE `trade_email_template` (
  `id` char(30) NOT NULL,
  `name` varchar(50) NOT NULL DEFAULT '',
  `subject` varchar(240) NOT NULL DEFAULT '',
  `is_html` tinyint(1) unsigned NOT NULL DEFAULT '0',
  PRIMARY KEY (`id`)
) ENGINE=MyISAM DEFAULT CHARSET=utf8;

-- ----------------------------
-- Records of trade_email_template
-- ----------------------------
INSERT INTO `trade_email_template` VALUES ('retrieve_user_password', '用户密码找回', '通过您的邮箱找回密码', '1');
INSERT INTO `trade_email_template` VALUES ('validate_user_email', '用户邮箱地址验证', '邮箱地址验证', '1');

-- ----------------------------
-- Table structure for `trade_feedback`
-- ----------------------------
DROP TABLE IF EXISTS `trade_feedback`;
CREATE TABLE `trade_feedback` (
  `fb_id` mediumint(8) unsigned NOT NULL AUTO_INCREMENT,
  `type` tinyint(1) unsigned NOT NULL DEFAULT '0',
  `user_id` mediumint(8) unsigned NOT NULL DEFAULT '0',
  `subject` varchar(120) CHARACTER SET utf8 COLLATE utf8_unicode_ci NOT NULL DEFAULT '',
  `content` text CHARACTER SET utf8 COLLATE utf8_unicode_ci NOT NULL,
  `mobile_no` char(11) NOT NULL DEFAULT '',
  `created_date` int(10) unsigned NOT NULL DEFAULT '0',
  `status` tinyint(1) unsigned NOT NULL DEFAULT '0',
  PRIMARY KEY (`fb_id`),
  KEY `user_id` (`user_id`) USING BTREE
) ENGINE=MyISAM DEFAULT CHARSET=utf8;

-- ----------------------------
-- Records of trade_feedback
-- ----------------------------

-- ----------------------------
-- Table structure for `trade_feedback_message`
-- ----------------------------
DROP TABLE IF EXISTS `trade_feedback_message`;
CREATE TABLE `trade_feedback_message` (
  `id` int(10) unsigned NOT NULL AUTO_INCREMENT,
  `fb_id` mediumint(8) unsigned NOT NULL DEFAULT '0',
  `admin_id` smallint(5) unsigned NOT NULL DEFAULT '0',
  `content` text NOT NULL,
  `dateline` int(10) unsigned NOT NULL DEFAULT '0',
  PRIMARY KEY (`id`),
  KEY `fb_id` (`fb_id`) USING BTREE
) ENGINE=MyISAM DEFAULT CHARSET=utf8;

-- ----------------------------
-- Records of trade_feedback_message
-- ----------------------------

-- ----------------------------
-- Table structure for `trade_friendlink`
-- ----------------------------
DROP TABLE IF EXISTS `trade_friendlink`;
CREATE TABLE `trade_friendlink` (
  `id` smallint(5) unsigned NOT NULL AUTO_INCREMENT,
  `name` varchar(60) NOT NULL DEFAULT '',
  `logo` varchar(255) NOT NULL DEFAULT '',
  `url` varchar(255) CHARACTER SET utf8 COLLATE utf8_unicode_ci NOT NULL DEFAULT '',
  `created_date` int(10) unsigned NOT NULL DEFAULT '0',
  `seq` tinyint(2) unsigned NOT NULL DEFAULT '0',
  PRIMARY KEY (`id`)
) ENGINE=MyISAM AUTO_INCREMENT=2 DEFAULT CHARSET=utf8;

-- ----------------------------
-- Records of trade_friendlink
-- ----------------------------
INSERT INTO `trade_friendlink` VALUES ('1', 'DUBHE', 'http://192.168.177.134/upload/friendlink/573c8d615d033NVqic1FofQ45569.jpg', 'http://www.buptdubhe.com/', '0', '99');

-- ----------------------------
-- Table structure for `trade_goods`
-- ----------------------------
DROP TABLE IF EXISTS `trade_goods`;
CREATE TABLE `trade_goods` (
  `goods_id` mediumint(8) unsigned NOT NULL AUTO_INCREMENT,
  `cate_id` smallint(5) unsigned NOT NULL DEFAULT '0',
  `brand_id` smallint(5) unsigned NOT NULL DEFAULT '0',
  `goods_name` varchar(180) NOT NULL DEFAULT '',
  `goods_sn` char(20) NOT NULL DEFAULT '',
  `now_price` decimal(10,2) unsigned NOT NULL DEFAULT '0.00',
  `original_price` decimal(10,2) unsigned NOT NULL DEFAULT '0.00',
  `goods_image` varchar(30) NOT NULL DEFAULT '',
  `goods_brief` text NOT NULL,
  `goods_content` text NOT NULL,
  `goods_weight` decimal(10,2) unsigned NOT NULL DEFAULT '0.00',
  `stock_qty` smallint(4) unsigned NOT NULL DEFAULT '0',
  `meta_keywords` varchar(240) NOT NULL DEFAULT '',
  `meta_description` varchar(240) NOT NULL DEFAULT '',
  `created_date` int(10) unsigned NOT NULL DEFAULT '0',
  `newarrival` tinyint(1) unsigned NOT NULL DEFAULT '0',
  `recommend` tinyint(1) unsigned NOT NULL DEFAULT '0',
  `bargain` tinyint(1) unsigned NOT NULL DEFAULT '0',
  `status` tinyint(1) unsigned NOT NULL DEFAULT '0',
  PRIMARY KEY (`goods_id`),
  KEY `cate_id` (`cate_id`),
  FULLTEXT KEY `indexing` (`goods_name`,`meta_keywords`)
) ENGINE=MyISAM AUTO_INCREMENT=18 DEFAULT CHARSET=utf8;

-- ----------------------------
-- Records of trade_goods
-- ----------------------------
INSERT INTO `trade_goods` VALUES ('1', '1', '1', 'Apple iPhone 6s (A1700) 移动联通电信4G手机', '0010011563', '4888.00', '5128.99', '156e2d4fa488d0.jpg', '小改变，大不同，3D Touch触屏新时代，6s带你感受前沿科技 ！国行正品，不怕检、不怕测，买的放心，售后贴心，用的舒心！', '<div align=\"center\"><p><img src=\"http://demo.verydows.com/upload/goods/editor/56e2daaf5dc64IiTXQnmG6Z66363.jpg\"/></p><p><img src=\"http://demo.verydows.com/upload/goods/editor/56e2dc22524ec5iENqzFsIB51238.jpg\"/></p><p><img src=\"http://demo.verydows.com/upload/goods/editor/56e2dc2ed68dbTJKr2HGiBQ34101.jpg\"/></p></div>', '0.00', '9999', '苹果, 苹果手机, 苹果6s, iPhone, iPhone 6s, Apple', '', '1457712963', '1', '0', '0', '1');
INSERT INTO `trade_goods` VALUES ('2', '1', '2', '华为 Mate8 3GB+32GB版 全网通 移动版 月光银 苍穹灰', '0010022030', '2999.00', '3299.99', '256e2f30e7256c.jpg', '', '<div align=\"center\"><p><img src=\"http://demo.verydows.com/upload/goods/editor/56e2f2abed2195dHIXDVxa295565.jpg\"/></p><p><img src=\"http://demo.verydows.com/upload/goods/editor/56e2f26836850PvsUtf5CjI32491.jpg\"/></p></div>', '0.00', '9999', 'MATE8, 华为 Huawei, 华为手机, Huawei手机, 苍穹灰, 月光银', '', '1457714965', '1', '0', '0', '1');
INSERT INTO `trade_goods` VALUES ('3', '1', '3', '小米4 MI4 2GB内存版 移动 联通 电信 4G手机', '0010033521', '1299.00', '1299.00', '356e2fa344ec51.jpg', '新鲜1299！不锈钢金属边框、 5英寸屏窄边，工艺和手感超乎想象！', '<div align=\"center\"><p><img src=\"http://demo.verydows.com/upload/goods/editor/56e2fad802f73JXclAK3DV07838.jpg\"/></p><p><img src=\"http://demo.verydows.com/upload/goods/editor/56e2fae1ea2e2F6Y1lpxjE250520.jpg\"/></p><p><img src=\"http://demo.verydows.com/upload/goods/editor/56e2fae836e9fugT70NKaUe75951.jpg\"/></p></div>', '0.00', '9999', '', '', '1457716238', '0', '1', '0', '1');
INSERT INTO `trade_goods` VALUES ('4', '7', '1', 'Apple MacBook Air MJVE2CH/A 13.3英寸宽屏笔记本电脑', '0070014005', '6666.00', '0.00', '456e3dfe6d22c1.jpg', '', '<div align=\"center\"><p><img src=\"http://demo.verydows.com/upload/goods/editor/56e3df31c8fb7iRwAu3PbmC99819.jpg\" _src=\"http://demo.verydows.com/upload/goods/editor/56e3df31c8fb7iRwAu3PbmC99819.jpg\"/></p><p><img src=\"http://demo.verydows.com/upload/goods/editor/56e3df4023401NJv1Rc3LfM73993.jpg\" _src=\"http://demo.verydows.com/upload/goods/editor/56e3df4023401NJv1Rc3LfM73993.jpg\"/></p></div>', '0.00', '9999', 'MacBook, Apple 笔记本, 苹果笔记本, 苹果电脑, 笔记本电脑, MacBook Air MJVG2CH/A, 13.3英寸笔记本', '', '1457777278', '0', '1', '0', '1');
INSERT INTO `trade_goods` VALUES ('5', '7', '6', '戴尔（DELL）Ins14MR-7508R 14.0英寸笔记本电脑 （i5-6200U 4G 500G Win10）', '0070065228', '4399.00', '4599.99', '556e3f1ea40b41.jpg', '', '<div align=\"center\"><p><img src=\"http://demo.verydows.com/upload/goods/editor/56e3f3d10866cKyN8ADTlm775049.jpg\"/></p><p><img src=\"http://demo.verydows.com/upload/goods/editor/56e3f3d857b8fjc8pRygfUY79695.jpg\"/></p></div>', '0.00', '9999', 'Ins14MR-7508R, DELL, 戴尔, Dell 笔记本电脑, 戴尔笔记本, Ins14MR, Dell Ins14MR', '', '1457779699', '0', '0', '0', '1');
INSERT INTO `trade_goods` VALUES ('6', '7', '7', '宏碁（acer）V3-372-P47B 13.3英寸轻薄笔记本电脑', '0070076922', '2999.00', '3199.00', '656e3f5f12fd03.jpg', '奔腾4405U 4G 128G SSD 核芯显卡 蓝牙 win10', '<div align=\"center\"><p><img src=\"http://demo.verydows.com/upload/goods/editor/56e3f5d64aca8H4Ums25rXt87027.jpg\"/></p></div>', '0.00', '9999', '', '', '1457780209', '0', '0', '1', '1');
INSERT INTO `trade_goods` VALUES ('7', '7', '9', '三星(SAMSUNG)900X5L-K01 15.0英寸超薄笔记本电脑', '0070097259', '8999.00', '0.00', '756e3f9459edf9.jpg', 'i7-6500U 8G 256G固态硬盘 FHD PLS屏 超窄边框 Win10', '', '0.00', '9999', '三星 SAMSUNG, 900X5L-K01, 900X5L-K01, SAMSUNG 900X5L-K01, 三星 900X5L-K01, 笔记本电脑, 三星笔记本, SAMSUNG 笔记本', '', '1457781061', '0', '0', '0', '1');
INSERT INTO `trade_goods` VALUES ('8', '8', '1', 'Apple iPad Air 2 MH0W2CH/A 9.7英寸平板电脑', '0080018206', '3288.00', '0.00', '856e3fba434963.jpg', '年货必备，送礼首选，太子妃升职记尽收眼底', '<div align=\"center\"><p><img src=\"http://demo.verydows.com/upload/goods/editor/56e4008736b14kWtqo0HygS54399.jpg\"/></p><p><img src=\"http://demo.verydows.com/upload/goods/editor/56e4008e6fc68FW01pSODne25515.jpg\"/></p><p><img src=\"http://demo.verydows.com/upload/goods/editor/56e40093ecb183MHgfX2PFV79431.jpg\"/></p></div>', '0.00', '9999', 'Apple iPad Air 2, MH0W2CH/A, Apple MH0W2CH/A, 苹果平板, 苹果iPad, 苹果iPad Air', '', '1457782972', '0', '1', '0', '1');
INSERT INTO `trade_goods` VALUES ('9', '8', '10', '诺基亚（Nokia）N1 7.9英寸平板电脑', '0000009639', '1099.00', '0.00', '956e4029db165b.jpg', 'Z3580处理器 安卓5.0系统 2048x1536分辨率 2/32G内存', '<div align=\"center\"><p><img src=\"http://demo.verydows.com/upload/goods/editor/56e404e0a51a58MblFa9Jn152056.jpg\"/></p><p><img src=\"http://demo.verydows.com/upload/goods/editor/56e404e6555ca5o90xsbOah31334.jpg\"/></p><p><img src=\"http://demo.verydows.com/upload/goods/editor/56e404eb65c8bZyJVI760NU84987.jpg\"/></p><p><img src=\"http://demo.verydows.com/upload/goods/editor/56e404f152c6f6iFm8oWvgq47192.jpg\"/></p><p><img src=\"http://demo.verydows.com/upload/goods/editor/56e404f5ec67ffxakSiFUmN92775.jpg\"/></p></div>', '0.00', '9999', '诺基亚 N1, NOKIA N1, 平板电脑, 诺基亚平板电脑, NOKIA平板电脑, N1 平板电脑', '', '1457784146', '1', '0', '1', '1');
INSERT INTO `trade_goods` VALUES ('10', '9', '11', '飞利浦 PHILIPS 49PFL3445/T3 49英寸 全高清LED液晶电视', '00901110039', '2399.00', '2699.00', '1056e5188b5e84e.jpg', 'HDMI接口X3！阅影闻声，明智之选！保修两年，详情请关注PhilipsTV官方微信！', '<div align=\"center\"><p><img src=\"http://demo.verydows.com/upload/goods/editor/56e5197255a8dKT69YEHpMO28069.jpg\"/></p><p><img src=\"http://demo.verydows.com/upload/goods/editor/56e5196a0b5e2wgTuQ6I5Bd43172.jpg\"/></p></div>', '0.00', '9999', '', '', '1457855939', '0', '1', '1', '1');
INSERT INTO `trade_goods` VALUES ('11', '9', '11', '飞利浦 PHILIPS 48PFL5445/T3 48英寸 全高清LED智能电视', '00901111459', '2999.00', '0.00', '1156e51cf0075f8.jpg', '智能电视 超薄窄边+玻璃底座 简洁流线外观设计 好评看得见！', '', '0.00', '9999', '', '', '1457855932', '0', '0', '0', '1');
INSERT INTO `trade_goods` VALUES ('12', '9', '12', '索尼 SONY U90 55英寸4K超高清 安卓5.0智能系统液晶电视', '00901212289', '8999.00', '0.00', '1256e51f1dd0df2.jpg', '4K钜献，U90震撼上市！', '<div align=\"center\"><p><img src=\"http://demo.verydows.com/upload/goods/editor/56e5203fa7fbeiAu3Jpt1BI19575.jpg\"/></p><p><img src=\"http://demo.verydows.com/upload/goods/editor/56e52045e8048Gui7A89S4Y21703.jpg\"/></p></div>', '0.00', '9999', '索尼电视, 索尼智能电视, 智能电视, 液晶电视', '', '1457856602', '1', '0', '0', '1');
INSERT INTO `trade_goods` VALUES ('13', '1', '15', 'vivo Xplay5 全网通4G手机 4GB+128GB 双卡双待 香槟金', '00101513635', '3698.00', '0.00', '1356e6c40a0d492.jpg', '双曲面屏 震撼上市', '<div align=\"center\"><p><img src=\"http://demo.verydows.com/upload/goods/editor/56e6c6405bf3bw2T3JtxeM558784.jpg\"/></p><p><img src=\"http://demo.verydows.com/upload/goods/editor/56e6c64a81c98BuJ9V5C0D426836.jpg\"/></p></div>', '0.00', '9999', 'vivo手机, Xplay5', '', '1457964653', '1', '0', '0', '1');
INSERT INTO `trade_goods` VALUES ('14', '14', '16', '美的 Midea KFR-51LW/WYAA2 2匹 除PM2.5超静音变频柜机 物联网版', '01401614386', '6699.00', '6755.99', '1456e6ccd6bdbd6.jpg', '手机APP操控，智享生活！出风效果好，覆盖广，低音运行！', '', '0.00', '9999', '', '', '1457966294', '0', '0', '1', '1');
INSERT INTO `trade_goods` VALUES ('15', '14', '17', '奥克斯 AUX KFR-25GW/FK01+3 1匹 挂壁式家用冷暖空调', '01401715715', '1499.00', '0.00', '1556e6cf29b6bb6.jpg', '奥克斯正1匹冷暖空调！高性价比，荣耀加冕！纯铜链接管，舒爽快人一步！', '', '0.00', '9999', '', '', '1457966889', '0', '0', '0', '1');
INSERT INTO `trade_goods` VALUES ('16', '1', '1', 'Apple iPhone 6s Plus', '00100116500', '5588.00', '0.00', '1656e6d17164926.jpg', '小改变，大不同，3D Touch触屏新时代，6s带你感受前沿科技', '', '0.00', '9999', '', '', '1457968016', '0', '1', '0', '1');
INSERT INTO `trade_goods` VALUES ('17', '8', '18', '微软 Microsoft Surface Pro 3 平板电脑', '00801817082', '4599.00', '4699.00', '1756e6d909b8a0c.jpg', 'i3处理器 128G存储 4G内存', '', '0.00', '9999', '', '', '1457969784', '0', '0', '1', '1');

-- ----------------------------
-- Table structure for `trade_goods_album`
-- ----------------------------
DROP TABLE IF EXISTS `trade_goods_album`;
CREATE TABLE `trade_goods_album` (
  `id` mediumint(8) unsigned NOT NULL AUTO_INCREMENT,
  `goods_id` mediumint(8) unsigned NOT NULL,
  `image` varchar(60) NOT NULL DEFAULT '',
  PRIMARY KEY (`id`)
) ENGINE=MyISAM AUTO_INCREMENT=56 DEFAULT CHARSET=utf8;

-- ----------------------------
-- Records of trade_goods_album
-- ----------------------------
INSERT INTO `trade_goods_album` VALUES ('1', '1', '56e2d943368b959ynGbQ7lW80201.jpg');
INSERT INTO `trade_goods_album` VALUES ('2', '1', '56e2d94336995XcJQWpDSwE86673.jpg');
INSERT INTO `trade_goods_album` VALUES ('3', '2', '56e2f30e72928BSOzT93IkP9639.jpg');
INSERT INTO `trade_goods_album` VALUES ('4', '2', '56e2f30e729e9TJ9pqaSYQZ87527.jpg');
INSERT INTO `trade_goods_album` VALUES ('5', '2', '56e2f30e72a98gP0RSdCui37720.jpg');
INSERT INTO `trade_goods_album` VALUES ('6', '2', '56e2f30e72b41PyGKWtfZ0311691.jpg');
INSERT INTO `trade_goods_album` VALUES ('7', '2', '56e2f5332bff4rao5t7snf261816.jpg');
INSERT INTO `trade_goods_album` VALUES ('8', '2', '56e2f5332c0d0YT4xyB0kAd82509.jpg');
INSERT INTO `trade_goods_album` VALUES ('9', '3', '56e2fa344f02cY1uRU7wkr339310.jpg');
INSERT INTO `trade_goods_album` VALUES ('10', '3', '56e2fa344f0eamoiRIGQUST26183.jpg');
INSERT INTO `trade_goods_album` VALUES ('11', '3', '56e2fa344f195JtQsiem0Hy2366.jpg');
INSERT INTO `trade_goods_album` VALUES ('12', '3', '56e2fa344f23ctCfyjL1WAZ46687.jpg');
INSERT INTO `trade_goods_album` VALUES ('13', '3', '56e2fa344f2e0XPhivetwqd36656.jpg');
INSERT INTO `trade_goods_album` VALUES ('14', '3', '56e2fa344f384iqwXgUJ4OM64483.jpg');
INSERT INTO `trade_goods_album` VALUES ('15', '4', '56e3dfe6d279cuDlyS83YL155115.jpg');
INSERT INTO `trade_goods_album` VALUES ('16', '4', '56e3dfe6d288aDoQdTKf6nJ56044.jpg');
INSERT INTO `trade_goods_album` VALUES ('17', '5', '56e3f1ea40f58mkRSp4lMJA2728.jpg');
INSERT INTO `trade_goods_album` VALUES ('18', '5', '56e3f1ea4101alQtjuWg7G16579.jpg');
INSERT INTO `trade_goods_album` VALUES ('19', '5', '56e3f1ea410c87IodqvTUXH31299.jpg');
INSERT INTO `trade_goods_album` VALUES ('20', '5', '56e3f1ea41174sdoGeHNpL541450.jpg');
INSERT INTO `trade_goods_album` VALUES ('21', '6', '56e3f5f13024fewM0GFa5Vt49870.jpg');
INSERT INTO `trade_goods_album` VALUES ('22', '6', '56e3f5f13032bKUPf8uecMz91660.jpg');
INSERT INTO `trade_goods_album` VALUES ('23', '6', '56e3f5f1303d9oYudLMSe7y99233.jpg');
INSERT INTO `trade_goods_album` VALUES ('24', '6', '56e3f5f130486e4w0WSoUmZ13763.jpg');
INSERT INTO `trade_goods_album` VALUES ('25', '7', '56e3f9459f26416pkIfzRxL94522.jpg');
INSERT INTO `trade_goods_album` VALUES ('26', '7', '56e3f9459f329V1m5ivX80J61533.jpg');
INSERT INTO `trade_goods_album` VALUES ('27', '7', '56e3f9459f3d75RjAoGYxNI60323.jpg');
INSERT INTO `trade_goods_album` VALUES ('28', '8', '56e3fba434df3FvpI1ea2z011388.jpg');
INSERT INTO `trade_goods_album` VALUES ('29', '8', '56e3fba434ebdgGnoHcM62f69789.jpg');
INSERT INTO `trade_goods_album` VALUES ('30', '8', '56e3fba434f6bOk0oljHqRg88606.jpg');
INSERT INTO `trade_goods_album` VALUES ('31', '9', '56e4029db1a5aVK73Qd4kRY44539.jpg');
INSERT INTO `trade_goods_album` VALUES ('32', '9', '56e4029db1b2dYKsE8d9bl265913.jpg');
INSERT INTO `trade_goods_album` VALUES ('33', '9', '56e4029db1bdc2SgAQe8DhX13870.jpg');
INSERT INTO `trade_goods_album` VALUES ('34', '9', '56e4029db1c85GtqHLd9bfO22887.jpg');
INSERT INTO `trade_goods_album` VALUES ('35', '9', '56e4029db1d36cjQ02S4wRx84896.jpg');
INSERT INTO `trade_goods_album` VALUES ('36', '10', '56e5188b5ed92nkGi16usrt831.jpg');
INSERT INTO `trade_goods_album` VALUES ('37', '10', '56e5188b5ee5cX8rRQBv4Gh26528.jpg');
INSERT INTO `trade_goods_album` VALUES ('38', '10', '56e5188b5ef0asHY8fUuQv198815.jpg');
INSERT INTO `trade_goods_album` VALUES ('39', '11', '56e51cf0079a7JE9oKl0Njz63104.jpg');
INSERT INTO `trade_goods_album` VALUES ('40', '11', '56e51cf007a6aBOfzmsalQE58255.jpg');
INSERT INTO `trade_goods_album` VALUES ('41', '12', '56e51f1dd11f741p2ygvBAq21097.jpg');
INSERT INTO `trade_goods_album` VALUES ('42', '12', '56e51f1dd12bf5cX4uhmtb368719.jpg');
INSERT INTO `trade_goods_album` VALUES ('43', '13', '56e6c40a0d901YOUSGBw2NA2184.jpg');
INSERT INTO `trade_goods_album` VALUES ('44', '13', '56e6c40a0d9c8UVbCSzOqNW97722.jpg');
INSERT INTO `trade_goods_album` VALUES ('45', '13', '56e6c40a0da8byXYOEBjsqz53057.jpg');
INSERT INTO `trade_goods_album` VALUES ('46', '14', '56e6ccd6bdfeeayuY1i63oD43514.jpg');
INSERT INTO `trade_goods_album` VALUES ('47', '14', '56e6ccd6be0b0hc3qve6I0Z69833.jpg');
INSERT INTO `trade_goods_album` VALUES ('48', '14', '56e6ccd6be15cY3SmyQldF512516.jpg');
INSERT INTO `trade_goods_album` VALUES ('49', '15', '56e6cf29b71afKUwdtDvquI21134.jpg');
INSERT INTO `trade_goods_album` VALUES ('50', '15', '56e6cf29b729907TybLOFhI8230.jpg');
INSERT INTO `trade_goods_album` VALUES ('51', '16', '56e6d17164e20BpxUwMG6eC69216.jpg');
INSERT INTO `trade_goods_album` VALUES ('52', '16', '56e6d17164ee4EAzyl70sHQ5322.jpg');
INSERT INTO `trade_goods_album` VALUES ('53', '16', '56e6d17164f91PGQJUuEyrV97248.jpg');
INSERT INTO `trade_goods_album` VALUES ('54', '17', '56e6d909b8f00X5n7MsSVcP12157.jpg');
INSERT INTO `trade_goods_album` VALUES ('55', '17', '56e6d909b8fcc1kSndBiq8G49254.jpg');

-- ----------------------------
-- Table structure for `trade_goods_attr`
-- ----------------------------
DROP TABLE IF EXISTS `trade_goods_attr`;
CREATE TABLE `trade_goods_attr` (
  `goods_id` mediumint(8) unsigned NOT NULL,
  `attr_id` mediumint(8) NOT NULL,
  `value` varchar(160) NOT NULL DEFAULT ''
) ENGINE=MyISAM DEFAULT CHARSET=utf8;

-- ----------------------------
-- Records of trade_goods_attr
-- ----------------------------
INSERT INTO `trade_goods_attr` VALUES ('1', '19', '143');
INSERT INTO `trade_goods_attr` VALUES ('1', '18', '小卡(nano-SIM)');
INSERT INTO `trade_goods_attr` VALUES ('1', '17', '3.5MM');
INSERT INTO `trade_goods_attr` VALUES ('1', '16', 'True Tone 闪光灯');
INSERT INTO `trade_goods_attr` VALUES ('1', '15', '500万');
INSERT INTO `trade_goods_attr` VALUES ('1', '13', '不支持');
INSERT INTO `trade_goods_attr` VALUES ('1', '14', '1200万');
INSERT INTO `trade_goods_attr` VALUES ('1', '9', '64 位架构的 A9 芯片');
INSERT INTO `trade_goods_attr` VALUES ('1', '10', '16G / 64G / 128G');
INSERT INTO `trade_goods_attr` VALUES ('1', '11', '2G');
INSERT INTO `trade_goods_attr` VALUES ('1', '12', '不支持');
INSERT INTO `trade_goods_attr` VALUES ('1', '8', '四核');
INSERT INTO `trade_goods_attr` VALUES ('1', '7', '移动3G(TD-SCDMA),电信3G(CDMA2000),联通3G(WCDMA),联通2G/移动2G(GSM),电信2G(CDMA),电信4G(FDD-LTE),联通4G(FDD-LTE),移动4G(TD-LTE)');
INSERT INTO `trade_goods_attr` VALUES ('1', '6', '1334*750');
INSERT INTO `trade_goods_attr` VALUES ('1', '5', '4.5-5.0英寸');
INSERT INTO `trade_goods_attr` VALUES ('1', '4', '2015年');
INSERT INTO `trade_goods_attr` VALUES ('1', '3', '单卡单待');
INSERT INTO `trade_goods_attr` VALUES ('1', '2', 'IOS');
INSERT INTO `trade_goods_attr` VALUES ('1', '1', 'iPhone 6s A1700');
INSERT INTO `trade_goods_attr` VALUES ('1', '20', '138.3*67.1*7.1mm');
INSERT INTO `trade_goods_attr` VALUES ('1', '21', '1810');
INSERT INTO `trade_goods_attr` VALUES ('1', '22', '4.7');
INSERT INTO `trade_goods_attr` VALUES ('2', '17', '3.5MM');
INSERT INTO `trade_goods_attr` VALUES ('2', '16', '支持');
INSERT INTO `trade_goods_attr` VALUES ('2', '15', '800万');
INSERT INTO `trade_goods_attr` VALUES ('2', '14', '1600万');
INSERT INTO `trade_goods_attr` VALUES ('2', '13', 'TF(microSD)卡');
INSERT INTO `trade_goods_attr` VALUES ('2', '11', '3G');
INSERT INTO `trade_goods_attr` VALUES ('2', '12', '128G');
INSERT INTO `trade_goods_attr` VALUES ('2', '10', '32G');
INSERT INTO `trade_goods_attr` VALUES ('2', '9', '麒麟950');
INSERT INTO `trade_goods_attr` VALUES ('2', '8', '双四核');
INSERT INTO `trade_goods_attr` VALUES ('2', '7', '移动3G(TD-SCDMA),联通2G/移动2G(GSM),移动4G(TD-LTE)');
INSERT INTO `trade_goods_attr` VALUES ('2', '6', '1920*1080');
INSERT INTO `trade_goods_attr` VALUES ('2', '5', '5.5英寸以上');
INSERT INTO `trade_goods_attr` VALUES ('2', '4', '2015年');
INSERT INTO `trade_goods_attr` VALUES ('2', '3', '双卡双待');
INSERT INTO `trade_goods_attr` VALUES ('2', '2', 'Android');
INSERT INTO `trade_goods_attr` VALUES ('2', '1', 'Mate8');
INSERT INTO `trade_goods_attr` VALUES ('2', '18', 'Nano SIM卡＋Nano SIM卡');
INSERT INTO `trade_goods_attr` VALUES ('2', '19', '185');
INSERT INTO `trade_goods_attr` VALUES ('2', '20', '157.1×80.6×7.9 mm');
INSERT INTO `trade_goods_attr` VALUES ('2', '21', '4000');
INSERT INTO `trade_goods_attr` VALUES ('2', '22', '6.0');
INSERT INTO `trade_goods_attr` VALUES ('3', '1', 'MI4');
INSERT INTO `trade_goods_attr` VALUES ('3', '2', 'Android');
INSERT INTO `trade_goods_attr` VALUES ('3', '3', '双卡多模');
INSERT INTO `trade_goods_attr` VALUES ('3', '4', '2014年');
INSERT INTO `trade_goods_attr` VALUES ('3', '5', '5.0-5.5英寸');
INSERT INTO `trade_goods_attr` VALUES ('3', '6', '1920x1080');
INSERT INTO `trade_goods_attr` VALUES ('3', '7', '联通3G 电信3G 电信4G 联通4G 移动4G');
INSERT INTO `trade_goods_attr` VALUES ('3', '8', '四核');
INSERT INTO `trade_goods_attr` VALUES ('3', '9', 'TM8674AC');
INSERT INTO `trade_goods_attr` VALUES ('3', '10', '16G');
INSERT INTO `trade_goods_attr` VALUES ('3', '11', '2G');
INSERT INTO `trade_goods_attr` VALUES ('3', '12', '不支持');
INSERT INTO `trade_goods_attr` VALUES ('3', '13', '不支持扩展卡');
INSERT INTO `trade_goods_attr` VALUES ('3', '14', '1300万');
INSERT INTO `trade_goods_attr` VALUES ('3', '15', '800万');
INSERT INTO `trade_goods_attr` VALUES ('3', '16', 'LED补光灯');
INSERT INTO `trade_goods_attr` VALUES ('3', '17', '3.5MM');
INSERT INTO `trade_goods_attr` VALUES ('3', '18', '小卡(Micro-SIM)');
INSERT INTO `trade_goods_attr` VALUES ('3', '19', '150');
INSERT INTO `trade_goods_attr` VALUES ('3', '20', '139.2×68.5×8.9 mm');
INSERT INTO `trade_goods_attr` VALUES ('3', '21', '3080');
INSERT INTO `trade_goods_attr` VALUES ('3', '22', '5.0英寸');
INSERT INTO `trade_goods_attr` VALUES ('4', '32', 'Intel HD Graphics 6000');
INSERT INTO `trade_goods_attr` VALUES ('4', '31', '共享系统内存');
INSERT INTO `trade_goods_attr` VALUES ('4', '30', '8GB');
INSERT INTO `trade_goods_attr` VALUES ('4', '29', 'DDR3-1600');
INSERT INTO `trade_goods_attr` VALUES ('4', '28', 'Intel Core i5-5250U(1.6GHz/L3 3M)');
INSERT INTO `trade_goods_attr` VALUES ('4', '27', '4');
INSERT INTO `trade_goods_attr` VALUES ('4', '26', '集成显卡');
INSERT INTO `trade_goods_attr` VALUES ('4', '25', 'Intel Core i5');
INSERT INTO `trade_goods_attr` VALUES ('4', '24', '商务办公');
INSERT INTO `trade_goods_attr` VALUES ('4', '23', '13');
INSERT INTO `trade_goods_attr` VALUES ('4', '33', '摄像头, 蓝牙功能, 背光键盘');
INSERT INTO `trade_goods_attr` VALUES ('4', '34', 'USB 3.0');
INSERT INTO `trade_goods_attr` VALUES ('4', '35', '约1.35');
INSERT INTO `trade_goods_attr` VALUES ('4', '36', '2015');
INSERT INTO `trade_goods_attr` VALUES ('4', '37', '17');
INSERT INTO `trade_goods_attr` VALUES ('4', '38', '蓝牙4.0');
INSERT INTO `trade_goods_attr` VALUES ('5', '33', '摄像头, 蓝牙功能, HDMI接口');
INSERT INTO `trade_goods_attr` VALUES ('5', '32', 'Intel GMA HD 520');
INSERT INTO `trade_goods_attr` VALUES ('5', '31', '共享内存容量');
INSERT INTO `trade_goods_attr` VALUES ('5', '30', '其他');
INSERT INTO `trade_goods_attr` VALUES ('5', '29', 'DDR3L (低电压版)');
INSERT INTO `trade_goods_attr` VALUES ('5', '28', 'Intel Core i5-6200U');
INSERT INTO `trade_goods_attr` VALUES ('5', '27', '4');
INSERT INTO `trade_goods_attr` VALUES ('5', '26', '独立显卡');
INSERT INTO `trade_goods_attr` VALUES ('5', '25', 'Intel Core i5');
INSERT INTO `trade_goods_attr` VALUES ('5', '24', '游戏达人');
INSERT INTO `trade_goods_attr` VALUES ('5', '23', '14');
INSERT INTO `trade_goods_attr` VALUES ('5', '34', 'USB 2.0/3.0, RJ45, 音频输出');
INSERT INTO `trade_goods_attr` VALUES ('5', '35', '1.93');
INSERT INTO `trade_goods_attr` VALUES ('5', '36', '2015年');
INSERT INTO `trade_goods_attr` VALUES ('5', '37', '21.6');
INSERT INTO `trade_goods_attr` VALUES ('5', '38', '蓝牙4.0');
INSERT INTO `trade_goods_attr` VALUES ('6', '23', '13');
INSERT INTO `trade_goods_attr` VALUES ('6', '24', '校园学生');
INSERT INTO `trade_goods_attr` VALUES ('6', '25', 'Intel 其他');
INSERT INTO `trade_goods_attr` VALUES ('6', '26', '集成显卡');
INSERT INTO `trade_goods_attr` VALUES ('6', '27', '4');
INSERT INTO `trade_goods_attr` VALUES ('6', '28', 'Intel 奔腾双核 4405U');
INSERT INTO `trade_goods_attr` VALUES ('6', '29', 'DDR3（低电压版）');
INSERT INTO `trade_goods_attr` VALUES ('6', '30', '4GB');
INSERT INTO `trade_goods_attr` VALUES ('6', '31', '4GB');
INSERT INTO `trade_goods_attr` VALUES ('6', '32', 'Intel GMA HD 510');
INSERT INTO `trade_goods_attr` VALUES ('6', '33', '共享内存');
INSERT INTO `trade_goods_attr` VALUES ('6', '34', 'USB 2.0/3.0, RJ45, HDMI, 音频输出');
INSERT INTO `trade_goods_attr` VALUES ('6', '35', '1.5');
INSERT INTO `trade_goods_attr` VALUES ('6', '36', '2015年');
INSERT INTO `trade_goods_attr` VALUES ('6', '37', '19.65');
INSERT INTO `trade_goods_attr` VALUES ('6', '38', '蓝牙模块');
INSERT INTO `trade_goods_attr` VALUES ('7', '23', '15');
INSERT INTO `trade_goods_attr` VALUES ('7', '24', '家庭娱乐');
INSERT INTO `trade_goods_attr` VALUES ('7', '25', 'Intel Core i7');
INSERT INTO `trade_goods_attr` VALUES ('7', '26', '独立显卡');
INSERT INTO `trade_goods_attr` VALUES ('7', '27', '8');
INSERT INTO `trade_goods_attr` VALUES ('7', '28', 'Intel 酷睿i7 6500U');
INSERT INTO `trade_goods_attr` VALUES ('7', '29', 'LPDDR3');
INSERT INTO `trade_goods_attr` VALUES ('7', '30', '8GB');
INSERT INTO `trade_goods_attr` VALUES ('7', '31', '共享内存容量');
INSERT INTO `trade_goods_attr` VALUES ('7', '32', 'Intel GMA HD 520');
INSERT INTO `trade_goods_attr` VALUES ('7', '33', '摄像头, 蓝牙功能, 读卡器, 扬声器');
INSERT INTO `trade_goods_attr` VALUES ('7', '34', '音频输出, USB 3.0');
INSERT INTO `trade_goods_attr` VALUES ('7', '35', '1.29');
INSERT INTO `trade_goods_attr` VALUES ('7', '36', '2016年02月');
INSERT INTO `trade_goods_attr` VALUES ('7', '37', '14.5');
INSERT INTO `trade_goods_attr` VALUES ('7', '38', '蓝牙4.1');
INSERT INTO `trade_goods_attr` VALUES ('8', '48', 'GPS导航, 重力感应, 距离感应, 光线感应, 三轴陀螺仪, 支持蓝牙');
INSERT INTO `trade_goods_attr` VALUES ('8', '47', 'WiFi');
INSERT INTO `trade_goods_attr` VALUES ('8', '45', '2048 x 1536');
INSERT INTO `trade_goods_attr` VALUES ('8', '46', '苹果iOS');
INSERT INTO `trade_goods_attr` VALUES ('8', '42', '2');
INSERT INTO `trade_goods_attr` VALUES ('8', '43', '2014年');
INSERT INTO `trade_goods_attr` VALUES ('8', '44', 'IPS');
INSERT INTO `trade_goods_attr` VALUES ('8', '41', '双核');
INSERT INTO `trade_goods_attr` VALUES ('8', '40', '16');
INSERT INTO `trade_goods_attr` VALUES ('8', '39', '8.1-10');
INSERT INTO `trade_goods_attr` VALUES ('8', '49', '双摄像头, iSight 摄像头：800 万像素自动对焦； FaceTime 摄像头：120 万像素照片;');
INSERT INTO `trade_goods_attr` VALUES ('8', '50', '437');
INSERT INTO `trade_goods_attr` VALUES ('8', '51', '240 x 169.5 x 6.1');
INSERT INTO `trade_goods_attr` VALUES ('8', '52', '金色 / 灰色 / 银色');
INSERT INTO `trade_goods_attr` VALUES ('8', '53', '27.3 Whr');
INSERT INTO `trade_goods_attr` VALUES ('9', '39', '7-8');
INSERT INTO `trade_goods_attr` VALUES ('9', '40', '32');
INSERT INTO `trade_goods_attr` VALUES ('9', '41', '双核');
INSERT INTO `trade_goods_attr` VALUES ('9', '42', '2');
INSERT INTO `trade_goods_attr` VALUES ('9', '43', '2015年01月');
INSERT INTO `trade_goods_attr` VALUES ('9', '44', 'IPS');
INSERT INTO `trade_goods_attr` VALUES ('9', '45', '2048 x 1536');
INSERT INTO `trade_goods_attr` VALUES ('9', '46', 'Android 5.0');
INSERT INTO `trade_goods_attr` VALUES ('9', '47', 'WiFi');
INSERT INTO `trade_goods_attr` VALUES ('9', '48', '6轴加速器，三轴陀螺仪，电子罗盘');
INSERT INTO `trade_goods_attr` VALUES ('9', '49', '双摄像头');
INSERT INTO `trade_goods_attr` VALUES ('9', '50', '318');
INSERT INTO `trade_goods_attr` VALUES ('9', '51', '200.7×138.6×6.9');
INSERT INTO `trade_goods_attr` VALUES ('9', '52', '天然铝灰色 / 火山灰色');
INSERT INTO `trade_goods_attr` VALUES ('9', '53', '5300 mAh');
INSERT INTO `trade_goods_attr` VALUES ('10', '64', '3个');
INSERT INTO `trade_goods_attr` VALUES ('10', '63', 'MP3');
INSERT INTO `trade_goods_attr` VALUES ('10', '62', '无');
INSERT INTO `trade_goods_attr` VALUES ('10', '61', 'LED背光');
INSERT INTO `trade_goods_attr` VALUES ('10', '60', '1080p(全高清)');
INSERT INTO `trade_goods_attr` VALUES ('10', '57', '46-50英寸');
INSERT INTO `trade_goods_attr` VALUES ('10', '59', '宽屏16:9');
INSERT INTO `trade_goods_attr` VALUES ('10', '58', '1920*1080');
INSERT INTO `trade_goods_attr` VALUES ('10', '56', '不支持');
INSERT INTO `trade_goods_attr` VALUES ('10', '55', '非智能电视');
INSERT INTO `trade_goods_attr` VALUES ('10', '54', '49PFL3445/T3');
INSERT INTO `trade_goods_attr` VALUES ('11', '63', 'USB视频播放,USB图片播放,USB音频播放');
INSERT INTO `trade_goods_attr` VALUES ('11', '62', 'Android');
INSERT INTO `trade_goods_attr` VALUES ('11', '61', 'LED背光');
INSERT INTO `trade_goods_attr` VALUES ('11', '60', '1080p(全高清)');
INSERT INTO `trade_goods_attr` VALUES ('11', '57', '46-50英寸');
INSERT INTO `trade_goods_attr` VALUES ('11', '59', '宽屏16:9');
INSERT INTO `trade_goods_attr` VALUES ('11', '58', '1920*1080');
INSERT INTO `trade_goods_attr` VALUES ('11', '56', '不支持');
INSERT INTO `trade_goods_attr` VALUES ('11', '55', '智能电视');
INSERT INTO `trade_goods_attr` VALUES ('11', '54', '48PFL5445/T3');
INSERT INTO `trade_goods_attr` VALUES ('10', '65', '2个');
INSERT INTO `trade_goods_attr` VALUES ('10', '66', '内置底座');
INSERT INTO `trade_goods_attr` VALUES ('10', '67', '外置挂架');
INSERT INTO `trade_goods_attr` VALUES ('10', '68', '不支持');
INSERT INTO `trade_goods_attr` VALUES ('11', '64', '2个');
INSERT INTO `trade_goods_attr` VALUES ('11', '65', '2个');
INSERT INTO `trade_goods_attr` VALUES ('11', '66', '内置底座');
INSERT INTO `trade_goods_attr` VALUES ('11', '67', '外置挂架');
INSERT INTO `trade_goods_attr` VALUES ('11', '68', '无线Wifi');
INSERT INTO `trade_goods_attr` VALUES ('12', '57', '50-60英寸');
INSERT INTO `trade_goods_attr` VALUES ('12', '59', '宽屏16:9');
INSERT INTO `trade_goods_attr` VALUES ('12', '58', '3840*2160');
INSERT INTO `trade_goods_attr` VALUES ('12', '56', '不支持');
INSERT INTO `trade_goods_attr` VALUES ('12', '55', '4K超高清电视');
INSERT INTO `trade_goods_attr` VALUES ('12', '54', 'X8566D');
INSERT INTO `trade_goods_attr` VALUES ('12', '60', '2160p');
INSERT INTO `trade_goods_attr` VALUES ('12', '62', 'Android');
INSERT INTO `trade_goods_attr` VALUES ('12', '64', '4个');
INSERT INTO `trade_goods_attr` VALUES ('13', '1', 'Xplay5');
INSERT INTO `trade_goods_attr` VALUES ('13', '2', 'Android');
INSERT INTO `trade_goods_attr` VALUES ('13', '3', '双卡多模');
INSERT INTO `trade_goods_attr` VALUES ('13', '4', '2016年');
INSERT INTO `trade_goods_attr` VALUES ('13', '5', '5.0-5.5英寸');
INSERT INTO `trade_goods_attr` VALUES ('13', '6', '2560×1440');
INSERT INTO `trade_goods_attr` VALUES ('13', '7', '移动4G、联通4G、电信4G');
INSERT INTO `trade_goods_attr` VALUES ('13', '8', '八核');
INSERT INTO `trade_goods_attr` VALUES ('13', '9', 'Qualcomm 骁龙 八核 1.8GHz');
INSERT INTO `trade_goods_attr` VALUES ('13', '10', '128GB');
INSERT INTO `trade_goods_attr` VALUES ('13', '11', '4G');
INSERT INTO `trade_goods_attr` VALUES ('13', '12', '不支持');
INSERT INTO `trade_goods_attr` VALUES ('13', '13', '不支持');
INSERT INTO `trade_goods_attr` VALUES ('13', '14', '1600万像素');
INSERT INTO `trade_goods_attr` VALUES ('13', '15', '800万像素');
INSERT INTO `trade_goods_attr` VALUES ('13', '16', '支持');
INSERT INTO `trade_goods_attr` VALUES ('13', '17', '3.5mm');
INSERT INTO `trade_goods_attr` VALUES ('13', '18', 'Nano SIM卡');
INSERT INTO `trade_goods_attr` VALUES ('13', '19', '168');
INSERT INTO `trade_goods_attr` VALUES ('13', '20', '153.5 x 76.2 x 7.59');
INSERT INTO `trade_goods_attr` VALUES ('13', '21', '3600');
INSERT INTO `trade_goods_attr` VALUES ('13', '22', '5.43');
INSERT INTO `trade_goods_attr` VALUES ('14', '69', '2');
INSERT INTO `trade_goods_attr` VALUES ('14', '70', '立柜式');
INSERT INTO `trade_goods_attr` VALUES ('14', '71', '变频');
INSERT INTO `trade_goods_attr` VALUES ('14', '72', '冷暖电辅');
INSERT INTO `trade_goods_attr` VALUES ('14', '73', '二');
INSERT INTO `trade_goods_attr` VALUES ('15', '69', '1');
INSERT INTO `trade_goods_attr` VALUES ('15', '70', '壁挂式');
INSERT INTO `trade_goods_attr` VALUES ('15', '71', '定频');
INSERT INTO `trade_goods_attr` VALUES ('15', '72', '冷暖电辅');
INSERT INTO `trade_goods_attr` VALUES ('15', '73', '三');
INSERT INTO `trade_goods_attr` VALUES ('16', '1', 'Apple iPhone 6s Plus A1699');
INSERT INTO `trade_goods_attr` VALUES ('16', '2', 'IOS');
INSERT INTO `trade_goods_attr` VALUES ('16', '3', '单卡单待');
INSERT INTO `trade_goods_attr` VALUES ('16', '4', '2015年');
INSERT INTO `trade_goods_attr` VALUES ('16', '5', '5.0-5.5英寸');
INSERT INTO `trade_goods_attr` VALUES ('16', '6', '1920*1080');
INSERT INTO `trade_goods_attr` VALUES ('16', '7', '移动3G, 电信3G, 联通3G, 电信4G, 联通4G ,移动4G');
INSERT INTO `trade_goods_attr` VALUES ('16', '8', '四核');
INSERT INTO `trade_goods_attr` VALUES ('16', '9', '64 位架构 A9 芯片');
INSERT INTO `trade_goods_attr` VALUES ('16', '10', '16G / 64G /128G');
INSERT INTO `trade_goods_attr` VALUES ('16', '11', '2G');
INSERT INTO `trade_goods_attr` VALUES ('16', '12', '不支持');
INSERT INTO `trade_goods_attr` VALUES ('16', '13', '不支持扩展卡');
INSERT INTO `trade_goods_attr` VALUES ('16', '14', '1200万');
INSERT INTO `trade_goods_attr` VALUES ('16', '15', '500万');
INSERT INTO `trade_goods_attr` VALUES ('16', '16', 'True Tone');
INSERT INTO `trade_goods_attr` VALUES ('16', '17', '3.5mm');
INSERT INTO `trade_goods_attr` VALUES ('16', '18', '小卡 nano-SIM');
INSERT INTO `trade_goods_attr` VALUES ('16', '19', '192');
INSERT INTO `trade_goods_attr` VALUES ('16', '20', '158.2 x 77.9 x 7.3 mm');
INSERT INTO `trade_goods_attr` VALUES ('16', '21', '2915');
INSERT INTO `trade_goods_attr` VALUES ('16', '22', '5.5');
INSERT INTO `trade_goods_attr` VALUES ('17', '39', '7-8');
INSERT INTO `trade_goods_attr` VALUES ('17', '40', '128');
INSERT INTO `trade_goods_attr` VALUES ('17', '41', '双核');
INSERT INTO `trade_goods_attr` VALUES ('17', '42', '4');
INSERT INTO `trade_goods_attr` VALUES ('17', '43', '2014年8月');
INSERT INTO `trade_goods_attr` VALUES ('17', '44', 'IPS');
INSERT INTO `trade_goods_attr` VALUES ('17', '45', '2160 x 1440');
INSERT INTO `trade_goods_attr` VALUES ('17', '46', 'Windows 10');
INSERT INTO `trade_goods_attr` VALUES ('17', '47', 'Wifi');
INSERT INTO `trade_goods_attr` VALUES ('17', '48', '无');
INSERT INTO `trade_goods_attr` VALUES ('17', '49', '双摄像头');
INSERT INTO `trade_goods_attr` VALUES ('17', '50', '800');
INSERT INTO `trade_goods_attr` VALUES ('17', '51', '201.42 x 292.10 x 9.14');
INSERT INTO `trade_goods_attr` VALUES ('17', '52', '黑色');
INSERT INTO `trade_goods_attr` VALUES ('17', '53', '10900毫安');

-- ----------------------------
-- Table structure for `trade_goods_cate`
-- ----------------------------
DROP TABLE IF EXISTS `trade_goods_cate`;
CREATE TABLE `trade_goods_cate` (
  `cate_id` smallint(5) unsigned NOT NULL AUTO_INCREMENT,
  `parent_id` smallint(5) unsigned NOT NULL DEFAULT '0',
  `cate_name` varchar(60) NOT NULL DEFAULT '',
  `meta_keywords` varchar(240) NOT NULL DEFAULT '',
  `meta_description` varchar(240) NOT NULL DEFAULT '',
  `seq` tinyint(2) unsigned NOT NULL DEFAULT '99',
  PRIMARY KEY (`cate_id`),
  KEY `parent_id` (`parent_id`)
) ENGINE=MyISAM AUTO_INCREMENT=15 DEFAULT CHARSET=utf8;

-- ----------------------------
-- Records of trade_goods_cate
-- ----------------------------
INSERT INTO `trade_goods_cate` VALUES ('1', '0', '手机', '手机', '手机', '1');
INSERT INTO `trade_goods_cate` VALUES ('2', '0', '电脑', '电脑', '电脑', '2');
INSERT INTO `trade_goods_cate` VALUES ('3', '0', '家电', '家电', '家电', '3');
INSERT INTO `trade_goods_cate` VALUES ('4', '0', '汽车用品', '汽车用品', '汽车用品', '4');
INSERT INTO `trade_goods_cate` VALUES ('5', '0', '个护化妆', '个护化妆', '个护化妆', '5');
INSERT INTO `trade_goods_cate` VALUES ('6', '0', '珠宝饰品', '珠宝饰品', '珠宝饰品', '6');
INSERT INTO `trade_goods_cate` VALUES ('7', '2', '笔记本', '笔记本', '笔记本', '2');
INSERT INTO `trade_goods_cate` VALUES ('8', '2', '平板电脑', '平板电脑', '平板电脑', '1');
INSERT INTO `trade_goods_cate` VALUES ('9', '3', '电视', '电视', '电视', '1');
INSERT INTO `trade_goods_cate` VALUES ('10', '0', '食品酒类', '食品酒类', '食品酒类', '99');
INSERT INTO `trade_goods_cate` VALUES ('11', '6', '项链', '项链', '项链', '1');
INSERT INTO `trade_goods_cate` VALUES ('12', '6', '手镯', '手镯', '手镯', '2');
INSERT INTO `trade_goods_cate` VALUES ('13', '6', '戒指', '戒指', '戒指', '3');
INSERT INTO `trade_goods_cate` VALUES ('14', '3', '空调', '空调', '空调', '99');

-- ----------------------------
-- Table structure for `trade_goods_cate_attr`
-- ----------------------------
DROP TABLE IF EXISTS `trade_goods_cate_attr`;
CREATE TABLE `trade_goods_cate_attr` (
  `attr_id` mediumint(8) unsigned NOT NULL AUTO_INCREMENT,
  `cate_id` smallint(5) unsigned NOT NULL DEFAULT '0',
  `name` varchar(60) NOT NULL DEFAULT '',
  `opts` text NOT NULL,
  `uom` varchar(20) NOT NULL DEFAULT '',
  `filtrate` tinyint(1) unsigned NOT NULL DEFAULT '0',
  `seq` tinyint(2) unsigned NOT NULL DEFAULT '99',
  PRIMARY KEY (`attr_id`)
) ENGINE=MyISAM AUTO_INCREMENT=74 DEFAULT CHARSET=utf8;

-- ----------------------------
-- Records of trade_goods_cate_attr
-- ----------------------------
INSERT INTO `trade_goods_cate_attr` VALUES ('1', '1', '型号', '', '', '0', '99');
INSERT INTO `trade_goods_cate_attr` VALUES ('2', '1', '操作系统', '[\"IOS\",\"Android\",\"Windows Phone\"]', '', '1', '99');
INSERT INTO `trade_goods_cate_attr` VALUES ('3', '1', '待机模式', '', '', '0', '99');
INSERT INTO `trade_goods_cate_attr` VALUES ('4', '1', '上市时间', '', '', '0', '99');
INSERT INTO `trade_goods_cate_attr` VALUES ('5', '1', '屏幕大小', '[\"4.5\\u82f1\\u5bf8\\u4ee5\\u4e0b\",\"4.5-5.0\\u82f1\\u5bf8\",\"5.0-5.5\\u82f1\\u5bf8\",\"5.5\\u82f1\\u5bf8\\u4ee5\\u4e0a\"]', '', '1', '99');
INSERT INTO `trade_goods_cate_attr` VALUES ('6', '1', '主屏分辨率', '', '', '0', '99');
INSERT INTO `trade_goods_cate_attr` VALUES ('7', '1', '适用网络制式', '', '', '0', '99');
INSERT INTO `trade_goods_cate_attr` VALUES ('8', '1', 'CPU核心数', '[\"\\u53cc\\u6838\",\"\\u56db\\u6838\",\"\\u53cc\\u56db\\u6838\",\"\\u516b\\u6838\"]', '', '1', '99');
INSERT INTO `trade_goods_cate_attr` VALUES ('9', '1', 'CPU型号描述', '', '', '0', '99');
INSERT INTO `trade_goods_cate_attr` VALUES ('10', '1', '机身存储', '', '', '0', '99');
INSERT INTO `trade_goods_cate_attr` VALUES ('11', '1', '运行内存', '[\"1G\",\"2G\",\"3G\",\"4G\"]', '', '1', '99');
INSERT INTO `trade_goods_cate_attr` VALUES ('12', '1', '最大储存扩展', '', '', '0', '99');
INSERT INTO `trade_goods_cate_attr` VALUES ('13', '1', '扩展卡类型', '', '', '0', '99');
INSERT INTO `trade_goods_cate_attr` VALUES ('14', '1', '主摄像头像素', '', '', '0', '99');
INSERT INTO `trade_goods_cate_attr` VALUES ('15', '1', '副摄像头像素', '', '', '0', '99');
INSERT INTO `trade_goods_cate_attr` VALUES ('16', '1', '闪光灯', '', '', '0', '99');
INSERT INTO `trade_goods_cate_attr` VALUES ('17', '1', '耳机接口', '', '', '0', '99');
INSERT INTO `trade_goods_cate_attr` VALUES ('18', '1', 'SIM卡类型', '', '', '0', '99');
INSERT INTO `trade_goods_cate_attr` VALUES ('19', '1', '重量', '', 'g', '0', '99');
INSERT INTO `trade_goods_cate_attr` VALUES ('20', '1', '产品尺寸', '', '', '0', '99');
INSERT INTO `trade_goods_cate_attr` VALUES ('21', '1', '电池容量', '', 'mAh', '0', '99');
INSERT INTO `trade_goods_cate_attr` VALUES ('22', '1', '屏幕尺寸', '', '英寸', '0', '99');
INSERT INTO `trade_goods_cate_attr` VALUES ('23', '7', '屏幕尺寸', '[\"17\",\"15\",\"14\",\"13\",\"12\",\"11\",\"10\"]', '英寸', '1', '99');
INSERT INTO `trade_goods_cate_attr` VALUES ('24', '7', '适用场景', '[\"\\u5bb6\\u5ead\\u5a31\\u4e50\",\"\\u5546\\u52a1\\u529e\\u516c\",\"\\u6e38\\u620f\\u8fbe\\u4eba\",\"\\u6821\\u56ed\\u5b66\\u751f\",\"\\u5973\\u6027\\u65f6\\u5c1a\"]', '', '1', '99');
INSERT INTO `trade_goods_cate_attr` VALUES ('25', '7', 'CPU处理器', '[\"Intel Core i3\",\"Intel Core i5\",\"Intel Core i7\",\"Intel \\u5176\\u4ed6\",\"AMD APU\",\"AMD \\u5176\\u4ed6\"]', '', '1', '99');
INSERT INTO `trade_goods_cate_attr` VALUES ('26', '7', '显卡类型', '[\"\\u72ec\\u7acb\\u663e\\u5361\",\"\\u96c6\\u6210\\u663e\\u5361\",\"\\u53cc\\u663e\\u5361\"]', '', '1', '99');
INSERT INTO `trade_goods_cate_attr` VALUES ('27', '7', '内存容量', '[\"1\",\"2\",\"4\",\"8\",\"16\"]', 'GB', '1', '99');
INSERT INTO `trade_goods_cate_attr` VALUES ('28', '7', '处理器型号', '', '', '0', '99');
INSERT INTO `trade_goods_cate_attr` VALUES ('29', '7', '内存类型', '', '', '0', '99');
INSERT INTO `trade_goods_cate_attr` VALUES ('30', '7', '最大支持内存容量', '', '', '0', '99');
INSERT INTO `trade_goods_cate_attr` VALUES ('31', '7', '显存容量', '', '', '0', '99');
INSERT INTO `trade_goods_cate_attr` VALUES ('32', '7', '显示芯片描述', '', '', '0', '99');
INSERT INTO `trade_goods_cate_attr` VALUES ('33', '7', '高级功能', '', '', '0', '99');
INSERT INTO `trade_goods_cate_attr` VALUES ('34', '7', '支持接口类型', '', '', '0', '99');
INSERT INTO `trade_goods_cate_attr` VALUES ('35', '7', '重量', '', 'Kg', '0', '99');
INSERT INTO `trade_goods_cate_attr` VALUES ('36', '7', '上市时间', '', '', '0', '99');
INSERT INTO `trade_goods_cate_attr` VALUES ('37', '7', '厚度', '', 'mm', '0', '99');
INSERT INTO `trade_goods_cate_attr` VALUES ('38', '7', '蓝牙', '', '', '0', '99');
INSERT INTO `trade_goods_cate_attr` VALUES ('39', '8', '屏幕尺寸', '[\"7-8\",\"8.1-10\",\"10.1-11\",\"11.1-12\"]', '英寸', '1', '99');
INSERT INTO `trade_goods_cate_attr` VALUES ('40', '8', '机身存储', '[\"4\",\"8\",\"16\",\"32\",\"64\",\"128\"]', 'GB', '1', '99');
INSERT INTO `trade_goods_cate_attr` VALUES ('41', '8', 'CPU核心数', '[\"\\u53cc\\u6838\",\"\\u56db\\u6838\",\"\\u516b\\u6838\"]', '', '1', '99');
INSERT INTO `trade_goods_cate_attr` VALUES ('42', '8', '内存容量', '[\"1\",\"2\",\"3\",\"4\"]', 'GB', '1', '99');
INSERT INTO `trade_goods_cate_attr` VALUES ('43', '8', '上市时间', '', '', '0', '99');
INSERT INTO `trade_goods_cate_attr` VALUES ('44', '8', '屏幕材质', '', '', '0', '99');
INSERT INTO `trade_goods_cate_attr` VALUES ('45', '8', '最高分辨率', '', '', '0', '99');
INSERT INTO `trade_goods_cate_attr` VALUES ('46', '8', '操作系统', '', '', '0', '99');
INSERT INTO `trade_goods_cate_attr` VALUES ('47', '8', '联网模式', '', '', '0', '99');
INSERT INTO `trade_goods_cate_attr` VALUES ('48', '8', '附加功能', '', '', '0', '99');
INSERT INTO `trade_goods_cate_attr` VALUES ('49', '8', '摄像头', '', '', '0', '99');
INSERT INTO `trade_goods_cate_attr` VALUES ('50', '8', '重量', '', 'g', '0', '99');
INSERT INTO `trade_goods_cate_attr` VALUES ('51', '8', '机身尺寸', '', 'mm', '0', '99');
INSERT INTO `trade_goods_cate_attr` VALUES ('52', '8', '颜色', '', '', '0', '99');
INSERT INTO `trade_goods_cate_attr` VALUES ('53', '8', '电池容量', '', '', '0', '99');
INSERT INTO `trade_goods_cate_attr` VALUES ('54', '9', '型号', '', '', '0', '1');
INSERT INTO `trade_goods_cate_attr` VALUES ('55', '9', '类型', '[\"\\u975e\\u667a\\u80fd\\u7535\\u89c6\",\"\\u667a\\u80fd\\u7535\\u89c6\",\"4K\\u8d85\\u9ad8\\u6e05\\u7535\\u89c6\"]', '', '1', '2');
INSERT INTO `trade_goods_cate_attr` VALUES ('56', '9', '3D功能', '[\"\\u652f\\u6301\",\"\\u4e0d\\u652f\\u6301\"]', '', '1', '3');
INSERT INTO `trade_goods_cate_attr` VALUES ('57', '9', '屏幕尺寸', '[\"32\\u82f1\\u5bf8\\u4ee5\\u4e0b\",\"32-37\\u82f1\\u5bf8\",\"37-46\\u82f1\\u5bf8\",\"46-50\\u82f1\\u5bf8\",\"50-60\\u82f1\\u5bf8\",\"60\\u82f1\\u5bf8\\u4ee5\\u4e0a\"]', '', '1', '99');
INSERT INTO `trade_goods_cate_attr` VALUES ('58', '9', '最高分辨率', '', '', '0', '3');
INSERT INTO `trade_goods_cate_attr` VALUES ('59', '9', '屏幕比例', '', '', '0', '4');
INSERT INTO `trade_goods_cate_attr` VALUES ('60', '9', '清晰度', '', '', '0', '99');
INSERT INTO `trade_goods_cate_attr` VALUES ('61', '9', '背光灯类型', '', '', '0', '99');
INSERT INTO `trade_goods_cate_attr` VALUES ('62', '9', '操作系统', '', '', '0', '99');
INSERT INTO `trade_goods_cate_attr` VALUES ('63', '9', 'USB支持音频格式', '', '', '0', '99');
INSERT INTO `trade_goods_cate_attr` VALUES ('64', '9', 'HDMI接口', '', '', '0', '99');
INSERT INTO `trade_goods_cate_attr` VALUES ('65', '9', 'USB接口', '', '', '0', '99');
INSERT INTO `trade_goods_cate_attr` VALUES ('66', '9', '底座配置', '', '', '0', '99');
INSERT INTO `trade_goods_cate_attr` VALUES ('67', '9', '壁挂配置', '', '', '0', '99');
INSERT INTO `trade_goods_cate_attr` VALUES ('68', '9', '联网功能', '', '', '0', '99');
INSERT INTO `trade_goods_cate_attr` VALUES ('69', '14', '功率', '[\"1\",\"1.5\",\"2\",\"2.5\",\"3\"]', '匹', '1', '99');
INSERT INTO `trade_goods_cate_attr` VALUES ('70', '14', '类型', '[\"\\u58c1\\u6302\\u5f0f\",\"\\u7acb\\u67dc\\u5f0f\",\"\\u4e2d\\u592e\\u7a7a\\u8c03\"]', '', '1', '99');
INSERT INTO `trade_goods_cate_attr` VALUES ('71', '14', '技术', '[\"\\u53d8\\u9891\",\"\\u5b9a\\u9891\"]', '', '1', '99');
INSERT INTO `trade_goods_cate_attr` VALUES ('72', '14', '冷暖方式', '[\"\\u51b7\\u6696\\u578b\",\"\\u51b7\\u6696\\u7535\\u8f85\",\"\\u5355\\u51b7\\u578b\"]', '', '1', '99');
INSERT INTO `trade_goods_cate_attr` VALUES ('73', '14', '能效等级', '[\"\\u4e00\",\"\\u4e8c\",\"\\u4e09\",\"\\u56db\"]', '级', '1', '99');

-- ----------------------------
-- Table structure for `trade_goods_cate_brand`
-- ----------------------------
DROP TABLE IF EXISTS `trade_goods_cate_brand`;
CREATE TABLE `trade_goods_cate_brand` (
  `cate_id` smallint(5) unsigned NOT NULL,
  `brand_id` smallint(5) unsigned NOT NULL
) ENGINE=MyISAM DEFAULT CHARSET=utf8;

-- ----------------------------
-- Records of trade_goods_cate_brand
-- ----------------------------
INSERT INTO `trade_goods_cate_brand` VALUES ('1', '1');
INSERT INTO `trade_goods_cate_brand` VALUES ('1', '2');
INSERT INTO `trade_goods_cate_brand` VALUES ('1', '3');
INSERT INTO `trade_goods_cate_brand` VALUES ('7', '8');
INSERT INTO `trade_goods_cate_brand` VALUES ('7', '7');
INSERT INTO `trade_goods_cate_brand` VALUES ('7', '6');
INSERT INTO `trade_goods_cate_brand` VALUES ('7', '5');
INSERT INTO `trade_goods_cate_brand` VALUES ('7', '4');
INSERT INTO `trade_goods_cate_brand` VALUES ('7', '1');
INSERT INTO `trade_goods_cate_brand` VALUES ('7', '9');
INSERT INTO `trade_goods_cate_brand` VALUES ('8', '3');
INSERT INTO `trade_goods_cate_brand` VALUES ('8', '9');
INSERT INTO `trade_goods_cate_brand` VALUES ('8', '10');
INSERT INTO `trade_goods_cate_brand` VALUES ('8', '1');
INSERT INTO `trade_goods_cate_brand` VALUES ('9', '11');
INSERT INTO `trade_goods_cate_brand` VALUES ('9', '9');
INSERT INTO `trade_goods_cate_brand` VALUES ('9', '3');
INSERT INTO `trade_goods_cate_brand` VALUES ('9', '12');
INSERT INTO `trade_goods_cate_brand` VALUES ('6', '14');
INSERT INTO `trade_goods_cate_brand` VALUES ('6', '13');
INSERT INTO `trade_goods_cate_brand` VALUES ('11', '14');
INSERT INTO `trade_goods_cate_brand` VALUES ('11', '13');
INSERT INTO `trade_goods_cate_brand` VALUES ('2', '12');
INSERT INTO `trade_goods_cate_brand` VALUES ('2', '11');
INSERT INTO `trade_goods_cate_brand` VALUES ('2', '9');
INSERT INTO `trade_goods_cate_brand` VALUES ('2', '8');
INSERT INTO `trade_goods_cate_brand` VALUES ('2', '7');
INSERT INTO `trade_goods_cate_brand` VALUES ('2', '6');
INSERT INTO `trade_goods_cate_brand` VALUES ('2', '5');
INSERT INTO `trade_goods_cate_brand` VALUES ('2', '4');
INSERT INTO `trade_goods_cate_brand` VALUES ('2', '1');
INSERT INTO `trade_goods_cate_brand` VALUES ('8', '18');

-- ----------------------------
-- Table structure for `trade_goods_optional`
-- ----------------------------
DROP TABLE IF EXISTS `trade_goods_optional`;
CREATE TABLE `trade_goods_optional` (
  `id` int(10) unsigned NOT NULL AUTO_INCREMENT,
  `type_id` smallint(5) unsigned NOT NULL DEFAULT '0',
  `goods_id` mediumint(8) unsigned NOT NULL DEFAULT '0',
  `opt_text` varchar(80) NOT NULL DEFAULT '',
  `opt_price` decimal(10,2) unsigned NOT NULL DEFAULT '0.00',
  PRIMARY KEY (`id`),
  KEY `goods_id` (`goods_id`)
) ENGINE=MyISAM AUTO_INCREMENT=94 DEFAULT CHARSET=utf8;

-- ----------------------------
-- Records of trade_goods_optional
-- ----------------------------
INSERT INTO `trade_goods_optional` VALUES ('28', '1', '1', '银色', '0.00');
INSERT INTO `trade_goods_optional` VALUES ('27', '1', '1', '深空灰', '0.00');
INSERT INTO `trade_goods_optional` VALUES ('26', '1', '1', '金色', '0.00');
INSERT INTO `trade_goods_optional` VALUES ('25', '1', '1', '玫瑰金', '50.00');
INSERT INTO `trade_goods_optional` VALUES ('24', '2', '1', '16G', '0.00');
INSERT INTO `trade_goods_optional` VALUES ('23', '2', '1', '128G', '1700.00');
INSERT INTO `trade_goods_optional` VALUES ('22', '2', '1', '64G', '700.00');
INSERT INTO `trade_goods_optional` VALUES ('48', '1', '2', '苍穹灰', '0.00');
INSERT INTO `trade_goods_optional` VALUES ('47', '1', '2', '月光银', '0.00');
INSERT INTO `trade_goods_optional` VALUES ('46', '3', '2', '移动版', '0.00');
INSERT INTO `trade_goods_optional` VALUES ('45', '3', '2', '全网通', '200.00');
INSERT INTO `trade_goods_optional` VALUES ('54', '3', '3', '移动', '0.00');
INSERT INTO `trade_goods_optional` VALUES ('53', '1', '3', '黑色', '0.00');
INSERT INTO `trade_goods_optional` VALUES ('52', '1', '3', '白色', '0.00');
INSERT INTO `trade_goods_optional` VALUES ('55', '3', '3', '电信', '0.00');
INSERT INTO `trade_goods_optional` VALUES ('56', '3', '3', '联通', '0.00');
INSERT INTO `trade_goods_optional` VALUES ('61', '2', '4', '256G', '1333.00');
INSERT INTO `trade_goods_optional` VALUES ('60', '2', '4', '128G', '0.00');
INSERT INTO `trade_goods_optional` VALUES ('82', '1', '8', '银色', '0.00');
INSERT INTO `trade_goods_optional` VALUES ('81', '1', '8', '灰色', '100.00');
INSERT INTO `trade_goods_optional` VALUES ('80', '1', '8', '金色', '0.00');
INSERT INTO `trade_goods_optional` VALUES ('79', '2', '8', '128G WiFi版', '1500.00');
INSERT INTO `trade_goods_optional` VALUES ('78', '2', '8', '16G WiFi版', '0.00');
INSERT INTO `trade_goods_optional` VALUES ('77', '2', '8', '64G WiFi版', '700.00');
INSERT INTO `trade_goods_optional` VALUES ('83', '1', '16', '玫瑰金', '0.00');
INSERT INTO `trade_goods_optional` VALUES ('84', '1', '16', '金色', '0.00');
INSERT INTO `trade_goods_optional` VALUES ('85', '1', '16', '深空灰', '0.00');
INSERT INTO `trade_goods_optional` VALUES ('86', '1', '16', '银色', '0.00');
INSERT INTO `trade_goods_optional` VALUES ('87', '2', '16', '16G', '0.00');
INSERT INTO `trade_goods_optional` VALUES ('88', '2', '16', '64G', '800.00');
INSERT INTO `trade_goods_optional` VALUES ('89', '2', '16', '128G', '1800.00');
INSERT INTO `trade_goods_optional` VALUES ('90', '3', '16', '移动版', '0.00');
INSERT INTO `trade_goods_optional` VALUES ('91', '3', '16', '全网通', '200.00');
INSERT INTO `trade_goods_optional` VALUES ('92', '4', '17', '中文版', '0.00');
INSERT INTO `trade_goods_optional` VALUES ('93', '4', '17', '专业版', '0.00');

-- ----------------------------
-- Table structure for `trade_goods_optional_type`
-- ----------------------------
DROP TABLE IF EXISTS `trade_goods_optional_type`;
CREATE TABLE `trade_goods_optional_type` (
  `type_id` smallint(5) unsigned NOT NULL AUTO_INCREMENT,
  `name` varchar(20) NOT NULL DEFAULT '',
  PRIMARY KEY (`type_id`)
) ENGINE=MyISAM AUTO_INCREMENT=5 DEFAULT CHARSET=utf8;

-- ----------------------------
-- Records of trade_goods_optional_type
-- ----------------------------
INSERT INTO `trade_goods_optional_type` VALUES ('1', '颜色');
INSERT INTO `trade_goods_optional_type` VALUES ('2', '机身存储');
INSERT INTO `trade_goods_optional_type` VALUES ('3', '网络类型');
INSERT INTO `trade_goods_optional_type` VALUES ('4', '版本');

-- ----------------------------
-- Table structure for `trade_goods_related`
-- ----------------------------
DROP TABLE IF EXISTS `trade_goods_related`;
CREATE TABLE `trade_goods_related` (
  `goods_id` mediumint(8) NOT NULL,
  `related_id` mediumint(8) NOT NULL,
  `direction` tinyint(1) unsigned NOT NULL DEFAULT '1',
  PRIMARY KEY (`goods_id`,`related_id`)
) ENGINE=MyISAM DEFAULT CHARSET=utf8;

-- ----------------------------
-- Records of trade_goods_related
-- ----------------------------
INSERT INTO `trade_goods_related` VALUES ('10', '11', '2');
INSERT INTO `trade_goods_related` VALUES ('11', '10', '2');
INSERT INTO `trade_goods_related` VALUES ('16', '1', '2');
INSERT INTO `trade_goods_related` VALUES ('1', '16', '2');

-- ----------------------------
-- Table structure for `trade_goods_review`
-- ----------------------------
DROP TABLE IF EXISTS `trade_goods_review`;
CREATE TABLE `trade_goods_review` (
  `review_id` int(10) unsigned NOT NULL AUTO_INCREMENT,
  `order_id` char(15) NOT NULL DEFAULT '',
  `goods_id` mediumint(8) unsigned NOT NULL DEFAULT '0',
  `user_id` mediumint(8) unsigned NOT NULL DEFAULT '0',
  `rating` tinyint(1) unsigned NOT NULL DEFAULT '1',
  `content` text NOT NULL,
  `created_date` int(10) unsigned NOT NULL DEFAULT '0',
  `status` tinyint(1) unsigned NOT NULL DEFAULT '0',
  `replied` text NOT NULL,
  PRIMARY KEY (`review_id`),
  KEY `goods_id` (`goods_id`),
  KEY `user_id` (`user_id`)
) ENGINE=MyISAM DEFAULT CHARSET=utf8;

-- ----------------------------
-- Records of trade_goods_review
-- ----------------------------

-- ----------------------------
-- Table structure for `trade_help`
-- ----------------------------
DROP TABLE IF EXISTS `trade_help`;
CREATE TABLE `trade_help` (
  `id` smallint(5) unsigned NOT NULL AUTO_INCREMENT,
  `cate_id` smallint(5) unsigned NOT NULL DEFAULT '0',
  `title` varchar(100) NOT NULL DEFAULT '',
  `content` text NOT NULL,
  `meta_keywords` varchar(240) NOT NULL DEFAULT '',
  `meta_description` varchar(240) NOT NULL DEFAULT '',
  `link` varchar(255) NOT NULL DEFAULT '',
  `seq` tinyint(2) unsigned NOT NULL DEFAULT '0',
  PRIMARY KEY (`id`),
  KEY `cate_id` (`cate_id`)
) ENGINE=MyISAM DEFAULT CHARSET=utf8;

-- ----------------------------
-- Records of trade_help
-- ----------------------------

-- ----------------------------
-- Table structure for `trade_help_cate`
-- ----------------------------
DROP TABLE IF EXISTS `trade_help_cate`;
CREATE TABLE `trade_help_cate` (
  `cate_id` smallint(5) unsigned NOT NULL AUTO_INCREMENT,
  `cate_name` varchar(60) NOT NULL DEFAULT '',
  `seq` tinyint(2) unsigned NOT NULL DEFAULT '0',
  PRIMARY KEY (`cate_id`)
) ENGINE=MyISAM DEFAULT CHARSET=utf8;

-- ----------------------------
-- Records of trade_help_cate
-- ----------------------------

-- ----------------------------
-- Table structure for `trade_login_security`
-- ----------------------------
DROP TABLE IF EXISTS `trade_login_security`;
CREATE TABLE `trade_login_security` (
  `ip` char(15) NOT NULL,
  `err_count` tinyint(1) unsigned NOT NULL DEFAULT '1',
  `expires` int(10) unsigned NOT NULL DEFAULT '0',
  `lock_expires` int(10) unsigned NOT NULL DEFAULT '0',
  UNIQUE KEY `ip_expires` (`ip`,`expires`)
) ENGINE=MyISAM DEFAULT CHARSET=utf8;

-- ----------------------------
-- Records of trade_login_security
-- ----------------------------
INSERT INTO `trade_login_security` VALUES ('192.168.177.1', '5', '1463606329', '0');
INSERT INTO `trade_login_security` VALUES ('10.105.42.184', '1', '1463625301', '0');
INSERT INTO `trade_login_security` VALUES ('10.105.42.184', '1', '1463625875', '0');
INSERT INTO `trade_login_security` VALUES ('10.105.42.184', '1', '1463625906', '0');
INSERT INTO `trade_login_security` VALUES ('10.105.42.184', '1', '1463625939', '0');
INSERT INTO `trade_login_security` VALUES ('10.105.42.184', '1', '1463625984', '0');
INSERT INTO `trade_login_security` VALUES ('10.105.42.184', '1', '1463626006', '0');
INSERT INTO `trade_login_security` VALUES ('10.105.42.184', '1', '1463626031', '0');
INSERT INTO `trade_login_security` VALUES ('10.105.42.184', '1', '1463626046', '0');
INSERT INTO `trade_login_security` VALUES ('10.105.42.184', '1', '1463626065', '0');
INSERT INTO `trade_login_security` VALUES ('10.105.42.184', '1', '1463626177', '0');
INSERT INTO `trade_login_security` VALUES ('10.105.42.184', '1', '1463626294', '0');
INSERT INTO `trade_login_security` VALUES ('10.105.42.184', '1', '1463626346', '0');
INSERT INTO `trade_login_security` VALUES ('10.105.42.184', '1', '1463626365', '0');
INSERT INTO `trade_login_security` VALUES ('10.105.42.184', '1', '1463626467', '0');
INSERT INTO `trade_login_security` VALUES ('10.105.42.184', '1', '1463626478', '0');
INSERT INTO `trade_login_security` VALUES ('10.105.42.184', '1', '1463626517', '0');
INSERT INTO `trade_login_security` VALUES ('10.105.42.184', '1', '1463626521', '0');
INSERT INTO `trade_login_security` VALUES ('10.105.42.184', '1', '1463626537', '0');
INSERT INTO `trade_login_security` VALUES ('10.105.42.184', '1', '1463626557', '0');
INSERT INTO `trade_login_security` VALUES ('10.105.42.184', '1', '1463626561', '0');
INSERT INTO `trade_login_security` VALUES ('10.105.42.184', '1', '1463626571', '0');
INSERT INTO `trade_login_security` VALUES ('10.105.42.184', '1', '1463626582', '0');
INSERT INTO `trade_login_security` VALUES ('10.105.42.184', '1', '1463626608', '0');
INSERT INTO `trade_login_security` VALUES ('10.105.42.184', '1', '1463626612', '0');
INSERT INTO `trade_login_security` VALUES ('10.105.42.184', '1', '1463626615', '0');
INSERT INTO `trade_login_security` VALUES ('10.105.42.184', '1', '1463626645', '0');
INSERT INTO `trade_login_security` VALUES ('10.105.42.184', '1', '1463626648', '0');
INSERT INTO `trade_login_security` VALUES ('10.105.42.184', '1', '1463626652', '0');
INSERT INTO `trade_login_security` VALUES ('10.105.42.184', '1', '1463626654', '0');
INSERT INTO `trade_login_security` VALUES ('10.105.42.184', '1', '1463626693', '0');
INSERT INTO `trade_login_security` VALUES ('10.105.42.184', '1', '1463626769', '0');
INSERT INTO `trade_login_security` VALUES ('10.105.42.184', '1', '1463626772', '0');
INSERT INTO `trade_login_security` VALUES ('10.105.42.184', '1', '1463631095', '0');
INSERT INTO `trade_login_security` VALUES ('10.105.42.184', '1', '1463631096', '0');
INSERT INTO `trade_login_security` VALUES ('10.105.42.184', '1', '1463631098', '0');
INSERT INTO `trade_login_security` VALUES ('10.105.42.184', '1', '1463631100', '0');
INSERT INTO `trade_login_security` VALUES ('10.105.42.184', '1', '1463631101', '0');
INSERT INTO `trade_login_security` VALUES ('10.105.42.184', '1', '1463631131', '0');
INSERT INTO `trade_login_security` VALUES ('10.105.42.184', '1', '1463631132', '0');
INSERT INTO `trade_login_security` VALUES ('10.105.42.184', '1', '1463631134', '0');
INSERT INTO `trade_login_security` VALUES ('10.105.42.184', '1', '1463631136', '0');
INSERT INTO `trade_login_security` VALUES ('10.105.42.184', '1', '1463631140', '0');
INSERT INTO `trade_login_security` VALUES ('10.105.42.184', '1', '1463631141', '0');
INSERT INTO `trade_login_security` VALUES ('10.105.42.184', '1', '1463631143', '0');
INSERT INTO `trade_login_security` VALUES ('10.105.42.184', '1', '1463631144', '0');

-- ----------------------------
-- Table structure for `trade_navigation`
-- ----------------------------
DROP TABLE IF EXISTS `trade_navigation`;
CREATE TABLE `trade_navigation` (
  `id` smallint(5) unsigned NOT NULL AUTO_INCREMENT,
  `name` varchar(60) NOT NULL DEFAULT '',
  `link` varchar(255) NOT NULL DEFAULT '',
  `position` tinyint(1) unsigned NOT NULL DEFAULT '0',
  `target` tinyint(1) unsigned NOT NULL DEFAULT '0',
  `seq` tinyint(2) unsigned NOT NULL DEFAULT '99',
  `visible` tinyint(1) unsigned NOT NULL DEFAULT '0',
  PRIMARY KEY (`id`)
) ENGINE=MyISAM AUTO_INCREMENT=9 DEFAULT CHARSET=utf8;

-- ----------------------------
-- Records of trade_navigation
-- ----------------------------
INSERT INTO `trade_navigation` VALUES ('1', '后台管理', 'http://192.168.177.134/index.php?m=backend&c=main&a=index', '0', '1', '1', '1');
INSERT INTO `trade_navigation` VALUES ('2', '官方网站', 'http://www.buptdubhe.com/', '0', '1', '2', '1');
INSERT INTO `trade_navigation` VALUES ('3', '我的订单', 'http://192.168.177.134/order/index.html', '1', '1', '1', '1');
INSERT INTO `trade_navigation` VALUES ('4', '收藏夹', 'http://192.168.177.134/favorite/index.html', '1', '1', '2', '1');
INSERT INTO `trade_navigation` VALUES ('5', '论坛', '#', '2', '1', '1', '1');
INSERT INTO `trade_navigation` VALUES ('6', '文档', '#', '2', '1', '2', '1');
INSERT INTO `trade_navigation` VALUES ('7', '下载', '#', '2', '1', '3', '1');
INSERT INTO `trade_navigation` VALUES ('8', '开源', '#', '2', '1', '4', '1');

-- ----------------------------
-- Table structure for `trade_oauth`
-- ----------------------------
DROP TABLE IF EXISTS `trade_oauth`;
CREATE TABLE `trade_oauth` (
  `party` char(10) NOT NULL DEFAULT '',
  `name` varchar(30) NOT NULL,
  `params` text NOT NULL,
  `instruction` varchar(240) NOT NULL DEFAULT '',
  `enable` tinyint(1) unsigned NOT NULL DEFAULT '0',
  PRIMARY KEY (`party`)
) ENGINE=MyISAM DEFAULT CHARSET=utf8;

-- ----------------------------
-- Records of trade_oauth
-- ----------------------------
INSERT INTO `trade_oauth` VALUES ('qq', 'QQ', '{\"app_id\":\"\",\"app_key\":\"\"}', 'QQ互联开放平台为第三方网站提供了丰富的API。第三方网站接入QQ互联开放平台后，即可通过调用平台提供的API实现用户使用QQ帐号登录网站功能，且可以获取到腾讯QQ用户的相关信息。', '0');
INSERT INTO `trade_oauth` VALUES ('weibo', '新浪微博', '{\"app_key\":\"\",\"app_secret\":\"\"}', '网站接入是微博针对第三方网站提供的社会化网络接入方案。接入微连接让您的网站支持用微博帐号登录，基于OAuth2.0协议，使用微博 Open API 进行开发， 即可用微博帐号登录你的网站， 让你的网站降低新用户注册成本，快速获取大量用户。', '0');

-- ----------------------------
-- Table structure for `trade_order`
-- ----------------------------
DROP TABLE IF EXISTS `trade_order`;
CREATE TABLE `trade_order` (
  `order_id` char(15) NOT NULL,
  `user_id` mediumint(8) unsigned NOT NULL DEFAULT '0',
  `consignee` text NOT NULL,
  `shipping_method` smallint(5) unsigned NOT NULL DEFAULT '0',
  `payment_method` smallint(5) unsigned NOT NULL DEFAULT '0',
  `order_status` tinyint(1) unsigned NOT NULL DEFAULT '1',
  `goods_amount` decimal(10,2) unsigned NOT NULL DEFAULT '0.00',
  `shipping_amount` decimal(10,2) unsigned NOT NULL DEFAULT '0.00',
  `order_amount` decimal(10,2) unsigned NOT NULL DEFAULT '0.00',
  `memos` varchar(240) NOT NULL DEFAULT '',
  `created_date` int(10) unsigned NOT NULL DEFAULT '0',
  `payment_date` int(10) unsigned NOT NULL DEFAULT '0',
  `trade_no` varchar(100) NOT NULL DEFAULT '',
  PRIMARY KEY (`order_id`),
  KEY `user_id` (`user_id`)
) ENGINE=MyISAM DEFAULT CHARSET=utf8;

-- ----------------------------
-- Records of trade_order
-- ----------------------------

-- ----------------------------
-- Table structure for `trade_order_goods`
-- ----------------------------
DROP TABLE IF EXISTS `trade_order_goods`;
CREATE TABLE `trade_order_goods` (
  `order_id` char(15) NOT NULL DEFAULT '',
  `goods_id` mediumint(8) unsigned NOT NULL DEFAULT '0',
  `goods_name` varchar(180) NOT NULL DEFAULT '',
  `goods_image` varchar(30) NOT NULL DEFAULT '',
  `goods_opts` varchar(255) NOT NULL DEFAULT '',
  `goods_qty` smallint(5) NOT NULL DEFAULT '1',
  `goods_price` decimal(10,2) unsigned NOT NULL DEFAULT '0.00',
  KEY `order_id` (`order_id`)
) ENGINE=MyISAM DEFAULT CHARSET=utf8;

-- ----------------------------
-- Records of trade_order_goods
-- ----------------------------

-- ----------------------------
-- Table structure for `trade_order_log`
-- ----------------------------
DROP TABLE IF EXISTS `trade_order_log`;
CREATE TABLE `trade_order_log` (
  `id` int(10) unsigned NOT NULL AUTO_INCREMENT,
  `order_id` char(15) NOT NULL DEFAULT '',
  `admin_id` smallint(5) unsigned NOT NULL DEFAULT '0',
  `operate` char(10) NOT NULL,
  `cause` varchar(240) NOT NULL DEFAULT '',
  `dateline` int(10) unsigned NOT NULL DEFAULT '0',
  PRIMARY KEY (`id`),
  KEY `order_id` (`order_id`)
) ENGINE=MyISAM DEFAULT CHARSET=utf8;

-- ----------------------------
-- Records of trade_order_log
-- ----------------------------

-- ----------------------------
-- Table structure for `trade_order_shipping`
-- ----------------------------
DROP TABLE IF EXISTS `trade_order_shipping`;
CREATE TABLE `trade_order_shipping` (
  `id` mediumint(8) unsigned NOT NULL AUTO_INCREMENT,
  `order_id` char(15) NOT NULL DEFAULT '',
  `carrier_id` smallint(5) unsigned NOT NULL DEFAULT '0',
  `tracking_no` varchar(20) NOT NULL DEFAULT '',
  `memos` varchar(240) NOT NULL DEFAULT '',
  `dateline` int(10) unsigned NOT NULL DEFAULT '0',
  PRIMARY KEY (`id`),
  KEY `order_id` (`order_id`)
) ENGINE=MyISAM DEFAULT CHARSET=utf8;

-- ----------------------------
-- Records of trade_order_shipping
-- ----------------------------

-- ----------------------------
-- Table structure for `trade_payment_method`
-- ----------------------------
DROP TABLE IF EXISTS `trade_payment_method`;
CREATE TABLE `trade_payment_method` (
  `id` tinyint(3) unsigned NOT NULL,
  `name` varchar(30) NOT NULL DEFAULT '',
  `type` tinyint(1) unsigned NOT NULL DEFAULT '0',
  `pcode` varchar(20) NOT NULL DEFAULT '',
  `params` text NOT NULL,
  `instruction` varchar(240) NOT NULL DEFAULT '',
  `seq` tinyint(2) unsigned NOT NULL DEFAULT '99',
  `enable` tinyint(1) unsigned NOT NULL DEFAULT '0',
  PRIMARY KEY (`id`)
) ENGINE=MyISAM DEFAULT CHARSET=utf8;

-- ----------------------------
-- Records of trade_payment_method
-- ----------------------------
INSERT INTO `trade_payment_method` VALUES ('1', '余额支付', '0', 'balance', '', '', '1', '1');
INSERT INTO `trade_payment_method` VALUES ('2', '货到付款', '1', 'cod', '', '', '2', '1');
INSERT INTO `trade_payment_method` VALUES ('3', '支付宝', '0', 'alipay', '{\"seller_email\":\"\",\"partner\":\"\",\"key\":\"\"}', '', '3', '1');

-- ----------------------------
-- Table structure for `trade_role`
-- ----------------------------
DROP TABLE IF EXISTS `trade_role`;
CREATE TABLE `trade_role` (
  `role_id` smallint(5) unsigned NOT NULL AUTO_INCREMENT,
  `role_name` varchar(50) NOT NULL DEFAULT '',
  `role_brief` varchar(240) NOT NULL DEFAULT '',
  `role_acl` text NOT NULL,
  PRIMARY KEY (`role_id`)
) ENGINE=MyISAM DEFAULT CHARSET=utf8;

-- ----------------------------
-- Records of trade_role
-- ----------------------------

-- ----------------------------
-- Table structure for `trade_sendmail_limit`
-- ----------------------------
DROP TABLE IF EXISTS `trade_sendmail_limit`;
CREATE TABLE `trade_sendmail_limit` (
  `ip` char(15) NOT NULL DEFAULT '',
  `user_id` mediumint(8) unsigned NOT NULL DEFAULT '0',
  `type` char(30) NOT NULL DEFAULT '',
  `count` tinyint(1) unsigned NOT NULL DEFAULT '1',
  `dateline` int(10) unsigned NOT NULL DEFAULT '0'
) ENGINE=MyISAM DEFAULT CHARSET=utf8;

-- ----------------------------
-- Records of trade_sendmail_limit
-- ----------------------------

-- ----------------------------
-- Table structure for `trade_setting`
-- ----------------------------
DROP TABLE IF EXISTS `trade_setting`;
CREATE TABLE `trade_setting` (
  `sk` varchar(30) NOT NULL,
  `sv` text NOT NULL,
  PRIMARY KEY (`sk`)
) ENGINE=MyISAM DEFAULT CHARSET=utf8;

-- ----------------------------
-- Records of trade_setting
-- ----------------------------
INSERT INTO `trade_setting` VALUES ('site_name', 'Dubhe Market 开源交易系统');
INSERT INTO `trade_setting` VALUES ('home_title', 'Dubhe Market 高效快捷的开源免费系统');
INSERT INTO `trade_setting` VALUES ('home_keywords', '');
INSERT INTO `trade_setting` VALUES ('home_description', '');
INSERT INTO `trade_setting` VALUES ('footer_info', '<div class=\"copyright mt10\"><p>联系邮箱：service@buptdubhe.com<span class=\"sep\"></span></p></div>');
INSERT INTO `trade_setting` VALUES ('goods_search_per_num', '20');
INSERT INTO `trade_setting` VALUES ('upload_filetype', '.jpg|.jpeg|.gif|.png|.bmp|.swf|.flv|.avi|.rmvb');
INSERT INTO `trade_setting` VALUES ('upload_filesize', '2MB');
INSERT INTO `trade_setting` VALUES ('captcha_admin_login', '0');
INSERT INTO `trade_setting` VALUES ('captcha_user_login', '0');
INSERT INTO `trade_setting` VALUES ('captcha_user_register', '1');
INSERT INTO `trade_setting` VALUES ('captcha_feedback', '0');
INSERT INTO `trade_setting` VALUES ('smtp_server', '');
INSERT INTO `trade_setting` VALUES ('smtp_user', '');
INSERT INTO `trade_setting` VALUES ('smtp_password', '');
INSERT INTO `trade_setting` VALUES ('smtp_port', '');
INSERT INTO `trade_setting` VALUES ('smtp_secure', '');
INSERT INTO `trade_setting` VALUES ('admin_mult_ip_login', '1');
INSERT INTO `trade_setting` VALUES ('upload_goods_filesize', '300KB');
INSERT INTO `trade_setting` VALUES ('visitor_stats', '1');
INSERT INTO `trade_setting` VALUES ('goods_hot_searches', '');
INSERT INTO `trade_setting` VALUES ('cate_goods_per_num', '20');
INSERT INTO `trade_setting` VALUES ('goods_history_num', '5');
INSERT INTO `trade_setting` VALUES ('goods_related_num', '5');
INSERT INTO `trade_setting` VALUES ('goods_review_per_num', '10');
INSERT INTO `trade_setting` VALUES ('upload_goods_filetype', '.jpg|.png|.gif');
INSERT INTO `trade_setting` VALUES ('show_goods_stock', '1');
INSERT INTO `trade_setting` VALUES ('order_cancel_expires', '5');
INSERT INTO `trade_setting` VALUES ('goods_img_thumb', '[{\"w\":350,\"h\":350},{\"w\":150,\"h\":150},{\"w\":100,\"h\":100},{\"w\":50,\"h\":50}]');
INSERT INTO `trade_setting` VALUES ('goods_album_thumb', '[{\"w\":350,\"h\":350},{\"w\":50,\"h\":50}]');
INSERT INTO `trade_setting` VALUES ('enabled_theme', 'default');
INSERT INTO `trade_setting` VALUES ('user_consignee_limits', '15');
INSERT INTO `trade_setting` VALUES ('upload_avatar_filesize', '200KB');
INSERT INTO `trade_setting` VALUES ('order_delivery_expires', '7');
INSERT INTO `trade_setting` VALUES ('user_register_email_verify', '0');
INSERT INTO `trade_setting` VALUES ('user_review_approve', '0');
INSERT INTO `trade_setting` VALUES ('rewrite_enable', '0');
INSERT INTO `trade_setting` VALUES ('home_newarrival_num', '5');
INSERT INTO `trade_setting` VALUES ('home_recommend_num', '5');
INSERT INTO `trade_setting` VALUES ('home_bargain_num', '5');
INSERT INTO `trade_setting` VALUES ('home_article_num', '4');
INSERT INTO `trade_setting` VALUES ('data_cache_lifetime', '0');
INSERT INTO `trade_setting` VALUES ('goods_fulltext_query', '0');
INSERT INTO `trade_setting` VALUES ('debug', '1');
INSERT INTO `trade_setting` VALUES ('encrypt_key', 'ca04f7641add5a6fdc091454fe80167b');
INSERT INTO `trade_setting` VALUES ('rewrite_rule', '{\"404.html\":\"main\\/404\",\"search.html\":\"goods\\/search\",\"item\\/.html\":\"goods\\/index\",\"cate\\/.html\":\"category\\/index\",\"\\/img\":\"image\\/\",\"index.html\":\"main\\/index\",\"\\/.html\":\"\\/\"}');

-- ----------------------------
-- Table structure for `trade_shipping_carrier`
-- ----------------------------
DROP TABLE IF EXISTS `trade_shipping_carrier`;
CREATE TABLE `trade_shipping_carrier` (
  `id` smallint(5) unsigned NOT NULL AUTO_INCREMENT,
  `name` varchar(30) NOT NULL DEFAULT '',
  `tracking_url` varchar(255) NOT NULL DEFAULT '',
  `service_tel` varchar(20) NOT NULL DEFAULT '',
  PRIMARY KEY (`id`)
) ENGINE=MyISAM AUTO_INCREMENT=3 DEFAULT CHARSET=utf8;

-- ----------------------------
-- Records of trade_shipping_carrier
-- ----------------------------
INSERT INTO `trade_shipping_carrier` VALUES ('1', '顺丰速运', 'http://www.sf-express.com/cn/sc/dynamic_functions/waybill/#search/bill-number/', '95338');
INSERT INTO `trade_shipping_carrier` VALUES ('2', '中通快递', 'http://www.zto.cn/GuestService/Bill?txtbill=', '95311');

-- ----------------------------
-- Table structure for `trade_shipping_method`
-- ----------------------------
DROP TABLE IF EXISTS `trade_shipping_method`;
CREATE TABLE `trade_shipping_method` (
  `id` smallint(5) unsigned NOT NULL AUTO_INCREMENT,
  `name` varchar(100) NOT NULL DEFAULT '',
  `params` text NOT NULL,
  `instruction` varchar(240) NOT NULL DEFAULT '',
  `seq` tinyint(2) unsigned NOT NULL DEFAULT '99',
  `enable` tinyint(1) unsigned NOT NULL DEFAULT '0',
  PRIMARY KEY (`id`)
) ENGINE=MyISAM AUTO_INCREMENT=2 DEFAULT CHARSET=utf8;

-- ----------------------------
-- Records of trade_shipping_method
-- ----------------------------
INSERT INTO `trade_shipping_method` VALUES ('1', '普通快递', '{\"0\":{\"type\":\"fixed\",\"area\":\"0\",\"charges\":\"10\"}}', '全国范围统一价10元', '1', '1');

-- ----------------------------
-- Table structure for `trade_user`
-- ----------------------------
DROP TABLE IF EXISTS `trade_user`;
CREATE TABLE `trade_user` (
  `user_id` mediumint(8) unsigned NOT NULL AUTO_INCREMENT,
  `username` char(16) NOT NULL DEFAULT '',
  `password` char(32) NOT NULL DEFAULT '',
  `email` varchar(60) NOT NULL DEFAULT '',
  `status` tinyint(1) unsigned NOT NULL DEFAULT '0',
  `email_status` tinyint(1) unsigned NOT NULL DEFAULT '0',
  `hash` char(40) NOT NULL DEFAULT '',
  PRIMARY KEY (`user_id`),
  UNIQUE KEY `username` (`username`),
  KEY `email` (`email`)
) ENGINE=MyISAM AUTO_INCREMENT=509 DEFAULT CHARSET=utf8;

-- ----------------------------
-- Records of trade_user
-- ----------------------------
INSERT INTO `trade_user` VALUES ('1', 'user1', 'e10adc3949ba59abbe56e057f20f883e', '1@1.com', '0', '0', '44691f72b16e308f05c6e93bd3b24242ce3f4c48');
INSERT INTO `trade_user` VALUES ('2', 'a123123', 'e10adc3949ba59abbe56e057f20f883e', '1111@admin.com', '0', '0', '7edfc197b691e47e8b84fcc3b1c1743a68f2d7bc');
INSERT INTO `trade_user` VALUES ('3', 'q123123', 'e10adc3949ba59abbe56e057f20f883e', '1@1231.com\'', '0', '0', 'a0ecd3fdcc79a61ed585b3c4516153019a0c25d8');
INSERT INTO `trade_user` VALUES ('4', 'dlive_1463720501', 'ef0172c92281e71a9df534fd9aaff164', 'dlive_1463720501@gmail.com', '0', '0', 'd68e9c40845d659cd9981dd22bb5362526cb483d');
INSERT INTO `trade_user` VALUES ('5', 'dlive_1463720584', 'ef0172c92281e71a9df534fd9aaff164', 'dlive_1463720584@gmail.com', '0', '0', 'e34fea39b68d42e72fa94420c74a40dce8e15c78');
INSERT INTO `trade_user` VALUES ('6', 'dlive_1463721036', 'ef0172c92281e71a9df534fd9aaff164', 'dlive_1463721036@gmail.com', '0', '0', 'ff7bceb9b050a8f732386318ceefc35e8a3a9192');
INSERT INTO `trade_user` VALUES ('7', 'dlive_1463721066', 'ef0172c92281e71a9df534fd9aaff164', 'dlive_1463721066@gmail.com', '0', '0', '9a15e8fa36b6b94624bffc393e1a10bb3d2fc616');
INSERT INTO `trade_user` VALUES ('8', 'dlive_1463721099', 'ef0172c92281e71a9df534fd9aaff164', 'dlive_1463721099@gmail.com', '0', '0', '600f1dc5fcb3fd5b0049c95013db6c0581ff444b');
INSERT INTO `trade_user` VALUES ('9', 'dlive_1463721144', 'ef0172c92281e71a9df534fd9aaff164', 'dlive_1463721144@gmail.com', '0', '0', 'fc59ec065d8f1344960c72ff27233825bba9453f');
INSERT INTO `trade_user` VALUES ('10', 'dlive_1463721166', 'ef0172c92281e71a9df534fd9aaff164', 'dlive_1463721166@gmail.com', '0', '0', 'abe29e4c1e9f40ad46f95677138d64bfff5cf98c');
INSERT INTO `trade_user` VALUES ('11', 'dlive_1463721191', 'ef0172c92281e71a9df534fd9aaff164', 'dlive_1463721191@gmail.com', '0', '0', '08a50ff5fc482f25767fd1e02827654e2bc92aff');
INSERT INTO `trade_user` VALUES ('12', 'dlive_1463721206', 'ef0172c92281e71a9df534fd9aaff164', 'dlive_1463721206@gmail.com', '0', '0', 'f9271bc04117189a33144bac2732e3c007ed0ca6');
INSERT INTO `trade_user` VALUES ('13', 'dlive_1463721225', 'ef0172c92281e71a9df534fd9aaff164', 'dlive_1463721225@gmail.com', '0', '0', '677a0daea0e8ab638c622f8704716360cf3ea0ad');
INSERT INTO `trade_user` VALUES ('14', 'dlive_1463721627', 'ef0172c92281e71a9df534fd9aaff164', 'dlive_1463721627@gmail.com', '0', '0', 'efc26ffd36cb851a6706aa6a54a5974df0bf4b1a');
INSERT INTO `trade_user` VALUES ('15', 'dlive_1463721638', 'ef0172c92281e71a9df534fd9aaff164', 'dlive_1463721638@gmail.com', '0', '0', '34191da6a4573622df7b4272d7f1987fe694ca95');
INSERT INTO `trade_user` VALUES ('16', 'dlive_1463721717', 'ef0172c92281e71a9df534fd9aaff164', 'dlive_1463721717@gmail.com', '0', '0', 'cd0d8bdd99aec2176e2732b6589b83e66d5c0e5e');
INSERT INTO `trade_user` VALUES ('17', 'dlive_1463721721', 'ef0172c92281e71a9df534fd9aaff164', 'dlive_1463721721@gmail.com', '0', '0', '061b5a067f7387f8dd66f10345315c1b8d8e8cf8');
INSERT INTO `trade_user` VALUES ('18', 'dlive_1463721929', 'ef0172c92281e71a9df534fd9aaff164', 'dlive_1463721929@gmail.com', '0', '0', 'f856a734d9bb40cc65e02c6a15bf5b659ea5ef24');
INSERT INTO `trade_user` VALUES ('19', 'dlive_1463721932', 'ef0172c92281e71a9df534fd9aaff164', 'dlive_1463721932@gmail.com', '0', '0', '47b6ba2ffb0a1c077cc4f7eabf350829b264f276');
INSERT INTO `trade_user` VALUES ('20', 'dlive_1463721984', 'ef0172c92281e71a9df534fd9aaff164', 'dlive_1463721984@gmail.com', '0', '0', '1146a5f12ffed1ee9d1efaacc3f0466e2f4c7af4');
INSERT INTO `trade_user` VALUES ('21', 'dlive_1463721999', 'ef0172c92281e71a9df534fd9aaff164', 'dlive_1463721999@gmail.com', '0', '0', '77c298d441947e4d9cedc1bfdd8cf8abacba4262');
INSERT INTO `trade_user` VALUES ('22', 'dlive_1463722052', 'ef0172c92281e71a9df534fd9aaff164', 'dlive_1463722052@gmail.com', '0', '0', '763043b2a54d7f19e2e5c2db94e6f400be2d963d');
INSERT INTO `trade_user` VALUES ('23', 'dlive_1463722654', 'ef0172c92281e71a9df534fd9aaff164', 'dlive_1463722654@gmail.com', '0', '0', '618cf7fc415f474047686e73879215c208cca760');
INSERT INTO `trade_user` VALUES ('24', 'dlive_1463722706', 'ef0172c92281e71a9df534fd9aaff164', 'dlive_1463722706@gmail.com', '0', '0', '913398b784256fff97815f283637d009a03323d8');
INSERT INTO `trade_user` VALUES ('25', 'dlive_1463722730', 'ef0172c92281e71a9df534fd9aaff164', 'dlive_1463722730@gmail.com', '0', '0', '60ca9b84ab9262ee84cfd33262f2b32bc9978841');
INSERT INTO `trade_user` VALUES ('26', 'dlive_1463722747', 'ef0172c92281e71a9df534fd9aaff164', 'dlive_1463722747@gmail.com', '0', '0', 'ff17160ed89e2f314c915493adf36871e494ff44');
INSERT INTO `trade_user` VALUES ('27', 'dlive_1463722841', 'ef0172c92281e71a9df534fd9aaff164', 'dlive_1463722841@gmail.com', '0', '0', '21865767677daf93e41d93a205f2451d22485e13');
INSERT INTO `trade_user` VALUES ('28', 'dlive_1463722851', 'ef0172c92281e71a9df534fd9aaff164', 'dlive_1463722851@gmail.com', '0', '0', '6b2ebd9751c44ba7da79b19aeecd4db76786ece7');
INSERT INTO `trade_user` VALUES ('29', 'dlive_1463722916', 'ef0172c92281e71a9df534fd9aaff164', 'dlive_1463722916@gmail.com', '0', '0', '0c001ac9cde8049d46ed7a1c3fca491054ea1c0c');
INSERT INTO `trade_user` VALUES ('30', 'dlive_1463722935', 'ef0172c92281e71a9df534fd9aaff164', 'dlive_1463722935@gmail.com', '0', '0', 'ef00d056259523975b8bbb36177eed814ca8bfab');
INSERT INTO `trade_user` VALUES ('31', 'dlive_1463723002', 'ef0172c92281e71a9df534fd9aaff164', 'dlive_1463723002@gmail.com', '0', '0', '0af4e7e3a18254c27853c939a8840ff409857032');
INSERT INTO `trade_user` VALUES ('32', 'dlive_1463723014', 'ef0172c92281e71a9df534fd9aaff164', 'dlive_1463723014@gmail.com', '0', '0', '70ef373c7b6620813b2d01924000c570cb8a240d');
INSERT INTO `trade_user` VALUES ('33', 'dlive_1463723016', 'ef0172c92281e71a9df534fd9aaff164', 'dlive_1463723016@gmail.com', '0', '0', '04f5f9ad9d8254b9374b893c9f6eb2fb48d85848');
INSERT INTO `trade_user` VALUES ('34', 'dlive_1463723308', 'ef0172c92281e71a9df534fd9aaff164', 'dlive_1463723308@gmail.com', '0', '0', '79e0a65bfe331fa8bbc522a8a0ed144701ef6f8f');
INSERT INTO `trade_user` VALUES ('35', 'dlive_1463723413', 'ef0172c92281e71a9df534fd9aaff164', 'dlive_1463723413@gmail.com', '0', '0', '7522d5995000e0de5822f41ee43a95d5268b2f39');
INSERT INTO `trade_user` VALUES ('36', 'dlive_1463723438', 'ef0172c92281e71a9df534fd9aaff164', 'dlive_1463723438@gmail.com', '0', '0', '9b8f52cfd7b6f6fa192f2941a85153582e9e9328');
INSERT INTO `trade_user` VALUES ('37', 'dlive_1463723784', 'ef0172c92281e71a9df534fd9aaff164', 'dlive_1463723784@gmail.com', '0', '0', '12418df2dc4f39afa6da0480aef480e32d49c07b');
INSERT INTO `trade_user` VALUES ('38', 'dlive_1463723844', 'ef0172c92281e71a9df534fd9aaff164', 'dlive_1463723844@gmail.com', '0', '0', '1df2167b46e4c74a3912559510a01541b62e8a81');
INSERT INTO `trade_user` VALUES ('39', 'dlive_1463724179', 'ef0172c92281e71a9df534fd9aaff164', 'dlive_1463724179@gmail.com', '0', '0', '4ce1c6329a99cc6e65977e74343e75176c1283a3');
INSERT INTO `trade_user` VALUES ('40', 'dlive_1463724180', 'ef0172c92281e71a9df534fd9aaff164', 'dlive_1463724180@gmail.com', '0', '0', 'e2e86c9f44ae18ab39df28521ff767d631a99661');
INSERT INTO `trade_user` VALUES ('41', 'dlive_1463724225', 'ef0172c92281e71a9df534fd9aaff164', 'dlive_1463724225@gmail.com', '0', '0', 'ec8524b1f43a908a24b5d179c91621a3b5c65be3');
INSERT INTO `trade_user` VALUES ('42', 'dlive_1463724236', 'ef0172c92281e71a9df534fd9aaff164', 'dlive_1463724236@gmail.com', '0', '0', '51bf283acb3c7fb72eb269fb5007c297e7686a2e');
INSERT INTO `trade_user` VALUES ('43', 'dlive_1463724237', 'ef0172c92281e71a9df534fd9aaff164', 'dlive_1463724237@gmail.com', '0', '0', '1c8b3c5528bd06b53b0e66588c6b53bc3200f05a');
INSERT INTO `trade_user` VALUES ('44', 'dlive_1463724272', 'ef0172c92281e71a9df534fd9aaff164', 'dlive_1463724272@gmail.com', '0', '0', '7ac1f7a265680130dc52453a2c214a9ca9836984');
INSERT INTO `trade_user` VALUES ('45', 'dlive_1463724282', 'ef0172c92281e71a9df534fd9aaff164', 'dlive_1463724282@gmail.com', '0', '0', 'd7dc5dd7cc3a6ccfc14807a5e40eaf29080ccda8');
INSERT INTO `trade_user` VALUES ('46', 'dlive_1463724320', 'ef0172c92281e71a9df534fd9aaff164', 'dlive_1463724320@gmail.com', '0', '0', '41bb207caf57c9af7eaee963bbf2ce3b47539ddd');
INSERT INTO `trade_user` VALUES ('47', 'dlive_1463724327', 'ef0172c92281e71a9df534fd9aaff164', 'dlive_1463724327@gmail.com', '0', '0', 'bb4b2a7744666f9fc21b817238dc04893d528477');
INSERT INTO `trade_user` VALUES ('48', 'dlive_1463724400', 'ef0172c92281e71a9df534fd9aaff164', 'dlive_1463724400@gmail.com', '0', '0', 'e0a263af57bcd5657bd9009dc1fae40f62dd7b04');
INSERT INTO `trade_user` VALUES ('49', 'dlive_1463724401', 'ef0172c92281e71a9df534fd9aaff164', 'dlive_1463724401@gmail.com', '0', '0', 'c765677a0d48fa8ab7e8881712e54db739ea795f');
INSERT INTO `trade_user` VALUES ('50', 'dlive_1463724437', 'ef0172c92281e71a9df534fd9aaff164', 'dlive_1463724437@gmail.com', '0', '0', '61bf8d5221bc627520fec6a5290992a6c492e51d');
INSERT INTO `trade_user` VALUES ('51', 'dlive_1463724547', 'ef0172c92281e71a9df534fd9aaff164', 'dlive_1463724547@gmail.com', '0', '0', 'f3bb9e5c52916d20f3957a65aa52f2a6c04b82bc');
INSERT INTO `trade_user` VALUES ('52', 'dlive_1463724553', 'ef0172c92281e71a9df534fd9aaff164', 'dlive_1463724553@gmail.com', '0', '0', 'b68bd7569c44f0cbdfd08d1fe0946900429cc365');
INSERT INTO `trade_user` VALUES ('53', 'dlive_1463724554', 'ef0172c92281e71a9df534fd9aaff164', 'dlive_1463724554@gmail.com', '0', '0', '637114dbc7d88f5ccb3bc027eae25d8905525085');
INSERT INTO `trade_user` VALUES ('54', 'dlive_1463724556', 'ef0172c92281e71a9df534fd9aaff164', 'dlive_1463724556@gmail.com', '0', '0', '5923c5493293a719f889c5c68a6165ee70782cc2');
INSERT INTO `trade_user` VALUES ('55', 'dlive_1463724557', 'ef0172c92281e71a9df534fd9aaff164', 'dlive_1463724557@gmail.com', '0', '0', '70402c4f1ba4e008cd1fbaaa9a7669e600b6324a');
INSERT INTO `trade_user` VALUES ('56', 'dlive_1463724558', 'ef0172c92281e71a9df534fd9aaff164', 'dlive_1463724558@gmail.com', '0', '0', '5aee050553c3a166d8afe96aee8c4f7d4d89b44b');
INSERT INTO `trade_user` VALUES ('57', 'dlive_1463724569', 'ef0172c92281e71a9df534fd9aaff164', 'dlive_1463724569@gmail.com', '0', '0', '52956e7d9408573e0c8f7ccebef82e2c0bbc10fc');
INSERT INTO `trade_user` VALUES ('58', 'dlive_1463724595', 'ef0172c92281e71a9df534fd9aaff164', 'dlive_1463724595@gmail.com', '0', '0', '91e40c33a5319111ab4b33fee6cc4aec612c0218');
INSERT INTO `trade_user` VALUES ('59', 'dlive_1463724645', 'ef0172c92281e71a9df534fd9aaff164', 'dlive_1463724645@gmail.com', '0', '0', '666adc24d653bcf65010c1a8cbe8d103d8394d60');
INSERT INTO `trade_user` VALUES ('60', 'dlive_1463724670', 'ef0172c92281e71a9df534fd9aaff164', 'dlive_1463724670@gmail.com', '0', '0', 'd0076d117f5c7bfabd77980061b5e4d893e17f8e');
INSERT INTO `trade_user` VALUES ('61', 'dlive_1463724671', 'ef0172c92281e71a9df534fd9aaff164', 'dlive_1463724671@gmail.com', '0', '0', 'a56181c13aca48ac23378e8056a90c0a92c8a713');
INSERT INTO `trade_user` VALUES ('62', 'dlive_1463724743', 'ef0172c92281e71a9df534fd9aaff164', 'dlive_1463724743@gmail.com', '0', '0', '9fe850d87476e38c93322542ba469361e0b7aa83');
INSERT INTO `trade_user` VALUES ('63', 'dlive_1463724765', 'ef0172c92281e71a9df534fd9aaff164', 'dlive_1463724765@gmail.com', '0', '0', 'cd8539f8ee5d23c1d266d4775a37ab01055ba689');
INSERT INTO `trade_user` VALUES ('64', 'dlive_1463724800', 'ef0172c92281e71a9df534fd9aaff164', 'dlive_1463724800@gmail.com', '0', '0', '4568e7407fac59e6171c6b2628d025560d483b17');
INSERT INTO `trade_user` VALUES ('65', 'dlive_1463724807', 'ef0172c92281e71a9df534fd9aaff164', 'dlive_1463724807@gmail.com', '0', '0', '6976f9e08a5357f2dd6cb4b2f2aa2065626c2e3e');
INSERT INTO `trade_user` VALUES ('66', 'dlive_1463724836', 'ef0172c92281e71a9df534fd9aaff164', 'dlive_1463724836@gmail.com', '0', '0', '69739c44e6aa35c1784626f08bbdd9567b124cf6');
INSERT INTO `trade_user` VALUES ('67', 'dlive_1463724857', 'ef0172c92281e71a9df534fd9aaff164', 'dlive_1463724857@gmail.com', '0', '0', '38a216ea00e6d562e6c74ee39cdeee186266bf13');
INSERT INTO `trade_user` VALUES ('68', 'dlive_1463725023', 'ef0172c92281e71a9df534fd9aaff164', 'dlive_1463725023@gmail.com', '0', '0', '22259e268aa71739ebc6b96cd73d2b2944e810ea');
INSERT INTO `trade_user` VALUES ('69', 'dlive_1463725024', 'ef0172c92281e71a9df534fd9aaff164', 'dlive_1463725024@gmail.com', '0', '0', '98eff5c44aaf8d5741c0c1f8db553ecab089dec2');
INSERT INTO `trade_user` VALUES ('70', 'dlive_1463725025', 'ef0172c92281e71a9df534fd9aaff164', 'dlive_1463725025@gmail.com', '0', '0', 'f93ee685be02a676ce2094c15759cf0530025f6d');
INSERT INTO `trade_user` VALUES ('71', 'dlive_1463725229', 'ef0172c92281e71a9df534fd9aaff164', 'dlive_1463725229@gmail.com', '0', '0', '5cc3b2c468e2dbb0d110b6658e9b0b4a14bfc4b4');
INSERT INTO `trade_user` VALUES ('72', 'dlive_1463725240', 'ef0172c92281e71a9df534fd9aaff164', 'dlive_1463725240@gmail.com', '0', '0', 'd5df63ec02c1916efd051bbb1e2ba7c1e01e069e');
INSERT INTO `trade_user` VALUES ('73', 'dlive_1463725242', 'ef0172c92281e71a9df534fd9aaff164', 'dlive_1463725242@gmail.com', '0', '0', '1daabc3fe80937d267dfe7747b5abf74b646f26c');
INSERT INTO `trade_user` VALUES ('74', 'dlive_1463725244', 'ef0172c92281e71a9df534fd9aaff164', 'dlive_1463725244@gmail.com', '0', '0', 'b62503f2bea25edc002af1b8d577165c059c3ca8');
INSERT INTO `trade_user` VALUES ('75', 'dlive_1463725308', 'ef0172c92281e71a9df534fd9aaff164', 'dlive_1463725308@gmail.com', '0', '0', 'd3d3fca57f86f6945109e8e308746ce3c3b4fed8');
INSERT INTO `trade_user` VALUES ('76', 'dlive_1463725310', 'ef0172c92281e71a9df534fd9aaff164', 'dlive_1463725310@gmail.com', '0', '0', '524adf6edfe138d50cf25a350b91fee264a9bbe4');
INSERT INTO `trade_user` VALUES ('77', 'dlive_1463725312', 'ef0172c92281e71a9df534fd9aaff164', 'dlive_1463725312@gmail.com', '0', '0', '51250490ab74ff9bf2020d296ec43d1da03720f4');
INSERT INTO `trade_user` VALUES ('78', 'dlive_1463725447', 'ef0172c92281e71a9df534fd9aaff164', 'dlive_1463725447@gmail.com', '0', '0', '404638bfb8324c3eab879acc19d9ac66863317bb');
INSERT INTO `trade_user` VALUES ('79', 'dlive_1463725448', 'ef0172c92281e71a9df534fd9aaff164', 'dlive_1463725448@gmail.com', '0', '0', '90e2a5d1c1fa9b2b4f02e9adc0d7e3d7da70571d');
INSERT INTO `trade_user` VALUES ('80', 'dlive_1463725449', 'ef0172c92281e71a9df534fd9aaff164', 'dlive_1463725449@gmail.com', '0', '0', 'c379b2fac7da35f0f385271084fbfc8eef917f85');
INSERT INTO `trade_user` VALUES ('81', 'dlive_1463725450', 'ef0172c92281e71a9df534fd9aaff164', 'dlive_1463725450@gmail.com', '0', '0', '91a89f53596225dd4d1753466b6d79b1fc57019a');
INSERT INTO `trade_user` VALUES ('82', 'dlive_1463725451', 'ef0172c92281e71a9df534fd9aaff164', 'dlive_1463725451@gmail.com', '0', '0', '9946c19de30cb1ff03c37b327097fd2d5dbb8c64');
INSERT INTO `trade_user` VALUES ('83', 'dlive_1463725453', 'ef0172c92281e71a9df534fd9aaff164', 'dlive_1463725453@gmail.com', '0', '0', '09ee0a5f1e927eebf0dd7635bdbe6762c5f384f4');
INSERT INTO `trade_user` VALUES ('84', 'dlive_1463725454', 'ef0172c92281e71a9df534fd9aaff164', 'dlive_1463725454@gmail.com', '0', '0', 'c989d7259d4a6eac9fd1cd2f8868cb8011ed0416');
INSERT INTO `trade_user` VALUES ('85', 'dlive_1463725511', 'ef0172c92281e71a9df534fd9aaff164', 'dlive_1463725511@gmail.com', '0', '0', 'b2d40be005e8cad125b680fbfd35ee05b40fa644');
INSERT INTO `trade_user` VALUES ('86', 'dlive_1463725512', 'ef0172c92281e71a9df534fd9aaff164', 'dlive_1463725512@gmail.com', '0', '0', 'fec9ad868e531a5d549d9924636169a3070b5a07');
INSERT INTO `trade_user` VALUES ('87', 'dlive_1463725513', 'ef0172c92281e71a9df534fd9aaff164', 'dlive_1463725513@gmail.com', '0', '0', '356e2e204405e74af0926389c6fe9071026c6de1');
INSERT INTO `trade_user` VALUES ('88', 'dlive_1463725514', 'ef0172c92281e71a9df534fd9aaff164', 'dlive_1463725514@gmail.com', '0', '0', '19e065195b854bbdeda9d019173905ae72457a20');
INSERT INTO `trade_user` VALUES ('89', 'dlive_1463725515', 'ef0172c92281e71a9df534fd9aaff164', 'dlive_1463725515@gmail.com', '0', '0', '0421098d55e4609780609802992b1d415fc37f69');
INSERT INTO `trade_user` VALUES ('90', 'dlive_1463725516', 'ef0172c92281e71a9df534fd9aaff164', 'dlive_1463725516@gmail.com', '0', '0', '0a981d4331a15ed2cef82975e4aaa6ad62c8f978');
INSERT INTO `trade_user` VALUES ('91', 'dlive_1463725518', 'ef0172c92281e71a9df534fd9aaff164', 'dlive_1463725518@gmail.com', '0', '0', 'ba60ad2e9b779a689de43b423f4cd606f793f5bb');
INSERT INTO `trade_user` VALUES ('92', 'dlive_1463725519', 'ef0172c92281e71a9df534fd9aaff164', 'dlive_1463725519@gmail.com', '0', '0', 'f0a546f024e1a93b25cbd1ed23cabc5d7fa77a9b');
INSERT INTO `trade_user` VALUES ('93', 'dlive_1463725520', 'ef0172c92281e71a9df534fd9aaff164', 'dlive_1463725520@gmail.com', '0', '0', '310dfde607f86ef6921ef2aad77d51498c0d7760');
INSERT INTO `trade_user` VALUES ('94', 'dlive_1463725605', 'ef0172c92281e71a9df534fd9aaff164', 'dlive_1463725605@gmail.com', '0', '0', 'a3902fd6dcae6ef34f3817c3ee63ef7c3d543299');
INSERT INTO `trade_user` VALUES ('95', 'dlive_1463725606', 'ef0172c92281e71a9df534fd9aaff164', 'dlive_1463725606@gmail.com', '0', '0', '35694c00ac20b4b2c7b978ab97ffba097f246846');
INSERT INTO `trade_user` VALUES ('96', 'dlive_1463725607', 'ef0172c92281e71a9df534fd9aaff164', 'dlive_1463725607@gmail.com', '0', '0', 'a64e97b587f7fc6f1671040b10c5355f48ea99e0');
INSERT INTO `trade_user` VALUES ('97', 'dlive_1463725609', 'ef0172c92281e71a9df534fd9aaff164', 'dlive_1463725609@gmail.com', '0', '0', '24f649910a3af5bfbc814278cbc6ce3b38247bf0');
INSERT INTO `trade_user` VALUES ('98', 'dlive_1463725610', 'ef0172c92281e71a9df534fd9aaff164', 'dlive_1463725610@gmail.com', '0', '0', '7b0b26cc291f82a9ceda77d93460815f5ca59f28');
INSERT INTO `trade_user` VALUES ('99', 'dlive_1463725611', 'ef0172c92281e71a9df534fd9aaff164', 'dlive_1463725611@gmail.com', '0', '0', 'ffdc5f478928feec50df6f3ff157eb624ba7374e');
INSERT INTO `trade_user` VALUES ('100', 'dlive_1463725612', 'ef0172c92281e71a9df534fd9aaff164', 'dlive_1463725612@gmail.com', '0', '0', '781a330ee59baff4cc5a1875dca2faeeca3fa740');
INSERT INTO `trade_user` VALUES ('101', 'dlive_1463725679', 'ef0172c92281e71a9df534fd9aaff164', 'dlive_1463725679@gmail.com', '0', '0', 'f1f523cc2d67edae0235fc17f28c652f1b568593');
INSERT INTO `trade_user` VALUES ('102', 'dlive_1463725680', 'ef0172c92281e71a9df534fd9aaff164', 'dlive_1463725680@gmail.com', '0', '0', 'cb2a71d8301b1560123cb36a2f358319a55125a2');
INSERT INTO `trade_user` VALUES ('103', 'dlive_1463725681', 'ef0172c92281e71a9df534fd9aaff164', 'dlive_1463725681@gmail.com', '0', '0', '075b637cc80f62a2e427ea3c283cb45e647d59a9');
INSERT INTO `trade_user` VALUES ('104', 'dlive_1463725682', 'ef0172c92281e71a9df534fd9aaff164', 'dlive_1463725682@gmail.com', '0', '0', '98397612c2fd857e761999c2d35f1cc27858cb5e');
INSERT INTO `trade_user` VALUES ('105', 'dlive_1463725683', 'ef0172c92281e71a9df534fd9aaff164', 'dlive_1463725683@gmail.com', '0', '0', '537465575bba45ce314d3d8a8fee707801af03e0');
INSERT INTO `trade_user` VALUES ('106', 'dlive_1463725684', 'ef0172c92281e71a9df534fd9aaff164', 'dlive_1463725684@gmail.com', '0', '0', 'c86a6b1cc12a22223e1216ca6d9d346e617e86a9');
INSERT INTO `trade_user` VALUES ('107', 'dlive_1463725685', 'ef0172c92281e71a9df534fd9aaff164', 'dlive_1463725685@gmail.com', '0', '0', '10a8ca2ef8b118e849e4aee15e3ab4dd8f94a41e');
INSERT INTO `trade_user` VALUES ('108', 'aa1ff2716f65ddf5', 'ef0172c92281e71a9df534fd9aaff164', 'dlive_1463726255@gmail.com', '0', '0', 'd1bf5ee3b6ba4a027cbac8ebd21c4826b576ded2');
INSERT INTO `trade_user` VALUES ('109', 'caf409a00afac553', 'ef0172c92281e71a9df534fd9aaff164', 'dlive_1463726256@gmail.com', '0', '0', '75d23ad541d3aae471c099e5689e361e5703b906');
INSERT INTO `trade_user` VALUES ('110', 'd127f97af9a9a7e0', 'ef0172c92281e71a9df534fd9aaff164', 'dlive_1463726257@gmail.com', '0', '0', '2f50318dfb6a45751046a9ed5be3d798102b58fe');
INSERT INTO `trade_user` VALUES ('111', 'c3d08cf05a4b565c', 'ef0172c92281e71a9df534fd9aaff164', 'dlive_1463726258@gmail.com', '0', '0', '76efd7a84e9f395304b4c23bd5225a87cd944ec0');
INSERT INTO `trade_user` VALUES ('112', 'c5c8c41d0ee22118', 'ef0172c92281e71a9df534fd9aaff164', 'dlive_1463726260@gmail.com', '0', '0', '2f0f315780d677f94f39446ef66d7da07faa6474');
INSERT INTO `trade_user` VALUES ('113', 'eec320c14bcdd62e', 'ef0172c92281e71a9df534fd9aaff164', 'dlive_1463726261@gmail.com', '0', '0', 'f5ba334f2e4e41c854c7b2a929f61865df980bdd');
INSERT INTO `trade_user` VALUES ('114', 'f8a3b2da8ba6c84c', 'ef0172c92281e71a9df534fd9aaff164', 'dlive_1463726292@gmail.com', '0', '0', '2ef7692689cbf66e8f464c4bd4f5089798dfb727');
INSERT INTO `trade_user` VALUES ('115', 'cc5154436b75cabe', 'ef0172c92281e71a9df534fd9aaff164', 'dlive_1463726293@gmail.com', '0', '0', '6c2c7e25869fa66ec11d2555bf9b1b93ba34407c');
INSERT INTO `trade_user` VALUES ('116', 'ab30e37342d6cb9b', 'ef0172c92281e71a9df534fd9aaff164', 'dlive_1463726294@gmail.com', '0', '0', '54555d59655350aca9dfd10f311cbed6436bd7ce');
INSERT INTO `trade_user` VALUES ('117', 'e45c6486d911bde7', 'ef0172c92281e71a9df534fd9aaff164', 'dlive_1463726295@gmail.com', '0', '0', '6517f5fddc17a5426836bf2d57d80a8124876c69');
INSERT INTO `trade_user` VALUES ('118', 'e3311055edf0aadc', 'ef0172c92281e71a9df534fd9aaff164', 'dlive_1463726299@gmail.com', '0', '0', 'a7fc967eac09a5d65e6a6c22e1d83e297fae4b64');
INSERT INTO `trade_user` VALUES ('119', 'fdbef9b93b451a73', 'ef0172c92281e71a9df534fd9aaff164', 'dlive_1463726300@gmail.com', '0', '0', '05aac9c6f0f353d882495aff05ae9b06908a73cd');
INSERT INTO `trade_user` VALUES ('120', 'fe7d47386b5fccea', 'ef0172c92281e71a9df534fd9aaff164', 'dlive_1463726301@gmail.com', '0', '0', '40b758563140419d754131c08a2203740d4cd236');
INSERT INTO `trade_user` VALUES ('121', 'd493db27fd494567', 'ef0172c92281e71a9df534fd9aaff164', 'dlive_1463726303@gmail.com', '0', '0', 'cee73f76f44452fe050fa986754073f78a157340');
INSERT INTO `trade_user` VALUES ('122', 'c68e36f83f37eb8f', 'ef0172c92281e71a9df534fd9aaff164', 'dlive_1463726304@gmail.com', '0', '0', 'bc04332faff64bb43f51652d9f2cca32de1f7c78');
INSERT INTO `trade_user` VALUES ('123', 'd6efb92efcb8216', 'ef0172c92281e71a9df534fd9aaff164', 'dlive_1463726517@gmail.com', '0', '0', '2bdf625a5d8bf26f97f76d5d4fd556d49fdbc3e5');
INSERT INTO `trade_user` VALUES ('124', 'e89753f82ffdffb', 'ef0172c92281e71a9df534fd9aaff164', 'dlive_1463726518@gmail.com', '0', '0', 'b6d6813ee5394941d5ad36497c16b1970de609a7');
INSERT INTO `trade_user` VALUES ('125', 'afedd4764125e2f', 'ef0172c92281e71a9df534fd9aaff164', 'dlive_1463726519@gmail.com', '0', '0', '94414657437e921cd72bdb51311fc23dc32b8718');
INSERT INTO `trade_user` VALUES ('126', 'a1412b4ebee1e27', 'ef0172c92281e71a9df534fd9aaff164', 'dlive_1463726520@gmail.com', '0', '0', 'ebe9451d5866df5f591e30f0a7abd4fe686b0727');
INSERT INTO `trade_user` VALUES ('127', 'd04e4ab7c49f648', 'ef0172c92281e71a9df534fd9aaff164', 'dlive_1463726566@gmail.com', '0', '0', '1deb0ef31ca32abe51a2656ffb6d0c8b1ec21a1c');
INSERT INTO `trade_user` VALUES ('128', 'd7c82b8bb17923d', 'ef0172c92281e71a9df534fd9aaff164', 'dlive_1463726567@gmail.com', '0', '0', '4f2a7eb2b208aa1a451278087834c1b258319e3f');
INSERT INTO `trade_user` VALUES ('129', 'dd44bbb760ada72', 'ef0172c92281e71a9df534fd9aaff164', 'dlive_1463726568@gmail.com', '0', '0', '0fb9100a5aeeaf442231be313966b19f1c29b5c0');
INSERT INTO `trade_user` VALUES ('130', 'd0eac535e1249f7', 'ef0172c92281e71a9df534fd9aaff164', 'dlive_1463726569@gmail.com', '0', '0', 'b16fd3ec1b8c8db0d054ba31c5e57fa7bf08aee5');
INSERT INTO `trade_user` VALUES ('131', 'ded896f92c11e24', 'ef0172c92281e71a9df534fd9aaff164', 'dlive_ed896f92c11e24@gmail.com', '0', '0', '408d37eeda9af219e4d256d476a2a2778adcb6fe');
INSERT INTO `trade_user` VALUES ('132', 'dac65c33e4a1e20', 'ef0172c92281e71a9df534fd9aaff164', 'dlive_ac65c33e4a1e20@gmail.com', '0', '0', 'd8bb38c9ec9e189c1001fab66d424f6fcd110e3b');
INSERT INTO `trade_user` VALUES ('133', 'dcf2ed6626dfc3e', 'ef0172c92281e71a9df534fd9aaff164', 'dlive_cf2ed6626dfc3e@gmail.com', '0', '0', '8bba4f9ac38b928f9efa02bb62b752f950ef94c7');
INSERT INTO `trade_user` VALUES ('134', 'ddeb82986d62c10', 'ef0172c92281e71a9df534fd9aaff164', 'dlive_deb82986d62c10@gmail.com', '0', '0', 'f902aa1b133b73f687415db8cd48c5e9a4fdb486');
INSERT INTO `trade_user` VALUES ('135', 'dad400295e34fd9', 'ef0172c92281e71a9df534fd9aaff164', 'dlive_ad400295e34fd9@gmail.com', '0', '0', '250fe054f896b029fdc1a7f7e92a22d3bfa95d98');
INSERT INTO `trade_user` VALUES ('136', 'd82861378968e04', 'ef0172c92281e71a9df534fd9aaff164', 'dlive_82861378968e04@gmail.com', '0', '0', '12ad9ce70a8c341725f84d33f37dd6c11016bd3f');
INSERT INTO `trade_user` VALUES ('137', 'd2e3b272ad375b7', 'ef0172c92281e71a9df534fd9aaff164', 'dlive_2e3b272ad375b7@gmail.com', '0', '0', '82a9a15e7119a2ffab36057ff86770b3e2ba638f');
INSERT INTO `trade_user` VALUES ('138', 'd43bf2935c91f6d', 'ef0172c92281e71a9df534fd9aaff164', 'dlive_43bf2935c91f6d@gmail.com', '0', '0', '50f197f6af104459d8cf1795254e2e06cbecad09');
INSERT INTO `trade_user` VALUES ('139', 'd98bc300c064570', 'ef0172c92281e71a9df534fd9aaff164', 'dlive_98bc300c064570@gmail.com', '0', '0', 'c46c832f530916fac3fc70c122d8d2031e8c7cff');
INSERT INTO `trade_user` VALUES ('140', 'dcb4f6285b1bcc8', 'ef0172c92281e71a9df534fd9aaff164', 'dlive_cb4f6285b1bcc8@gmail.com', '0', '0', '4f67acb4c8fa3f52fe74bc79598d461193aab871');
INSERT INTO `trade_user` VALUES ('141', 'da75de645934459', 'ef0172c92281e71a9df534fd9aaff164', 'dlive_a75de645934459@gmail.com', '0', '0', '73a1c832b83f0127fe4e5e6c0e37f910244b6c89');
INSERT INTO `trade_user` VALUES ('142', 'd58d2befc7595ae', 'ef0172c92281e71a9df534fd9aaff164', 'dlive_58d2befc7595ae@gmail.com', '0', '0', '68315bd76cf650679abae69fecec070ac496936d');
INSERT INTO `trade_user` VALUES ('143', 'd46e5a913db4f19', 'ef0172c92281e71a9df534fd9aaff164', 'dlive_46e5a913db4f19@gmail.com', '0', '0', 'a9c0b6d72d4f40d60ba84d46fce705b71760476a');
INSERT INTO `trade_user` VALUES ('144', 'df656f8c6ce98b4', 'ef0172c92281e71a9df534fd9aaff164', 'dlive_f656f8c6ce98b4@gmail.com', '0', '0', 'ebd3bf01a2c2e3b259ac804cec5dbdf05aa406ff');
INSERT INTO `trade_user` VALUES ('145', 'd5362373c71876d', 'ef0172c92281e71a9df534fd9aaff164', 'dlive_5362373c71876d@gmail.com', '0', '0', '6e44d4c54abc9779ee537726c5954cdc650788c5');
INSERT INTO `trade_user` VALUES ('146', 'd987c08244ad292', 'ef0172c92281e71a9df534fd9aaff164', 'dlive_987c08244ad292@gmail.com', '0', '0', '42e549e518b60c13082f120d1c941022dd9c8618');
INSERT INTO `trade_user` VALUES ('147', 'dc91e71bbe57a38', 'ef0172c92281e71a9df534fd9aaff164', 'dlive_c91e71bbe57a38@gmail.com', '0', '0', '120f175cac509285b713af645f1329c2321d0b4a');
INSERT INTO `trade_user` VALUES ('148', 'd957080935df9dc', 'ef0172c92281e71a9df534fd9aaff164', 'dlive_957080935df9dc@gmail.com', '0', '0', '58c6f71ebd774052a1eb224b45ecf6edffb57e25');
INSERT INTO `trade_user` VALUES ('149', 'd71835bf458cba1', 'ef0172c92281e71a9df534fd9aaff164', 'dlive_71835bf458cba1@gmail.com', '0', '0', '4f6d1884bb8ae8864359e0aa088e460e1b159c1d');
INSERT INTO `trade_user` VALUES ('150', 'd357ea16c5b021d', 'ef0172c92281e71a9df534fd9aaff164', 'dlive_357ea16c5b021d@gmail.com', '0', '0', '4c58885e47ad1ceb8a25692f3967e0cae7ba16d4');
INSERT INTO `trade_user` VALUES ('151', 'dda4b8d90d279e4', 'ef0172c92281e71a9df534fd9aaff164', 'dlive_da4b8d90d279e4@gmail.com', '0', '0', 'bb6de337f1befcb10c4a158390093b5a4962d238');
INSERT INTO `trade_user` VALUES ('152', 'ddf446902e05701', 'ef0172c92281e71a9df534fd9aaff164', 'dlive_df446902e05701@gmail.com', '0', '0', '9f43a0ce0573706619e376c9a1106b38abf62ea0');
INSERT INTO `trade_user` VALUES ('153', 'd5ecbc0161d5e9c', 'ef0172c92281e71a9df534fd9aaff164', 'dlive_5ecbc0161d5e9c@gmail.com', '0', '0', '02d9584fa4da4f6a6854839644031e96d46b480c');
INSERT INTO `trade_user` VALUES ('154', 'db29c94060ee6cf', 'ef0172c92281e71a9df534fd9aaff164', 'dlive_b29c94060ee6cf@gmail.com', '0', '0', '83a51f95dad990ec9aee92fbbee1b09cc789ce95');
INSERT INTO `trade_user` VALUES ('155', 'dcd277f9b29022c', 'ef0172c92281e71a9df534fd9aaff164', 'dlive_cd277f9b29022c@gmail.com', '0', '0', '3287da549c44e134ad6f08f3946081e52c62d3f5');
INSERT INTO `trade_user` VALUES ('156', 'db0b759434c8a60', 'ef0172c92281e71a9df534fd9aaff164', 'dlive_b0b759434c8a60@gmail.com', '0', '0', '24010c2ffae05e9c378733dd6fa4b8750db7e392');
INSERT INTO `trade_user` VALUES ('157', 'd76c50f571ef023', 'ef0172c92281e71a9df534fd9aaff164', 'dlive_76c50f571ef023@gmail.com', '0', '0', '27063cf483ec91459b8ed5f5ed3a0834db6121a6');
INSERT INTO `trade_user` VALUES ('158', 'd337bedb44c30e7', 'ef0172c92281e71a9df534fd9aaff164', 'dlive_337bedb44c30e7@gmail.com', '0', '0', 'fe7fdbc93e640bdf806f03b27bc94b04cf69d4e6');
INSERT INTO `trade_user` VALUES ('159', 'd5078fdee54c615', 'ef0172c92281e71a9df534fd9aaff164', 'dlive_5078fdee54c615@gmail.com', '0', '0', 'c57e8101c7c5b5d6d2a19f6f2b08b64c10b19287');
INSERT INTO `trade_user` VALUES ('160', 'db55aa3e1e9e7fc', 'ef0172c92281e71a9df534fd9aaff164', 'dlive_b55aa3e1e9e7fc@gmail.com', '0', '0', '836bb8729da63f57a435e93c1c150db8cfc92ec9');
INSERT INTO `trade_user` VALUES ('161', 'd72127f6372a29d', 'ef0172c92281e71a9df534fd9aaff164', 'dlive_72127f6372a29d@gmail.com', '0', '0', '54143457216dfb648fc07f5e486970dac5cd3eed');
INSERT INTO `trade_user` VALUES ('162', 'd62bf9fbddc7781', 'ef0172c92281e71a9df534fd9aaff164', 'dlive_62bf9fbddc7781@gmail.com', '0', '0', '144e738fd688f49c15a7b00137a1f1eed77a8cd8');
INSERT INTO `trade_user` VALUES ('163', 'd97e129d10552c4', 'ef0172c92281e71a9df534fd9aaff164', 'dlive_97e129d10552c4@gmail.com', '0', '0', 'd720b933fb6b9cdc761d6a226674ab11514f797e');
INSERT INTO `trade_user` VALUES ('164', 'dca2d10251b89ab', 'ef0172c92281e71a9df534fd9aaff164', 'dlive_ca2d10251b89ab@gmail.com', '0', '0', '511701246c54c68486d94ee1cd237abcf548daf8');
INSERT INTO `trade_user` VALUES ('165', 'd56cd5eadf7490f', 'ef0172c92281e71a9df534fd9aaff164', 'dlive_56cd5eadf7490f@gmail.com', '0', '0', '55bd40d136e0b92192b38f7b898d7f51cbd3d71c');
INSERT INTO `trade_user` VALUES ('166', 'd62a4bee26c8d6a', 'ef0172c92281e71a9df534fd9aaff164', 'dlive_62a4bee26c8d6a@gmail.com', '0', '0', '35c0f31b838ebe29c176e92f50988592988b55b3');
INSERT INTO `trade_user` VALUES ('167', 'd7f5aa8beb55ac7', 'ef0172c92281e71a9df534fd9aaff164', 'dlive_7f5aa8beb55ac7@gmail.com', '0', '0', 'd9461d6228dc8326ee48afe71186cfa8e9072779');
INSERT INTO `trade_user` VALUES ('168', 'd12110450552891', 'ef0172c92281e71a9df534fd9aaff164', 'dlive_12110450552891@gmail.com', '0', '0', '2006aee8c69d323efd279adc8361b075773b7a39');
INSERT INTO `trade_user` VALUES ('169', 'da5b7a89a573be1', 'ef0172c92281e71a9df534fd9aaff164', 'dlive_a5b7a89a573be1@gmail.com', '0', '0', '3be8beb5fa06153a416ef10d80e0a14774e36904');
INSERT INTO `trade_user` VALUES ('170', 'd1c197a98d4c87c', 'ef0172c92281e71a9df534fd9aaff164', 'dlive_1c197a98d4c87c@gmail.com', '0', '0', '462747eb1a3c247489c832c8c8312d1c6a048229');
INSERT INTO `trade_user` VALUES ('171', 'd43946fc3039c14', 'ef0172c92281e71a9df534fd9aaff164', 'dlive_43946fc3039c14@gmail.com', '0', '0', 'cfb7b9051447273dff4a8b5d165ed1c383803049');
INSERT INTO `trade_user` VALUES ('172', 'd2992c5f37fd4a7', 'ef0172c92281e71a9df534fd9aaff164', 'dlive_2992c5f37fd4a7@gmail.com', '0', '0', '7b3c342cf7d93eaf4f6f5a06bcbfbb6509711950');
INSERT INTO `trade_user` VALUES ('173', 'd280ba94fec3414', 'ef0172c92281e71a9df534fd9aaff164', 'dlive_280ba94fec3414@gmail.com', '0', '0', 'f28c641b263a67471390d6038cd044a338fa00b3');
INSERT INTO `trade_user` VALUES ('174', 'd790249a81eeb27', 'ef0172c92281e71a9df534fd9aaff164', 'dlive_790249a81eeb27@gmail.com', '0', '0', '88dc9e62b4b6d23da21a4eafe1ffd4644cfba82a');
INSERT INTO `trade_user` VALUES ('175', 'd654d822b397716', 'ef0172c92281e71a9df534fd9aaff164', 'dlive_654d822b397716@gmail.com', '0', '0', 'df9be372b5eceacd084980e42fe3e38955ce6cb2');
INSERT INTO `trade_user` VALUES ('176', 'd46b685a473b486', 'ef0172c92281e71a9df534fd9aaff164', 'dlive_46b685a473b486@gmail.com', '0', '0', '0176be79910f3e47861b2a87ab944df2458786a7');
INSERT INTO `trade_user` VALUES ('177', 'd7a4f0e3c5efb06', 'ef0172c92281e71a9df534fd9aaff164', 'dlive_7a4f0e3c5efb06@gmail.com', '0', '0', '7aa452d2aec230b5c445517e3cd66c8e0f8e9a52');
INSERT INTO `trade_user` VALUES ('178', 'd20d981d03e2434', 'ef0172c92281e71a9df534fd9aaff164', 'dlive_20d981d03e2434@gmail.com', '0', '0', '2afecda77909fdf2a4eb8e0d490bde6a7ebbc23b');
INSERT INTO `trade_user` VALUES ('179', 'd30c349f222fe8c', 'ef0172c92281e71a9df534fd9aaff164', 'dlive_30c349f222fe8c@gmail.com', '0', '0', '7cf9a83cdb370049ffff54ac8f88d5d142081dc0');
INSERT INTO `trade_user` VALUES ('180', 'dec42e7fe8c9b99', 'ef0172c92281e71a9df534fd9aaff164', 'dlive_ec42e7fe8c9b99@gmail.com', '0', '0', 'e8c86a9cd0f2a2af3d45a265212bdf264c7aa28e');
INSERT INTO `trade_user` VALUES ('181', 'dde3e284705e64e', 'ef0172c92281e71a9df534fd9aaff164', 'dlive_de3e284705e64e@gmail.com', '0', '0', '0307fb70c83a20309c50f0ec301e19e922c2d801');
INSERT INTO `trade_user` VALUES ('182', 'da4166aa1cbfec7', 'ef0172c92281e71a9df534fd9aaff164', 'dlive_a4166aa1cbfec7@gmail.com', '0', '0', '2d314900db718c4b937df131029359b7ec5e649b');
INSERT INTO `trade_user` VALUES ('183', 'dcb1cf9261c0a6f', 'ef0172c92281e71a9df534fd9aaff164', 'dlive_cb1cf9261c0a6f@gmail.com', '0', '0', '65fd1198b7a837d4b14ccee7c27a815c940478d0');
INSERT INTO `trade_user` VALUES ('184', 'dbb102d22d4ed11', 'ef0172c92281e71a9df534fd9aaff164', 'dlive_bb102d22d4ed11@gmail.com', '0', '0', '18d39e8f37e44e2a38eab841826e8b5966e648fc');
INSERT INTO `trade_user` VALUES ('185', 'd70e27a6b70252b', 'ef0172c92281e71a9df534fd9aaff164', 'dlive_70e27a6b70252b@gmail.com', '0', '0', '23ee223feb81ab97b59d95b203429854c7f7336b');
INSERT INTO `trade_user` VALUES ('186', 'dbb0b7480f9c097', 'ef0172c92281e71a9df534fd9aaff164', 'dlive_bb0b7480f9c097@gmail.com', '0', '0', '58c8acdb8c047a159330af33bcf4057030e01f2d');
INSERT INTO `trade_user` VALUES ('187', 'df018f12a0c1c22', 'ef0172c92281e71a9df534fd9aaff164', 'dlive_f018f12a0c1c22@gmail.com', '0', '0', '8b7759d1cda85be891b26496203b4972043dc03b');
INSERT INTO `trade_user` VALUES ('188', 'd03f4f69a11b33f', 'ef0172c92281e71a9df534fd9aaff164', 'dlive_03f4f69a11b33f@gmail.com', '0', '0', 'b98ab724559ecffbe594f037955e6fefef3ab60a');
INSERT INTO `trade_user` VALUES ('189', 'd8718531cca74fe', 'ef0172c92281e71a9df534fd9aaff164', 'dlive_8718531cca74fe@gmail.com', '0', '0', 'fa03f4b4b482aa479368be8e499fece4ff65d926');
INSERT INTO `trade_user` VALUES ('190', 'dacc54bfe943dfc', 'ef0172c92281e71a9df534fd9aaff164', 'dlive_acc54bfe943dfc@gmail.com', '0', '0', '8cb5438856dd5b6041043dd87fad1facf4bb3134');
INSERT INTO `trade_user` VALUES ('191', 'd430c7232ce9dba', 'ef0172c92281e71a9df534fd9aaff164', 'dlive_430c7232ce9dba@gmail.com', '0', '0', '945c2024b63d356bfeed1d138921ac6126123b54');
INSERT INTO `trade_user` VALUES ('192', 'd567178583a0fbc', 'ef0172c92281e71a9df534fd9aaff164', 'dlive_567178583a0fbc@gmail.com', '0', '0', '0c2a768520d1f6bdabbe7349c17a090476059cc9');
INSERT INTO `trade_user` VALUES ('193', 'db597ec31460c1c', 'ef0172c92281e71a9df534fd9aaff164', 'dlive_b597ec31460c1c@gmail.com', '0', '0', 'f150bc6c4376e52bbe52ae5e4f2dc9e89188665d');
INSERT INTO `trade_user` VALUES ('194', 'd85f71e8f57694f', 'ef0172c92281e71a9df534fd9aaff164', 'dlive_85f71e8f57694f@gmail.com', '0', '0', '41c9d02342dd7b4b61e69af801c16f1119e9eb95');
INSERT INTO `trade_user` VALUES ('195', 'd68e9e21b4d3b0d', 'ef0172c92281e71a9df534fd9aaff164', 'dlive_68e9e21b4d3b0d@gmail.com', '0', '0', '4bb7eccee6626b63f338261d99a84a91aa96373f');
INSERT INTO `trade_user` VALUES ('196', 'd83c5414492f50e', 'ef0172c92281e71a9df534fd9aaff164', 'dlive_83c5414492f50e@gmail.com', '0', '0', '7761c9593caea9b19e39c5b01d42636559d5b208');
INSERT INTO `trade_user` VALUES ('197', 'd680feb330746cc', 'ef0172c92281e71a9df534fd9aaff164', 'dlive_680feb330746cc@gmail.com', '0', '0', 'e7b5608a2a068d28e602d12339f8b001c4ad8f7b');
INSERT INTO `trade_user` VALUES ('198', 'd79e6097ccda111', 'ef0172c92281e71a9df534fd9aaff164', 'dlive_79e6097ccda111@gmail.com', '0', '0', '491f78632162ad0491612e00848ea6c5dee3b21b');
INSERT INTO `trade_user` VALUES ('199', 'ddd28772e420f35', 'ef0172c92281e71a9df534fd9aaff164', 'dlive_dd28772e420f35@gmail.com', '0', '0', '7b47e2c1d87a7b43e561b225c13608233a8e8d28');
INSERT INTO `trade_user` VALUES ('200', 'd6bbba4fd915175', 'ef0172c92281e71a9df534fd9aaff164', 'dlive_6bbba4fd915175@gmail.com', '0', '0', '304277fb110e2d1bb2ba9d53f34759200acabcb2');
INSERT INTO `trade_user` VALUES ('201', 'd8c99e2743ed705', 'ef0172c92281e71a9df534fd9aaff164', 'dlive_8c99e2743ed705@gmail.com', '0', '0', 'a2b2e94d75befdf6b4efd05944dc256d84afff08');
INSERT INTO `trade_user` VALUES ('202', 'd1f64b9871c5836', 'ef0172c92281e71a9df534fd9aaff164', 'dlive_1f64b9871c5836@gmail.com', '0', '0', 'ef8b37a24bbb8a38713393139cc3c6a0e3a34fd5');
INSERT INTO `trade_user` VALUES ('203', 'd0cd2ff0567c88c', 'ef0172c92281e71a9df534fd9aaff164', 'dlive_0cd2ff0567c88c@gmail.com', '0', '0', '01eb62e40b60427ceccb14e277757b7616c827dd');
INSERT INTO `trade_user` VALUES ('204', 'd6712e661562aa1', 'ef0172c92281e71a9df534fd9aaff164', 'dlive_6712e661562aa1@gmail.com', '0', '0', '6b777d6853c59c682402e6ad67693d9bcace8168');
INSERT INTO `trade_user` VALUES ('205', 'd3266c3ee62b673', 'ef0172c92281e71a9df534fd9aaff164', 'dlive_3266c3ee62b673@gmail.com', '0', '0', 'ef5ffdeca2d57933a17d22da1b6982dd26857001');
INSERT INTO `trade_user` VALUES ('206', 'd35c9d1e92ecd7a', 'ef0172c92281e71a9df534fd9aaff164', 'dlive_35c9d1e92ecd7a@gmail.com', '0', '0', 'f28f2f86af898d9a651634e1165065bb68277c57');
INSERT INTO `trade_user` VALUES ('207', 'd29cd0aa3d71485', 'ef0172c92281e71a9df534fd9aaff164', 'dlive_29cd0aa3d71485@gmail.com', '0', '0', 'b97481ed5ac0f54b85f40e2ad771209a733dbf07');
INSERT INTO `trade_user` VALUES ('208', 'dac7b5bd1c58767', 'ef0172c92281e71a9df534fd9aaff164', 'dlive_ac7b5bd1c58767@gmail.com', '0', '0', '87d73b0cc3faf5a0b16507e44982c5718d043ad6');
INSERT INTO `trade_user` VALUES ('209', 'dd2d1afb48bde38', 'ef0172c92281e71a9df534fd9aaff164', 'dlive_d2d1afb48bde38@gmail.com', '0', '0', '382c70d615fb7cbce0428dd94cd3ad77f0732dc9');
INSERT INTO `trade_user` VALUES ('210', 'd795747e72c8f0c', 'ef0172c92281e71a9df534fd9aaff164', 'dlive_795747e72c8f0c@gmail.com', '0', '0', '427d3bf9629cfabc286688507ebc362c20c908e2');
INSERT INTO `trade_user` VALUES ('211', 'd66b60410db8752', 'ef0172c92281e71a9df534fd9aaff164', 'dlive_66b60410db8752@gmail.com', '0', '0', 'd36f1455f1ed7c31ce20b1871b1c5d06ab242d2e');
INSERT INTO `trade_user` VALUES ('212', 'd5e4242a98d1de0', 'ef0172c92281e71a9df534fd9aaff164', 'dlive_5e4242a98d1de0@gmail.com', '0', '0', '61b5d55268cceed4aa1f1b0025267c8be1483261');
INSERT INTO `trade_user` VALUES ('213', 'da91a57acb1af2f', 'ef0172c92281e71a9df534fd9aaff164', 'dlive_a91a57acb1af2f@gmail.com', '0', '0', '7cba64cffc7324c2d17a6cc6fcee854746f6fe70');
INSERT INTO `trade_user` VALUES ('214', 'db54f73d82a2c8a', 'ef0172c92281e71a9df534fd9aaff164', 'dlive_b54f73d82a2c8a@gmail.com', '0', '0', '4f757c2d0cf0dcbb5e85d51d183201f9204fa9ba');
INSERT INTO `trade_user` VALUES ('215', 'db2afe359b635a9', 'ef0172c92281e71a9df534fd9aaff164', 'dlive_b2afe359b635a9@gmail.com', '0', '0', '064f6c72bf2c276cf81e02fb3751581991462c7b');
INSERT INTO `trade_user` VALUES ('216', 'dcfebcd1f8d6429', 'ef0172c92281e71a9df534fd9aaff164', 'dlive_cfebcd1f8d6429@gmail.com', '0', '0', 'c1b0d26a5a65cd339d5261e7368de7c497026c52');
INSERT INTO `trade_user` VALUES ('217', 'df7e06b5531e3d0', 'ef0172c92281e71a9df534fd9aaff164', 'dlive_f7e06b5531e3d0@gmail.com', '0', '0', '9ebe1116140efa91711b964f81cfe6c7eda959e3');
INSERT INTO `trade_user` VALUES ('218', 'd91efb34640ac7e', 'ef0172c92281e71a9df534fd9aaff164', 'dlive_91efb34640ac7e@gmail.com', '0', '0', 'f3c5ec3ed07c6bdfb026be631587609b6592dc7b');
INSERT INTO `trade_user` VALUES ('219', 'dae37007116c602', 'ef0172c92281e71a9df534fd9aaff164', 'dlive_ae37007116c602@gmail.com', '0', '0', '7eeb2f597828f86bc1b247333b5924c62e82a2bc');
INSERT INTO `trade_user` VALUES ('220', 'dfb09c17563f83b', 'ef0172c92281e71a9df534fd9aaff164', 'dlive_fb09c17563f83b@gmail.com', '0', '0', '4c5dde4cfaef47751c859dadde0965f461ce9c63');
INSERT INTO `trade_user` VALUES ('221', 'da0200a01b1b130', 'ef0172c92281e71a9df534fd9aaff164', 'dlive_a0200a01b1b130@gmail.com', '0', '0', '8b106b46e71e4fb3b8adca5779a9f3ed36469d67');
INSERT INTO `trade_user` VALUES ('222', 'd2369fe9b98eb4a', 'ef0172c92281e71a9df534fd9aaff164', 'dlive_2369fe9b98eb4a@gmail.com', '0', '0', 'f01d769f71fd5159c2daa50db2d265936fe74e57');
INSERT INTO `trade_user` VALUES ('223', 'dc86c98c13ef7e7', 'ef0172c92281e71a9df534fd9aaff164', 'dlive_c86c98c13ef7e7@gmail.com', '0', '0', 'd03a1ae12247c0dd99924be01681a0269e677ec0');
INSERT INTO `trade_user` VALUES ('224', 'd4493b04ff65654', 'ef0172c92281e71a9df534fd9aaff164', 'dlive_4493b04ff65654@gmail.com', '0', '0', '25b87faacc03a81b3a8ad437d549f12d41eba6d9');
INSERT INTO `trade_user` VALUES ('225', 'd2cddd9151d1b62', 'ef0172c92281e71a9df534fd9aaff164', 'dlive_2cddd9151d1b62@gmail.com', '0', '0', 'b6149f44c95f4bb9b95ccdd6116a70bdf3689ae8');
INSERT INTO `trade_user` VALUES ('226', 'd253bfda7977363', 'ef0172c92281e71a9df534fd9aaff164', 'dlive_253bfda7977363@gmail.com', '0', '0', '718186db0ab052eba2cf85f48822a74cd831e1a6');
INSERT INTO `trade_user` VALUES ('227', 'd96eb24bd847a4f', 'ef0172c92281e71a9df534fd9aaff164', 'dlive_96eb24bd847a4f@gmail.com', '0', '0', 'f1b221acfa28910942aa6f6d930cf7b018e0176b');
INSERT INTO `trade_user` VALUES ('228', 'd514b1a9f59d40f', 'ef0172c92281e71a9df534fd9aaff164', 'dlive_514b1a9f59d40f@gmail.com', '0', '0', '06a04ad44713534f213a4557697e7208b5dd7da8');
INSERT INTO `trade_user` VALUES ('229', 'd47dd30e016936a', 'ef0172c92281e71a9df534fd9aaff164', 'dlive_47dd30e016936a@gmail.com', '0', '0', '5e5db0263b6e378931035f6b47e3062b3b6bd0e0');
INSERT INTO `trade_user` VALUES ('230', 'dc7930894dbe95d', 'ef0172c92281e71a9df534fd9aaff164', 'dlive_c7930894dbe95d@gmail.com', '0', '0', '0a53f1a177ab2cc13eaabe8f7ae9dc8557e3c87d');
INSERT INTO `trade_user` VALUES ('231', 'd86bd1df57f40e1', 'ef0172c92281e71a9df534fd9aaff164', 'dlive_86bd1df57f40e1@gmail.com', '0', '0', '6dcc24ce00579541051403c2e3d2a6b69ff1152e');
INSERT INTO `trade_user` VALUES ('232', 'dd992e3353dd9a9', 'ef0172c92281e71a9df534fd9aaff164', 'dlive_d992e3353dd9a9@gmail.com', '0', '0', '90d387994f6ec87b8bc6e6d5e0c8cbc22ed6aadf');
INSERT INTO `trade_user` VALUES ('233', 'db053f598b2166b', 'ef0172c92281e71a9df534fd9aaff164', 'dlive_b053f598b2166b@gmail.com', '0', '0', 'c511fc09633a083f69464b92f2102a67e2ec41a6');
INSERT INTO `trade_user` VALUES ('234', 'dc5499f6502c327', 'ef0172c92281e71a9df534fd9aaff164', 'dlive_c5499f6502c327@gmail.com', '0', '0', 'c8f73d8049441e4d4e20fb6c2c87fa44d6c522c3');
INSERT INTO `trade_user` VALUES ('235', 'dbfce6f12d04274', 'ef0172c92281e71a9df534fd9aaff164', 'dlive_bfce6f12d04274@gmail.com', '0', '0', 'd82cd4a94be4043dff84bf213874044b45757a55');
INSERT INTO `trade_user` VALUES ('236', 'd70eb2fc81b5e2c', 'ef0172c92281e71a9df534fd9aaff164', 'dlive_70eb2fc81b5e2c@gmail.com', '0', '0', 'e688020487be24d5d3fa25c729bc26cfb9cada97');
INSERT INTO `trade_user` VALUES ('237', 'da9ba161622e7af', 'ef0172c92281e71a9df534fd9aaff164', 'dlive_a9ba161622e7af@gmail.com', '0', '0', 'cc8e47b2314ea8130cd9652c038e44118a0314ab');
INSERT INTO `trade_user` VALUES ('238', 'd897d162a2461ec', 'ef0172c92281e71a9df534fd9aaff164', 'dlive_897d162a2461ec@gmail.com', '0', '0', '6ad290c98179c05a8305ee2d05c2262fa0d9b8f1');
INSERT INTO `trade_user` VALUES ('239', 'd48f7aaca69e110', 'ef0172c92281e71a9df534fd9aaff164', 'dlive_48f7aaca69e110@gmail.com', '0', '0', 'b8c5c20ad27c23ea5d3a9502d115521973ad1ec1');
INSERT INTO `trade_user` VALUES ('240', 'd0163da4d77e872', 'ef0172c92281e71a9df534fd9aaff164', 'dlive_0163da4d77e872@gmail.com', '0', '0', '365ae2291e3799da338497c914d47a83b3ba6f46');
INSERT INTO `trade_user` VALUES ('241', 'd5dd8a4b7589233', 'ef0172c92281e71a9df534fd9aaff164', 'dlive_5dd8a4b7589233@gmail.com', '0', '0', 'bc626358c8ef28dabad0694c675a1655c6c3bbbe');
INSERT INTO `trade_user` VALUES ('242', 'd4baa78745c46a3', 'ef0172c92281e71a9df534fd9aaff164', 'dlive_4baa78745c46a3@gmail.com', '0', '0', 'de9e6ed361a6f0faf0df4c3cc3aa38f75c848eae');
INSERT INTO `trade_user` VALUES ('243', 'dc6b8dfb129c38e', 'ef0172c92281e71a9df534fd9aaff164', 'dlive_c6b8dfb129c38e@gmail.com', '0', '0', '0319609d6d05fa48e888832da2a58151bb9e8439');
INSERT INTO `trade_user` VALUES ('244', 'da78d7bd3714f0a', 'ef0172c92281e71a9df534fd9aaff164', 'dlive_a78d7bd3714f0a@gmail.com', '0', '0', '6bea5c0d203db32ecef1f8d0348a51e544c08edf');
INSERT INTO `trade_user` VALUES ('245', 'db89a28e439667a', 'ef0172c92281e71a9df534fd9aaff164', 'dlive_b89a28e439667a@gmail.com', '0', '0', '0285eed6c49df9e843cf1fce9685775841eee48d');
INSERT INTO `trade_user` VALUES ('246', 'dd244e747b28df6', 'ef0172c92281e71a9df534fd9aaff164', 'dlive_d244e747b28df6@gmail.com', '0', '0', '9d76d318befff0985b68a325dfeec187223374c8');
INSERT INTO `trade_user` VALUES ('247', 'd4f66325c608137', 'ef0172c92281e71a9df534fd9aaff164', 'dlive_4f66325c608137@gmail.com', '0', '0', '63655628889f28b16dc02289ea83cb2db2e5764a');
INSERT INTO `trade_user` VALUES ('248', 'dedd0e8df6f1ed1', 'ef0172c92281e71a9df534fd9aaff164', 'dlive_edd0e8df6f1ed1@gmail.com', '0', '0', '9489833c3700fa7ce42fb52378c998938e192c03');
INSERT INTO `trade_user` VALUES ('249', 'd0febd6a8e2524f', 'ef0172c92281e71a9df534fd9aaff164', 'dlive_0febd6a8e2524f@gmail.com', '0', '0', 'c2345c477c13161e11502eca4d358cf2abd98e38');
INSERT INTO `trade_user` VALUES ('250', 'da95d075c5557d8', 'ef0172c92281e71a9df534fd9aaff164', 'dlive_a95d075c5557d8@gmail.com', '0', '0', 'ce7ac933ecb28f00c8deaaed89d9af3236f5cb40');
INSERT INTO `trade_user` VALUES ('251', 'd196b149114a1a2', 'ef0172c92281e71a9df534fd9aaff164', 'dlive_196b149114a1a2@gmail.com', '0', '0', '6b8707e29f8a62a828c311f83f34873f530ca124');
INSERT INTO `trade_user` VALUES ('252', 'dbeca9abb088681', 'ef0172c92281e71a9df534fd9aaff164', 'dlive_beca9abb088681@gmail.com', '0', '0', '5fa04a034b99645e1f39a6c72293d639743a41db');
INSERT INTO `trade_user` VALUES ('253', 'd00bf75512a7af6', 'ef0172c92281e71a9df534fd9aaff164', 'dlive_00bf75512a7af6@gmail.com', '0', '0', '0069672de22e0e7d3fd61b72c09890fed44fd25d');
INSERT INTO `trade_user` VALUES ('254', 'dc187937e23c8d2', 'ef0172c92281e71a9df534fd9aaff164', 'dlive_c187937e23c8d2@gmail.com', '0', '0', 'e3b7a9de71fb0b18e5acaac7d79ee3c26b0f31f5');
INSERT INTO `trade_user` VALUES ('255', 'd133afe3baac198', 'ef0172c92281e71a9df534fd9aaff164', 'dlive_133afe3baac198@gmail.com', '0', '0', 'd38d9962212a83770bbff7415a1582a2ca0e16cf');
INSERT INTO `trade_user` VALUES ('256', 'df02082e8ed2daf', 'ef0172c92281e71a9df534fd9aaff164', 'dlive_f02082e8ed2daf@gmail.com', '0', '0', '9576f3c2491fc774822190eecea8fbb1e33188f2');
INSERT INTO `trade_user` VALUES ('257', 'd8ec9269068166e', 'ef0172c92281e71a9df534fd9aaff164', 'dlive_8ec9269068166e@gmail.com', '0', '0', '5e0fdb004635589cea88eee29af05b2866e3f538');
INSERT INTO `trade_user` VALUES ('258', 'd1574845b2e7008', 'ef0172c92281e71a9df534fd9aaff164', 'dlive_1574845b2e7008@gmail.com', '0', '0', 'a1838d8768942d2f1008c3866f046588fc5faa2b');
INSERT INTO `trade_user` VALUES ('259', 'd21523fd37c8612', 'ef0172c92281e71a9df534fd9aaff164', 'dlive_21523fd37c8612@gmail.com', '0', '0', 'eb5044f2842b23899492fe252524b06490510f37');
INSERT INTO `trade_user` VALUES ('260', 'd03218022451259', 'ef0172c92281e71a9df534fd9aaff164', 'dlive_03218022451259@gmail.com', '0', '0', '95ea2e90c4914829ae554fbb23a7edf04c4123f0');
INSERT INTO `trade_user` VALUES ('261', 'd122fb2628f0cc2', 'ef0172c92281e71a9df534fd9aaff164', 'dlive_122fb2628f0cc2@gmail.com', '0', '0', 'f7a9226790025e0886e60bdfa58b917ce16ac065');
INSERT INTO `trade_user` VALUES ('262', 'd9768f079848c56', 'ef0172c92281e71a9df534fd9aaff164', 'dlive_9768f079848c56@gmail.com', '0', '0', 'eb8314860b296ffc69b69718d31d5e14fb6aefe0');
INSERT INTO `trade_user` VALUES ('263', 'd7fdededf93aa84', 'ef0172c92281e71a9df534fd9aaff164', 'dlive_7fdededf93aa84@gmail.com', '0', '0', 'ff53f1a6f7322ebab8c768fa49b9005ecbe94a46');
INSERT INTO `trade_user` VALUES ('264', 'd304e4a487b3af6', 'ef0172c92281e71a9df534fd9aaff164', 'dlive_304e4a487b3af6@gmail.com', '0', '0', 'f2fb3c3259978cea98838d5da45755f90a97a976');
INSERT INTO `trade_user` VALUES ('265', 'db80c1b3a1b8428', 'ef0172c92281e71a9df534fd9aaff164', 'dlive_b80c1b3a1b8428@gmail.com', '0', '0', '3ea9f1612c4ab7631fcceb8ba854d234537531cd');
INSERT INTO `trade_user` VALUES ('266', 'de6c9a73a553472', 'ef0172c92281e71a9df534fd9aaff164', 'dlive_e6c9a73a553472@gmail.com', '0', '0', '0f9717e6542e4aa22f6766ce9a17cce36995b54f');
INSERT INTO `trade_user` VALUES ('267', 'df3eb2a315a39a5', 'ef0172c92281e71a9df534fd9aaff164', 'dlive_f3eb2a315a39a5@gmail.com', '0', '0', '4f42b6fcea006b85eb5baf58eeac153177b69171');
INSERT INTO `trade_user` VALUES ('268', 'd4da7aaff297cca', 'ef0172c92281e71a9df534fd9aaff164', 'dlive_4da7aaff297cca@gmail.com', '0', '0', 'af1df7ce3438f75257cf64b6cd245eb086086090');
INSERT INTO `trade_user` VALUES ('269', 'd9b8b4c39399a72', 'ef0172c92281e71a9df534fd9aaff164', 'dlive_9b8b4c39399a72@gmail.com', '0', '0', 'a9fb036f93d90ca8731fe319f67bef97860f30f7');
INSERT INTO `trade_user` VALUES ('270', 'd12356ec75854a6', 'ef0172c92281e71a9df534fd9aaff164', 'dlive_12356ec75854a6@gmail.com', '0', '0', '38200884c32362e7355832ae2dcae035220c1107');
INSERT INTO `trade_user` VALUES ('271', 'd2be71834e323a8', 'ef0172c92281e71a9df534fd9aaff164', 'dlive_2be71834e323a8@gmail.com', '0', '0', '7aee0f3b078d438e2197e5f7dae22cd18aec2878');
INSERT INTO `trade_user` VALUES ('272', 'da07d1a14977799', 'ef0172c92281e71a9df534fd9aaff164', 'dlive_a07d1a14977799@gmail.com', '0', '0', '257b84d71e426c836cf3b2e0947e0f83115d3684');
INSERT INTO `trade_user` VALUES ('273', 'd31ffb1950f95a2', 'ef0172c92281e71a9df534fd9aaff164', 'dlive_31ffb1950f95a2@gmail.com', '0', '0', '142aa10820681caa72f0b41da704d8ccb560ead6');
INSERT INTO `trade_user` VALUES ('274', 'd1b6f4d663bc713', 'ef0172c92281e71a9df534fd9aaff164', 'dlive_1b6f4d663bc713@gmail.com', '0', '0', 'd5d6f8f3e530eb2a37e62d68648c56b92599349e');
INSERT INTO `trade_user` VALUES ('275', 'd7beb1a4b044593', 'ef0172c92281e71a9df534fd9aaff164', 'dlive_7beb1a4b044593@gmail.com', '0', '0', '4032fb19cfb7456f1a6fdafbc598ace9d5060090');
INSERT INTO `trade_user` VALUES ('276', 'd70c95625b490a0', 'ef0172c92281e71a9df534fd9aaff164', 'dlive_70c95625b490a0@gmail.com', '0', '0', 'f802335df146df68c238b2bb3cae0895ffaf0a7e');
INSERT INTO `trade_user` VALUES ('277', 'd0bf7741f8c4c56', 'ef0172c92281e71a9df534fd9aaff164', 'dlive_0bf7741f8c4c56@gmail.com', '0', '0', '6297749e287317464fcf96b9ba32e41fa26b1004');
INSERT INTO `trade_user` VALUES ('278', 'dba6fca3ccf8325', 'ef0172c92281e71a9df534fd9aaff164', 'dlive_ba6fca3ccf8325@gmail.com', '0', '0', '331592664471972d9b11c58ce514cb45c1000c17');
INSERT INTO `trade_user` VALUES ('279', 'dc61ca2a5cb08e6', 'ef0172c92281e71a9df534fd9aaff164', 'dlive_c61ca2a5cb08e6@gmail.com', '0', '0', 'bc86707798b3e5941bf3e11f626cb008ba503def');
INSERT INTO `trade_user` VALUES ('280', 'd4f1deaae7fdc8e', 'ef0172c92281e71a9df534fd9aaff164', 'dlive_4f1deaae7fdc8e@gmail.com', '0', '0', 'af9aa8977efa66a190aa66c6c7e851fe23a4cd8b');
INSERT INTO `trade_user` VALUES ('281', 'd6716388eaff1b5', 'ef0172c92281e71a9df534fd9aaff164', 'dlive_6716388eaff1b5@gmail.com', '0', '0', 'bc0df963a8fa7964b45c49af3875c205f6b16856');
INSERT INTO `trade_user` VALUES ('282', 'ddb04fa00688726', 'ef0172c92281e71a9df534fd9aaff164', 'dlive_db04fa00688726@gmail.com', '0', '0', 'c0e848b66ea5f634eb389a521372568cb1324f2a');
INSERT INTO `trade_user` VALUES ('283', 'd952ca6e2cb87f5', 'ef0172c92281e71a9df534fd9aaff164', 'dlive_952ca6e2cb87f5@gmail.com', '0', '0', 'd13dcdfd1b4793ff54a824c8d4863419c32ccfa4');
INSERT INTO `trade_user` VALUES ('284', 'd0593e66d95f147', 'ef0172c92281e71a9df534fd9aaff164', 'dlive_0593e66d95f147@gmail.com', '0', '0', 'f6dd1056497867b1c029c6c0bb82132048631803');
INSERT INTO `trade_user` VALUES ('285', 'da569790e145a94', 'ef0172c92281e71a9df534fd9aaff164', 'dlive_a569790e145a94@gmail.com', '0', '0', 'f48cd720ace6502f15eda8452e973da7ef25829a');
INSERT INTO `trade_user` VALUES ('286', 'd8ea8d608c20346', 'ef0172c92281e71a9df534fd9aaff164', 'dlive_8ea8d608c20346@gmail.com', '0', '0', '92fecc0aaaafdec7a708a07e06bd79afdbdba0ae');
INSERT INTO `trade_user` VALUES ('287', 'd67f6c964e9776d', 'ef0172c92281e71a9df534fd9aaff164', 'dlive_67f6c964e9776d@gmail.com', '0', '0', 'b1861171f83c192662c00dde35fee7d162b55fd8');
INSERT INTO `trade_user` VALUES ('288', 'd5cf7ba5d157808', 'ef0172c92281e71a9df534fd9aaff164', 'dlive_5cf7ba5d157808@gmail.com', '0', '0', '44707c1ec646d62eb5efb62c812d7eea61ec5fdb');
INSERT INTO `trade_user` VALUES ('289', 'd0c6e1e4628c503', 'ef0172c92281e71a9df534fd9aaff164', 'dlive_0c6e1e4628c503@gmail.com', '0', '0', '8f920a1dca4f234d71f15cfeb82627da5d728f85');
INSERT INTO `trade_user` VALUES ('290', 'd6aa3c35bb0f139', 'ef0172c92281e71a9df534fd9aaff164', 'dlive_6aa3c35bb0f139@gmail.com', '0', '0', 'b744a61619d66a59f61ca93f24dab82503c29480');
INSERT INTO `trade_user` VALUES ('291', 'd83b2a72006afe3', 'ef0172c92281e71a9df534fd9aaff164', 'dlive_83b2a72006afe3@gmail.com', '0', '0', 'b571817f324cbca9e2e33a35187c2d8542932bc1');
INSERT INTO `trade_user` VALUES ('292', 'd0c7eead3df9350', 'ef0172c92281e71a9df534fd9aaff164', 'dlive_0c7eead3df9350@gmail.com', '0', '0', 'b79c47cb5ad931267903cf3eec46991b2e852ff0');
INSERT INTO `trade_user` VALUES ('293', 'd6db60aef25f010', 'ef0172c92281e71a9df534fd9aaff164', 'dlive_6db60aef25f010@gmail.com', '0', '0', 'f01e8b1313b92c91e79778bdf3810ce84164d3f1');
INSERT INTO `trade_user` VALUES ('294', 'de0a7823624352b', 'ef0172c92281e71a9df534fd9aaff164', 'dlive_e0a7823624352b@gmail.com', '0', '0', 'f2353d6ee0f81953ba17bd0187a4ab1816e8d991');
INSERT INTO `trade_user` VALUES ('295', 'ddc562785ab30a1', 'ef0172c92281e71a9df534fd9aaff164', 'dlive_dc562785ab30a1@gmail.com', '0', '0', '976beaa8498081387569b557b02f595888f36f0c');
INSERT INTO `trade_user` VALUES ('296', 'd463837f5dee9c3', 'ef0172c92281e71a9df534fd9aaff164', 'dlive_463837f5dee9c3@gmail.com', '0', '0', '710c89b4b377bc23df271a040b6402d1211d456e');
INSERT INTO `trade_user` VALUES ('297', 'd9909f83683b750', 'ef0172c92281e71a9df534fd9aaff164', 'dlive_9909f83683b750@gmail.com', '0', '0', '8faa25614493379f4d040ba4c6cd45560424d881');
INSERT INTO `trade_user` VALUES ('298', 'db7ac7ec9069515', 'ef0172c92281e71a9df534fd9aaff164', 'dlive_b7ac7ec9069515@gmail.com', '0', '0', 'db2c474576d23fb237f3f03b5ba5a8064492a40e');
INSERT INTO `trade_user` VALUES ('299', 'd8e366af5fbd1f2', 'ef0172c92281e71a9df534fd9aaff164', 'dlive_8e366af5fbd1f2@gmail.com', '0', '0', '361b4dd41436d651a496fc5b5d3d5fde22327aad');
INSERT INTO `trade_user` VALUES ('300', 'da8e1d8f1099b80', 'ef0172c92281e71a9df534fd9aaff164', 'dlive_a8e1d8f1099b80@gmail.com', '0', '0', 'a6b4b405e00d7641ef199ab98e1b9936cd0745bb');
INSERT INTO `trade_user` VALUES ('301', 'd567f9d5298c045', 'ef0172c92281e71a9df534fd9aaff164', 'dlive_567f9d5298c045@gmail.com', '0', '0', '596087c16160d5f567e9bb7680e3d89d00a1f12a');
INSERT INTO `trade_user` VALUES ('302', 'dbd0cdca4759edd', 'ef0172c92281e71a9df534fd9aaff164', 'dlive_bd0cdca4759edd@gmail.com', '0', '0', 'cbe3a64a44cd9240b48502ac1b094bf5ee81dd32');
INSERT INTO `trade_user` VALUES ('303', 'd49a595feb78f77', 'ef0172c92281e71a9df534fd9aaff164', 'dlive_49a595feb78f77@gmail.com', '0', '0', 'f7473303937013aa062393c8e5b5a35310ef6a71');
INSERT INTO `trade_user` VALUES ('304', 'deca2f28062df1d', 'ef0172c92281e71a9df534fd9aaff164', 'dlive_eca2f28062df1d@gmail.com', '0', '0', '2c9a980c841ba1e17c3c88a4add854d3d81a8f63');
INSERT INTO `trade_user` VALUES ('305', 'd6ebfb44ccb8ebb', 'ef0172c92281e71a9df534fd9aaff164', 'dlive_6ebfb44ccb8ebb@gmail.com', '0', '0', 'fabac204ead6134c5d7cf0c05db01b85c214af1b');
INSERT INTO `trade_user` VALUES ('306', 'd6550e8505c74fd', 'ef0172c92281e71a9df534fd9aaff164', 'dlive_6550e8505c74fd@gmail.com', '0', '0', '5e741b5d5b87fb804d15b3b0dabaf5ecce7c0a28');
INSERT INTO `trade_user` VALUES ('307', 'd3ee24cec000f94', 'ef0172c92281e71a9df534fd9aaff164', 'dlive_3ee24cec000f94@gmail.com', '0', '0', 'b5d6eb5bb41e224fa83d178b900174734ef84e93');
INSERT INTO `trade_user` VALUES ('308', 'd6c4fe0fa7c7523', 'ef0172c92281e71a9df534fd9aaff164', 'dlive_6c4fe0fa7c7523@gmail.com', '0', '0', '6000340d55cfa3ad81b9f442a5b5a0231a231a70');
INSERT INTO `trade_user` VALUES ('309', 'd4bf4624fefe8fb', 'ef0172c92281e71a9df534fd9aaff164', 'dlive_4bf4624fefe8fb@gmail.com', '0', '0', 'be3641fda4f3e51f0fe016f0fd82a60e2f439596');
INSERT INTO `trade_user` VALUES ('310', 'd0540204868456b', 'ef0172c92281e71a9df534fd9aaff164', 'dlive_0540204868456b@gmail.com', '0', '0', '8ad3e36aa51b9589718ba5cd3bdd6a4f0739ad1a');
INSERT INTO `trade_user` VALUES ('311', 'd5bff41d4eea112', 'ef0172c92281e71a9df534fd9aaff164', 'dlive_5bff41d4eea112@gmail.com', '0', '0', '48595615d4225ef9a83fe475973d507e1df00776');
INSERT INTO `trade_user` VALUES ('312', 'd88ffef1d676a12', 'ef0172c92281e71a9df534fd9aaff164', 'dlive_88ffef1d676a12@gmail.com', '0', '0', '5e41d9d2467e2b56f2e8a38de3f86b73e2cedfb4');
INSERT INTO `trade_user` VALUES ('313', 'dfbf1012ac6930b', 'ef0172c92281e71a9df534fd9aaff164', 'dlive_fbf1012ac6930b@gmail.com', '0', '0', '0dc8cf373d1d33d354cbb41aeefafad8a36fb733');
INSERT INTO `trade_user` VALUES ('314', 'dff8a051f7d58aa', 'ef0172c92281e71a9df534fd9aaff164', 'dlive_ff8a051f7d58aa@gmail.com', '0', '0', '257bb1c1a772e4c73d629ac3f03baba6cfe8069b');
INSERT INTO `trade_user` VALUES ('315', 'da6315abaf6a21b', 'ef0172c92281e71a9df534fd9aaff164', 'dlive_a6315abaf6a21b@gmail.com', '0', '0', '197190ae10b233ba9086cdda53503c0e80ea8f8a');
INSERT INTO `trade_user` VALUES ('316', 'dfb020476c99631', 'ef0172c92281e71a9df534fd9aaff164', 'dlive_fb020476c99631@gmail.com', '0', '0', '5b7ee1b1c8d03b15c991ba9d7982d8f0c6c4d7f0');
INSERT INTO `trade_user` VALUES ('317', 'd03613836cb5dfa', 'ef0172c92281e71a9df534fd9aaff164', 'dlive_03613836cb5dfa@gmail.com', '0', '0', '148d7538a677ba3e71c72fc98b025851d097cf6d');
INSERT INTO `trade_user` VALUES ('318', 'dac3fff6a56e486', 'ef0172c92281e71a9df534fd9aaff164', 'dlive_ac3fff6a56e486@gmail.com', '0', '0', '8eaf0e277b13f25b2ed98527d1233894983a213c');
INSERT INTO `trade_user` VALUES ('319', 'da8392bcf9a545c', 'ef0172c92281e71a9df534fd9aaff164', 'dlive_a8392bcf9a545c@gmail.com', '0', '0', '8a69ff91f7d83fdcda3f70821dbe35f66140b6ed');
INSERT INTO `trade_user` VALUES ('320', 'd141b1c7dd8aeb3', 'ef0172c92281e71a9df534fd9aaff164', 'dlive_141b1c7dd8aeb3@gmail.com', '0', '0', 'c2269d718cfc46b5b89e722594de8116b5f1482d');
INSERT INTO `trade_user` VALUES ('321', 'da59d7ae9294af2', 'ef0172c92281e71a9df534fd9aaff164', 'dlive_a59d7ae9294af2@gmail.com', '0', '0', '52660302a60e8b8cfcafbf3a9bca9cd49b73736b');
INSERT INTO `trade_user` VALUES ('322', 'dddf25e203e5530', 'ef0172c92281e71a9df534fd9aaff164', 'dlive_ddf25e203e5530@gmail.com', '0', '0', 'f38aa642f03ce3a93e514030248fe903126df199');
INSERT INTO `trade_user` VALUES ('323', 'd7ab1358cc3f8e7', 'ef0172c92281e71a9df534fd9aaff164', 'dlive_7ab1358cc3f8e7@gmail.com', '0', '0', '7fa14ee26cde243fb889b96a95b8c0321bef4d8f');
INSERT INTO `trade_user` VALUES ('324', 'dc6fe6ffbd914e6', 'ef0172c92281e71a9df534fd9aaff164', 'dlive_c6fe6ffbd914e6@gmail.com', '0', '0', 'e51052a74cbae88806d31c4b073151d995c25012');
INSERT INTO `trade_user` VALUES ('325', 'd42fe589d87985f', 'ef0172c92281e71a9df534fd9aaff164', 'dlive_42fe589d87985f@gmail.com', '0', '0', '2f176f24263a9d863fe5377c9c41105b7a8a83f6');
INSERT INTO `trade_user` VALUES ('326', 'd792fccd9c2d7ff', 'ef0172c92281e71a9df534fd9aaff164', 'dlive_792fccd9c2d7ff@gmail.com', '0', '0', '573eaf623b4a76dd17153fb127bf9635e7c0eb78');
INSERT INTO `trade_user` VALUES ('327', 'd6ca36e59436424', 'ef0172c92281e71a9df534fd9aaff164', 'dlive_6ca36e59436424@gmail.com', '0', '0', '84cb4527093d88c30a5c33381aeaa83f49c98ae7');
INSERT INTO `trade_user` VALUES ('328', 'd3f4e11fc36ba7e', 'ef0172c92281e71a9df534fd9aaff164', 'dlive_3f4e11fc36ba7e@gmail.com', '0', '0', '04f611d4de6e3120e3d75083a3f54a2d4f527496');
INSERT INTO `trade_user` VALUES ('329', 'db012a5e5636487', 'ef0172c92281e71a9df534fd9aaff164', 'dlive_b012a5e5636487@gmail.com', '0', '0', '2495148529e608ff3c5a1912f9bb2d2f45f37ddd');
INSERT INTO `trade_user` VALUES ('330', 'd1207ca65bad3fe', 'ef0172c92281e71a9df534fd9aaff164', 'dlive_1207ca65bad3fe@gmail.com', '0', '0', 'ba31e806302c289b87dd337346f0d401565a06ee');
INSERT INTO `trade_user` VALUES ('331', 'da0ba24d96df10b', 'ef0172c92281e71a9df534fd9aaff164', 'dlive_a0ba24d96df10b@gmail.com', '0', '0', 'bc7f63d1ff91fc4e3445db26a982b6d17e132073');
INSERT INTO `trade_user` VALUES ('332', 'd13a37db02cd962', 'ef0172c92281e71a9df534fd9aaff164', 'dlive_13a37db02cd962@gmail.com', '0', '0', '626783b6d260acf31db09d34c098a50b7edd6946');
INSERT INTO `trade_user` VALUES ('333', 'd54166b5233a40b', 'ef0172c92281e71a9df534fd9aaff164', 'dlive_54166b5233a40b@gmail.com', '0', '0', '2a6ba468bc0579f2b219da21ec8d3f80f106ed21');
INSERT INTO `trade_user` VALUES ('334', 'd4a6530d1e4cd23', 'ef0172c92281e71a9df534fd9aaff164', 'dlive_4a6530d1e4cd23@gmail.com', '0', '0', '0495797839446b6728829fe08620b992701a9ce2');
INSERT INTO `trade_user` VALUES ('335', 'd50928d5b4e7cb3', 'ef0172c92281e71a9df534fd9aaff164', 'dlive_50928d5b4e7cb3@gmail.com', '0', '0', '2e3c6abd031112e7d1e5cefb1c76d23951e2cc70');
INSERT INTO `trade_user` VALUES ('336', 'd79444dfc162053', 'ef0172c92281e71a9df534fd9aaff164', 'dlive_79444dfc162053@gmail.com', '0', '0', 'c0300a963d743a8d3ca4ed04ed187fdce7604478');
INSERT INTO `trade_user` VALUES ('337', 'daf9e8bacbc935d', 'ef0172c92281e71a9df534fd9aaff164', 'dlive_af9e8bacbc935d@gmail.com', '0', '0', 'a25ff6dbbc12e60cd2f3232a971cedff4cd591e8');
INSERT INTO `trade_user` VALUES ('338', 'de7bb91eb998407', 'ef0172c92281e71a9df534fd9aaff164', 'dlive_e7bb91eb998407@gmail.com', '0', '0', '1712f6040099f85a45c0d587d72b18df0a4692ca');
INSERT INTO `trade_user` VALUES ('339', 'd9e94a792b1dfb1', 'ef0172c92281e71a9df534fd9aaff164', 'dlive_9e94a792b1dfb1@gmail.com', '0', '0', 'd5db28d822beee85655e87b4805accb6f6da7579');
INSERT INTO `trade_user` VALUES ('340', 'd01f41352e8dc3a', 'ef0172c92281e71a9df534fd9aaff164', 'dlive_01f41352e8dc3a@gmail.com', '0', '0', '572c46822ab3a78f9e68932c3b74e556a7e80e4a');
INSERT INTO `trade_user` VALUES ('341', 'd96e2928e6c334e', 'ef0172c92281e71a9df534fd9aaff164', 'dlive_96e2928e6c334e@gmail.com', '0', '0', '51cad3b281a8053a5fcbb4257e4187e473247451');
INSERT INTO `trade_user` VALUES ('342', 'de4e2047db425fd', 'ef0172c92281e71a9df534fd9aaff164', 'dlive_e4e2047db425fd@gmail.com', '0', '0', '538b36b147b80f7540d7bc6d2bde08f800e2315b');
INSERT INTO `trade_user` VALUES ('343', 'df0bb393a1ef062', 'ef0172c92281e71a9df534fd9aaff164', 'dlive_f0bb393a1ef062@gmail.com', '0', '0', 'ae60d584da64189941bd735a4eb9e1f15ca2f1a3');
INSERT INTO `trade_user` VALUES ('344', 'dce88548e23c6ed', 'ef0172c92281e71a9df534fd9aaff164', 'dlive_ce88548e23c6ed@gmail.com', '0', '0', 'fb3d36507cf6f01106c9431040eea470c6488356');
INSERT INTO `trade_user` VALUES ('345', 'd14aec787ee8f5c', 'ef0172c92281e71a9df534fd9aaff164', 'dlive_14aec787ee8f5c@gmail.com', '0', '0', 'ed9894ae720ff59f5633c9373b998d338306e98b');
INSERT INTO `trade_user` VALUES ('346', 'df891fb3b8ee958', 'ef0172c92281e71a9df534fd9aaff164', 'dlive_f891fb3b8ee958@gmail.com', '0', '0', '69328d584ae10cfbfc4d781f755197b0dd2ee51a');
INSERT INTO `trade_user` VALUES ('347', 'd70b2943aaf025c', 'ef0172c92281e71a9df534fd9aaff164', 'dlive_70b2943aaf025c@gmail.com', '0', '0', 'a400bedacc029ba0f0a992113d9d2089f899adc8');
INSERT INTO `trade_user` VALUES ('348', 'dc06efb74076861', 'ef0172c92281e71a9df534fd9aaff164', 'dlive_c06efb74076861@gmail.com', '0', '0', '6f72fa4ddf9b0d7b49c5a3e4684b4fb1213b5622');
INSERT INTO `trade_user` VALUES ('349', 'dfa1bfb4ab0ca55', 'ef0172c92281e71a9df534fd9aaff164', 'dlive_fa1bfb4ab0ca55@gmail.com', '0', '0', 'ab609c2d6b040c82af6182a4dc7f516ed86c4cbc');
INSERT INTO `trade_user` VALUES ('350', 'd286ef39da0ac03', 'ef0172c92281e71a9df534fd9aaff164', 'dlive_286ef39da0ac03@gmail.com', '0', '0', '55bf5dd0c1182e51f90ffca3c6353d99fc6d0e6c');
INSERT INTO `trade_user` VALUES ('351', 'd4659bb14bcfcce', 'ef0172c92281e71a9df534fd9aaff164', 'dlive_4659bb14bcfcce@gmail.com', '0', '0', '14c9222f9e3957ee275b2a850de5358239bd5fa4');
INSERT INTO `trade_user` VALUES ('352', 'df4f09da3eb442d', 'ef0172c92281e71a9df534fd9aaff164', 'dlive_f4f09da3eb442d@gmail.com', '0', '0', '6729765affc880aa40117dc4fb72e97e82315fbe');
INSERT INTO `trade_user` VALUES ('353', 'dc99417163345c5', 'ef0172c92281e71a9df534fd9aaff164', 'dlive_c99417163345c5@gmail.com', '0', '0', 'e4b3a2023c89d79fec22523cc6b2728acfe55b66');
INSERT INTO `trade_user` VALUES ('354', 'd365162f94b4dc0', 'ef0172c92281e71a9df534fd9aaff164', 'dlive_365162f94b4dc0@gmail.com', '0', '0', '290fef4c336c0b5698d1d6daa39576176c8dfe9d');
INSERT INTO `trade_user` VALUES ('355', 'dccb53558a61c74', 'ef0172c92281e71a9df534fd9aaff164', 'dlive_ccb53558a61c74@gmail.com', '0', '0', '4b1a2c08eb3a36d46632f107750656f0707ad4b8');
INSERT INTO `trade_user` VALUES ('356', 'd6f42c6bfdac593', 'ef0172c92281e71a9df534fd9aaff164', 'dlive_6f42c6bfdac593@gmail.com', '0', '0', '9c0cd67a0db301665d5492cbe3a439ad67517c6c');
INSERT INTO `trade_user` VALUES ('357', 'dba4a2a277672d4', 'ef0172c92281e71a9df534fd9aaff164', 'dlive_ba4a2a277672d4@gmail.com', '0', '0', 'e4c7d48b1e7f4a753ab08e3e4dc23c7b064fbd7e');
INSERT INTO `trade_user` VALUES ('358', 'd72a2c51f3305af', 'ef0172c92281e71a9df534fd9aaff164', 'dlive_72a2c51f3305af@gmail.com', '0', '0', '4823d8c1ccde6325290ff4625e951bb2e8736e90');
INSERT INTO `trade_user` VALUES ('359', 'deae4395c7474ac', 'ef0172c92281e71a9df534fd9aaff164', 'dlive_eae4395c7474ac@gmail.com', '0', '0', '0bde5af65dd7886701e8dac85c127bbb9ea96f93');
INSERT INTO `trade_user` VALUES ('360', 'd0bb6063bf7d268', 'ef0172c92281e71a9df534fd9aaff164', 'dlive_0bb6063bf7d268@gmail.com', '0', '0', '344fe85ed81af41879577a1c83304afcdf6f9216');
INSERT INTO `trade_user` VALUES ('361', 'd790a7968716a55', 'ef0172c92281e71a9df534fd9aaff164', 'dlive_790a7968716a55@gmail.com', '0', '0', 'c3432fe64bce9c9ee5ebae780d37b29fddd015ef');
INSERT INTO `trade_user` VALUES ('362', 'dc6b70f5bb0302d', 'ef0172c92281e71a9df534fd9aaff164', 'dlive_c6b70f5bb0302d@gmail.com', '0', '0', '3aef7c343c2f81bd43d89a1eb7f61eb18b7e319c');
INSERT INTO `trade_user` VALUES ('363', 'da3fce138df07c4', 'ef0172c92281e71a9df534fd9aaff164', 'dlive_a3fce138df07c4@gmail.com', '0', '0', '9c63707dde7c2f02eae91321560f9ebf408d45db');
INSERT INTO `trade_user` VALUES ('364', 'd7831458b7825e5', 'ef0172c92281e71a9df534fd9aaff164', 'dlive_7831458b7825e5@gmail.com', '0', '0', '3ef13e017a7bab4e7359a4e525236bca13cab5a6');
INSERT INTO `trade_user` VALUES ('365', 'd4cfd81f5c0aeb7', 'ef0172c92281e71a9df534fd9aaff164', 'dlive_4cfd81f5c0aeb7@gmail.com', '0', '0', '8ada1a0babc19747b854d9121486c7bffe3a88a5');
INSERT INTO `trade_user` VALUES ('366', 'dce7520a7abab49', 'ef0172c92281e71a9df534fd9aaff164', 'dlive_ce7520a7abab49@gmail.com', '0', '0', '26dbd4bce700c1b684c8517f731e8d268faead37');
INSERT INTO `trade_user` VALUES ('367', 'dc530998f102792', 'ef0172c92281e71a9df534fd9aaff164', 'dlive_c530998f102792@gmail.com', '0', '0', 'e46b2525ca30a3b285a6bfc4e9d76743c283d2dd');
INSERT INTO `trade_user` VALUES ('368', 'deb0765271c9d31', 'ef0172c92281e71a9df534fd9aaff164', 'dlive_eb0765271c9d31@gmail.com', '0', '0', 'c0d453ac08bce7e4caeece92882e943e9cba72b6');
INSERT INTO `trade_user` VALUES ('369', 'dc0d02e026d7992', 'ef0172c92281e71a9df534fd9aaff164', 'dlive_c0d02e026d7992@gmail.com', '0', '0', 'c5726019c840dd06ca0bb0935dee43e462977ccc');
INSERT INTO `trade_user` VALUES ('370', 'd47f11a3d3d0c79', 'ef0172c92281e71a9df534fd9aaff164', 'dlive_47f11a3d3d0c79@gmail.com', '0', '0', '3277518305b90c2db7bf4004c9864732e94688ea');
INSERT INTO `trade_user` VALUES ('371', 'd3d77d18c2efd55', 'ef0172c92281e71a9df534fd9aaff164', 'dlive_3d77d18c2efd55@gmail.com', '0', '0', '83383731f0119344d823ed6fac3dd3b6cc2e093d');
INSERT INTO `trade_user` VALUES ('372', 'd3ce8297d213bfe', 'ef0172c92281e71a9df534fd9aaff164', 'dlive_3ce8297d213bfe@gmail.com', '0', '0', '94bdcd2843cd818ea8eba84ef9c4b011d347fea6');
INSERT INTO `trade_user` VALUES ('373', 'd776aa86a02f27e', 'ef0172c92281e71a9df534fd9aaff164', 'dlive_776aa86a02f27e@gmail.com', '0', '0', 'ce6bfaf3630c80be83a34e3bfafec7231de8d817');
INSERT INTO `trade_user` VALUES ('374', 'ddc096e8a631bcc', 'ef0172c92281e71a9df534fd9aaff164', 'dlive_dc096e8a631bcc@gmail.com', '0', '0', '02be87b25f0a2a0d80adde937bac23c0e79c10c9');
INSERT INTO `trade_user` VALUES ('375', 'd9d48ef08e8216b', 'ef0172c92281e71a9df534fd9aaff164', 'dlive_9d48ef08e8216b@gmail.com', '0', '0', '811d2caacfd71bce70413fccd7f365aaed4192a2');
INSERT INTO `trade_user` VALUES ('376', 'd2d13f6de4a5f9a', 'ef0172c92281e71a9df534fd9aaff164', 'dlive_2d13f6de4a5f9a@gmail.com', '0', '0', '3bb43acf3b8b5f6378ee00f4d9083ada49c8e03b');
INSERT INTO `trade_user` VALUES ('377', 'd185e10ea4d3047', 'ef0172c92281e71a9df534fd9aaff164', 'dlive_185e10ea4d3047@gmail.com', '0', '0', '8c4c1e00f92f907c3f6f6d55425d7ef16ccbc152');
INSERT INTO `trade_user` VALUES ('378', 'd5425691091d68a', 'ef0172c92281e71a9df534fd9aaff164', 'dlive_5425691091d68a@gmail.com', '0', '0', '61f6b12536460006e4109b557bd608693b664e53');
INSERT INTO `trade_user` VALUES ('379', 'dbdebe3bd98a889', 'ef0172c92281e71a9df534fd9aaff164', 'dlive_bdebe3bd98a889@gmail.com', '0', '0', 'dd444167ef41975d8ff8cfa346ad3d1ae13a56e1');
INSERT INTO `trade_user` VALUES ('380', 'd4999de08675aab', 'ef0172c92281e71a9df534fd9aaff164', 'dlive_4999de08675aab@gmail.com', '0', '0', '88ed64aeba24a45074c39f1ea7d19646100990f9');
INSERT INTO `trade_user` VALUES ('381', 'daa53c3d1c8eefd', 'ef0172c92281e71a9df534fd9aaff164', 'dlive_aa53c3d1c8eefd@gmail.com', '0', '0', '9c92046721437a06ec8b8046cc5ad920419e5de9');
INSERT INTO `trade_user` VALUES ('382', 'd8604c6db1c9552', 'ef0172c92281e71a9df534fd9aaff164', 'dlive_8604c6db1c9552@gmail.com', '0', '0', '1064988aa7b2e92e246bf8c104068872e6989292');
INSERT INTO `trade_user` VALUES ('383', 'd6a0c4e446027f1', 'ef0172c92281e71a9df534fd9aaff164', 'dlive_6a0c4e446027f1@gmail.com', '0', '0', '99d43e0ccbb313dea301d1c82903cc007489fec9');
INSERT INTO `trade_user` VALUES ('384', 'd4cd2649dad8d38', 'ef0172c92281e71a9df534fd9aaff164', 'dlive_4cd2649dad8d38@gmail.com', '0', '0', 'b5ec5f7c28e9da07d803e39b29643eb0a5d51129');
INSERT INTO `trade_user` VALUES ('385', 'dc09195ad53cf93', 'ef0172c92281e71a9df534fd9aaff164', 'dlive_c09195ad53cf93@gmail.com', '0', '0', '6daeadaa2b411505146c1b89b66cdbd6294d4d53');
INSERT INTO `trade_user` VALUES ('386', 'd95a08e62f0ca54', 'ef0172c92281e71a9df534fd9aaff164', 'dlive_95a08e62f0ca54@gmail.com', '0', '0', 'a914f5968f96d61b0eaab7df4b95801486b663b8');
INSERT INTO `trade_user` VALUES ('387', 'd13aeba00c4d4fa', 'ef0172c92281e71a9df534fd9aaff164', 'dlive_13aeba00c4d4fa@gmail.com', '0', '0', 'e569227f6ff07de018c9db1089f58eaa91e7efbf');
INSERT INTO `trade_user` VALUES ('388', 'd344bfe9fd3529b', 'ef0172c92281e71a9df534fd9aaff164', 'dlive_344bfe9fd3529b@gmail.com', '0', '0', '24ae90cbc7bcb8f252e332297058bf5b4b2f57a0');
INSERT INTO `trade_user` VALUES ('389', 'd3a2ebba87793e9', 'ef0172c92281e71a9df534fd9aaff164', 'dlive_3a2ebba87793e9@gmail.com', '0', '0', 'dc31b2a355bc29dab2aef823205b9ccda1227fef');
INSERT INTO `trade_user` VALUES ('390', 'd45dcdc273f2eed', 'ef0172c92281e71a9df534fd9aaff164', 'dlive_45dcdc273f2eed@gmail.com', '0', '0', '561e12c03dd6892a35f34d21e3363ae728ed049d');
INSERT INTO `trade_user` VALUES ('391', 'd2b6a768c4f236a', 'ef0172c92281e71a9df534fd9aaff164', 'dlive_2b6a768c4f236a@gmail.com', '0', '0', '42731e133d51ea305afc30281b9fe9804680d1f7');
INSERT INTO `trade_user` VALUES ('392', 'd0093280baad9a6', 'ef0172c92281e71a9df534fd9aaff164', 'dlive_0093280baad9a6@gmail.com', '0', '0', '5defa796b548bf65c8fb9a48ac0b8adeef805cf8');
INSERT INTO `trade_user` VALUES ('393', 'd082fae48238e61', 'ef0172c92281e71a9df534fd9aaff164', 'dlive_082fae48238e61@gmail.com', '0', '0', 'b863647085600103c7be4efff9740a7918b659e8');
INSERT INTO `trade_user` VALUES ('394', 'd9d0b30cb0561de', 'ef0172c92281e71a9df534fd9aaff164', 'dlive_9d0b30cb0561de@gmail.com', '0', '0', 'a0ebe0e55df536f6021bbea3936a299068df2070');
INSERT INTO `trade_user` VALUES ('395', 'd20587965a32259', 'ef0172c92281e71a9df534fd9aaff164', 'dlive_20587965a32259@gmail.com', '0', '0', 'e3141a7e949e6546fed0a27839f168dd1ad9a204');
INSERT INTO `trade_user` VALUES ('396', 'ded8178235b8177', 'ef0172c92281e71a9df534fd9aaff164', 'dlive_ed8178235b8177@gmail.com', '0', '0', 'eb96100947568515bc6828be4f8f6ba546be8fcc');
INSERT INTO `trade_user` VALUES ('397', 'd119cecfd6433b4', 'ef0172c92281e71a9df534fd9aaff164', 'dlive_119cecfd6433b4@gmail.com', '0', '0', 'b506b6ebe42c6ae309852dde9f59dd62b80e5987');
INSERT INTO `trade_user` VALUES ('398', 'd2f3e873bb83d47', 'ef0172c92281e71a9df534fd9aaff164', 'dlive_2f3e873bb83d47@gmail.com', '0', '0', '5c574f44fb2673cf3081e84ced0cfe9b5ab2d06d');
INSERT INTO `trade_user` VALUES ('399', 'd9ea938424d5013', 'ef0172c92281e71a9df534fd9aaff164', 'dlive_9ea938424d5013@gmail.com', '0', '0', 'c29fa07c1e5e955133f23e9ea567ef1a3a728721');
INSERT INTO `trade_user` VALUES ('400', 'd6d62498a1c1059', 'ef0172c92281e71a9df534fd9aaff164', 'dlive_6d62498a1c1059@gmail.com', '0', '0', '85c082b7fe0224ca5d48f891ee533a263c301813');
INSERT INTO `trade_user` VALUES ('401', 'd3eaf888ba86296', 'ef0172c92281e71a9df534fd9aaff164', 'dlive_3eaf888ba86296@gmail.com', '0', '0', 'de99a138c59655035b951030181778ca42013d77');
INSERT INTO `trade_user` VALUES ('402', 'dcaefbe920e9c79', 'ef0172c92281e71a9df534fd9aaff164', 'dlive_caefbe920e9c79@gmail.com', '0', '0', '034c54448333aea8ec476bbbb3b239acdf882224');
INSERT INTO `trade_user` VALUES ('403', 'd4b3644c9685064', 'ef0172c92281e71a9df534fd9aaff164', 'dlive_4b3644c9685064@gmail.com', '0', '0', '96543a56c8025c941d285c0ac28b7bf99c635300');
INSERT INTO `trade_user` VALUES ('404', 'deb6d35aece3936', 'ef0172c92281e71a9df534fd9aaff164', 'dlive_eb6d35aece3936@gmail.com', '0', '0', '4b44ca2d3425c5970e126cb7ea4e907e76221809');
INSERT INTO `trade_user` VALUES ('405', 'daff856c8b14696', 'ef0172c92281e71a9df534fd9aaff164', 'dlive_aff856c8b14696@gmail.com', '0', '0', 'a2d65a749bdc8d18ee12de6d2693502d37128c83');
INSERT INTO `trade_user` VALUES ('406', 'd0191b689861e1b', 'ef0172c92281e71a9df534fd9aaff164', 'dlive_0191b689861e1b@gmail.com', '0', '0', 'f839291e5b8fa087af76e756e80096a9f16d264d');
INSERT INTO `trade_user` VALUES ('407', 'd2213f981ab2b2a', 'ef0172c92281e71a9df534fd9aaff164', 'dlive_2213f981ab2b2a@gmail.com', '0', '0', 'a0e6ec0739bec571898186da380c7fef7a4a1d1d');
INSERT INTO `trade_user` VALUES ('408', 'd1121edbcf6123f', 'ef0172c92281e71a9df534fd9aaff164', 'dlive_1121edbcf6123f@gmail.com', '0', '0', '1cb541bd26e8de0f9db9546d4245b7837b5a37eb');
INSERT INTO `trade_user` VALUES ('409', 'd8c05d74da2045b', 'ef0172c92281e71a9df534fd9aaff164', 'dlive_8c05d74da2045b@gmail.com', '0', '0', 'a8e880812ce0e7fd8b5e3189a0c5040cf1c14127');
INSERT INTO `trade_user` VALUES ('410', 'da8d7c3670a08c8', 'ef0172c92281e71a9df534fd9aaff164', 'dlive_a8d7c3670a08c8@gmail.com', '0', '0', '6341c4ea29444bc187f7a49496e269059245af28');
INSERT INTO `trade_user` VALUES ('411', 'd867fec520c2344', 'ef0172c92281e71a9df534fd9aaff164', 'dlive_867fec520c2344@gmail.com', '0', '0', '488d0a53845897add6b2f8550f4a43bfa7f87853');
INSERT INTO `trade_user` VALUES ('412', 'd2a993e1db9da2d', 'ef0172c92281e71a9df534fd9aaff164', 'dlive_2a993e1db9da2d@gmail.com', '0', '0', '6ecc4807f77bb3d0427fa2b4861d8826e6d0a08e');
INSERT INTO `trade_user` VALUES ('413', 'daf5261a7b06cd3', 'ef0172c92281e71a9df534fd9aaff164', 'dlive_af5261a7b06cd3@gmail.com', '0', '0', '3bdbf104734aa3c02bbf77466a80e4480573abaf');
INSERT INTO `trade_user` VALUES ('414', 'da2d591eda9457e', 'ef0172c92281e71a9df534fd9aaff164', 'dlive_a2d591eda9457e@gmail.com', '0', '0', 'c8203f0e9b87ed61c8ba149ea5fa5defddcb5504');
INSERT INTO `trade_user` VALUES ('415', 'd36c170f9091f14', 'ef0172c92281e71a9df534fd9aaff164', 'dlive_36c170f9091f14@gmail.com', '0', '0', '7ddc798a977a70003c1545d06425523d3839a3df');
INSERT INTO `trade_user` VALUES ('416', 'd967d7dd6a2d5d1', 'ef0172c92281e71a9df534fd9aaff164', 'dlive_967d7dd6a2d5d1@gmail.com', '0', '0', '78bc12f23db729bcd5e2af3820bf531b5caca7f8');
INSERT INTO `trade_user` VALUES ('417', 'd1dff4231089b86', 'ef0172c92281e71a9df534fd9aaff164', 'dlive_1dff4231089b86@gmail.com', '0', '0', '6dfea2293c8facfd07f03fb97351901a1436d77f');
INSERT INTO `trade_user` VALUES ('418', 'd5e1b72e07a537f', 'ef0172c92281e71a9df534fd9aaff164', 'dlive_5e1b72e07a537f@gmail.com', '0', '0', '425118c102ba898fe0cbc6498fe1ee715b4bfd95');
INSERT INTO `trade_user` VALUES ('419', 'd8fd1f1a8b0f0c2', 'ef0172c92281e71a9df534fd9aaff164', 'dlive_8fd1f1a8b0f0c2@gmail.com', '0', '0', '4177ef80b727d100b1309e399eaf04789aa6af42');
INSERT INTO `trade_user` VALUES ('420', 'dd658baf2b55ba2', 'ef0172c92281e71a9df534fd9aaff164', 'dlive_d658baf2b55ba2@gmail.com', '0', '0', '8d350bb49766d8961bd0989acb71efe74554578f');
INSERT INTO `trade_user` VALUES ('421', 'd784d483a6a3077', 'ef0172c92281e71a9df534fd9aaff164', 'dlive_784d483a6a3077@gmail.com', '0', '0', '57e156dbb0179d0a94bdd268de5e9dc5d32abc18');
INSERT INTO `trade_user` VALUES ('422', 'd0bd1ff0cbfb067', 'ef0172c92281e71a9df534fd9aaff164', 'dlive_0bd1ff0cbfb067@gmail.com', '0', '0', '1a65025c8d0d4dc490b4b587288c81abb3304ea8');
INSERT INTO `trade_user` VALUES ('423', 'df0f819cfa15c82', 'ef0172c92281e71a9df534fd9aaff164', 'dlive_f0f819cfa15c82@gmail.com', '0', '0', 'ccb1e71e9d09c195fa536bd83f30b6170d1afa3f');
INSERT INTO `trade_user` VALUES ('424', 'd9a22dfc20b4d45', 'ef0172c92281e71a9df534fd9aaff164', 'dlive_9a22dfc20b4d45@gmail.com', '0', '0', '87c3bcf8b44a63cfc971e43e09d5b4ecb15a79f9');
INSERT INTO `trade_user` VALUES ('425', 'd66727a283f4b23', 'ef0172c92281e71a9df534fd9aaff164', 'dlive_66727a283f4b23@gmail.com', '0', '0', '739cd4c62a69891e0ab439296bb53f11063afbcf');
INSERT INTO `trade_user` VALUES ('426', 'ddd5a3b8c107404', 'ef0172c92281e71a9df534fd9aaff164', 'dlive_dd5a3b8c107404@gmail.com', '0', '0', 'bdb7665ccc13e771d206d9adb2bff1fe348df5bf');
INSERT INTO `trade_user` VALUES ('427', 'd194512c6c92087', 'ef0172c92281e71a9df534fd9aaff164', 'dlive_194512c6c92087@gmail.com', '0', '0', '7701e1017b6cc1733fa53cc90533335ec5fddd29');
INSERT INTO `trade_user` VALUES ('428', 'dcd8b0ab7a9f094', 'ef0172c92281e71a9df534fd9aaff164', 'dlive_cd8b0ab7a9f094@gmail.com', '0', '0', '7a8bdee0552c9bf14885fdd05d769b1e53138b2f');
INSERT INTO `trade_user` VALUES ('429', 'd901721771de767', 'ef0172c92281e71a9df534fd9aaff164', 'dlive_901721771de767@gmail.com', '0', '0', '7aea08739b2c66db193889337d7495353b7bb985');
INSERT INTO `trade_user` VALUES ('430', 'd95de722088099b', 'ef0172c92281e71a9df534fd9aaff164', 'dlive_95de722088099b@gmail.com', '0', '0', '93759eb2f8b9e784c2fb7de41f8149bdb0991619');
INSERT INTO `trade_user` VALUES ('431', 'de7b0eb73ecc829', 'ef0172c92281e71a9df534fd9aaff164', 'dlive_e7b0eb73ecc829@gmail.com', '0', '0', 'bd600093cd9fad8e16b0b5ae07369f68cf90f149');
INSERT INTO `trade_user` VALUES ('432', 'd921a6f0457e690', 'ef0172c92281e71a9df534fd9aaff164', 'dlive_921a6f0457e690@gmail.com', '0', '0', 'f458ceeada1c989b829d12dfbdc2b10117af3aaf');
INSERT INTO `trade_user` VALUES ('433', 'd9b6274c6f7ec99', 'ef0172c92281e71a9df534fd9aaff164', 'dlive_9b6274c6f7ec99@gmail.com', '0', '0', '4bacd35b5e6a7ad77d0b49f3e4eab278ad23a052');
INSERT INTO `trade_user` VALUES ('434', 'd730c8c248253c3', 'ef0172c92281e71a9df534fd9aaff164', 'dlive_730c8c248253c3@gmail.com', '0', '0', '3411d1a705dcd89403187c84621efd4a8e4f9c9b');
INSERT INTO `trade_user` VALUES ('435', 'db10c90d0271993', 'ef0172c92281e71a9df534fd9aaff164', 'dlive_b10c90d0271993@gmail.com', '0', '0', '18a23d5a35da817213e7abe1568b49a9a2349bc2');
INSERT INTO `trade_user` VALUES ('436', 'd625f5c4b0c4c91', 'ef0172c92281e71a9df534fd9aaff164', 'dlive_625f5c4b0c4c91@gmail.com', '0', '0', 'e9fcf14788f109b4c02a1c90cf7253942bed670c');
INSERT INTO `trade_user` VALUES ('437', 'd11fd805f0e21f4', 'ef0172c92281e71a9df534fd9aaff164', 'dlive_11fd805f0e21f4@gmail.com', '0', '0', '6385333c9998bdb940de00c6ef653e7c5e6e877b');
INSERT INTO `trade_user` VALUES ('438', 'dfd0048a1acc5a2', 'ef0172c92281e71a9df534fd9aaff164', 'dlive_fd0048a1acc5a2@gmail.com', '0', '0', 'f9a6d26b3fa4594390a853c6d4b852e4f408fa93');
INSERT INTO `trade_user` VALUES ('439', 'd53ff7fc325f18b', 'ef0172c92281e71a9df534fd9aaff164', 'dlive_53ff7fc325f18b@gmail.com', '0', '0', '38b794444e3b5857c85f2d8bc6d5cd5a557c6059');
INSERT INTO `trade_user` VALUES ('440', 'ddd0808c97dd2c3', 'ef0172c92281e71a9df534fd9aaff164', 'dlive_dd0808c97dd2c3@gmail.com', '0', '0', 'bfbdb3fe15674aa29aec34939566a1092d7f6ba6');
INSERT INTO `trade_user` VALUES ('441', 'd0c27a7bcbe0028', 'ef0172c92281e71a9df534fd9aaff164', 'dlive_0c27a7bcbe0028@gmail.com', '0', '0', '0ad84619cc69eef81ce980a92d6db56d72610f09');
INSERT INTO `trade_user` VALUES ('442', 'ddffbd99d3c5500', 'ef0172c92281e71a9df534fd9aaff164', 'dlive_dffbd99d3c5500@gmail.com', '0', '0', 'f872b67a82ebff9735ae84134d9fa624d106d43c');
INSERT INTO `trade_user` VALUES ('443', 'd3ab5da86393d72', 'ef0172c92281e71a9df534fd9aaff164', 'dlive_3ab5da86393d72@gmail.com', '0', '0', '97079d5737c92b2b37b9907b86658e2087cb275b');
INSERT INTO `trade_user` VALUES ('444', 'dfedc1da310d7ec', 'ef0172c92281e71a9df534fd9aaff164', 'dlive_fedc1da310d7ec@gmail.com', '0', '0', '3bc0aca2d1a83b8da820f3c6df90d7f8da5d4ace');
INSERT INTO `trade_user` VALUES ('445', 'd8a48585cc2f321', 'ef0172c92281e71a9df534fd9aaff164', 'dlive_8a48585cc2f321@gmail.com', '0', '0', '28f651312a5ddab074028c97c8d6a74a4f27afc4');
INSERT INTO `trade_user` VALUES ('446', 'd17c41ed1424978', 'ef0172c92281e71a9df534fd9aaff164', 'dlive_17c41ed1424978@gmail.com', '0', '0', '36e43b7055ab715b041fc3613fc877ccaad9aaa2');
INSERT INTO `trade_user` VALUES ('447', 'd20a0bd67f4b8f3', 'ef0172c92281e71a9df534fd9aaff164', 'dlive_20a0bd67f4b8f3@gmail.com', '0', '0', '2743cd9a70e34457456cfd8880ce4ceef9a87849');
INSERT INTO `trade_user` VALUES ('448', 'd198596e1a00518', 'ef0172c92281e71a9df534fd9aaff164', 'dlive_198596e1a00518@gmail.com', '0', '0', 'd89c550d88d66aa305fbae448ac88893f5dcca09');
INSERT INTO `trade_user` VALUES ('449', 'da3a29dbe898686', 'ef0172c92281e71a9df534fd9aaff164', 'dlive_a3a29dbe898686@gmail.com', '0', '0', 'a0b2ae60370a41a3c0e550ae476939600e8c6b3c');
INSERT INTO `trade_user` VALUES ('450', 'd69372181cacfba', 'ef0172c92281e71a9df534fd9aaff164', 'dlive_69372181cacfba@gmail.com', '0', '0', 'df7769710afb0ff0f45dc9d689d3ada0fc0ae324');
INSERT INTO `trade_user` VALUES ('451', 'd236a9e1f9241e3', 'ef0172c92281e71a9df534fd9aaff164', 'dlive_236a9e1f9241e3@gmail.com', '0', '0', 'b77c55fcaf34bf72356a7249dd4b0291f809f419');
INSERT INTO `trade_user` VALUES ('452', 'd576f6ca4451cad', 'ef0172c92281e71a9df534fd9aaff164', 'dlive_576f6ca4451cad@gmail.com', '0', '0', '85609819ed77eb4bc65c46ac34a9186c1a53dcb3');
INSERT INTO `trade_user` VALUES ('453', 'dbfb67552e8af49', 'ef0172c92281e71a9df534fd9aaff164', 'dlive_bfb67552e8af49@gmail.com', '0', '0', '7383e8b82cba488d059f0e2e4808cd55d811f89f');
INSERT INTO `trade_user` VALUES ('454', 'd65d57755636c66', 'ef0172c92281e71a9df534fd9aaff164', 'dlive_65d57755636c66@gmail.com', '0', '0', '65ff664aabb1a5bbfefa518a546f787071fdda82');
INSERT INTO `trade_user` VALUES ('455', 'defc70155fd4240', 'ef0172c92281e71a9df534fd9aaff164', 'dlive_efc70155fd4240@gmail.com', '0', '0', '70bbfe4473d60649e410bacc43ef5991b6f6c2aa');
INSERT INTO `trade_user` VALUES ('456', 'daf1d35fdcc2da0', 'ef0172c92281e71a9df534fd9aaff164', 'dlive_af1d35fdcc2da0@gmail.com', '0', '0', 'bafbbfaf3d7e06acd0fa74402faed5c22c704b16');
INSERT INTO `trade_user` VALUES ('457', 'd79988894e4e6e1', 'ef0172c92281e71a9df534fd9aaff164', 'dlive_79988894e4e6e1@gmail.com', '0', '0', '2ba827c93c0cfef4f7b9a0e275660833a77c1983');
INSERT INTO `trade_user` VALUES ('458', 'dd1b9d5e633e296', 'ef0172c92281e71a9df534fd9aaff164', 'dlive_d1b9d5e633e296@gmail.com', '0', '0', '4fa647d8900c4a66b3b15f56b94a6311ee314515');
INSERT INTO `trade_user` VALUES ('459', 'd1eb80e94f68cf7', 'ef0172c92281e71a9df534fd9aaff164', 'dlive_1eb80e94f68cf7@gmail.com', '0', '0', '52ba4b07d5d53e5cf3e3ac7bf3a96e81ca5c2fc4');
INSERT INTO `trade_user` VALUES ('460', 'd064ce6089ea14e', 'ef0172c92281e71a9df534fd9aaff164', 'dlive_064ce6089ea14e@gmail.com', '0', '0', '6aa4867e333ec36d19c728f8876fcd3f97c3d6ea');
INSERT INTO `trade_user` VALUES ('461', 'dc2dd803602a7b1', 'ef0172c92281e71a9df534fd9aaff164', 'dlive_c2dd803602a7b1@gmail.com', '0', '0', '72d055f2b826f8d9b0ef420124b8e17d6bc8f26b');
INSERT INTO `trade_user` VALUES ('462', 'd60d14fc22d74f9', 'ef0172c92281e71a9df534fd9aaff164', 'dlive_60d14fc22d74f9@gmail.com', '0', '0', 'abb9063c4a120deb6b1ed283722729d51720974a');
INSERT INTO `trade_user` VALUES ('463', 'd3392655b82ae23', 'ef0172c92281e71a9df534fd9aaff164', 'dlive_3392655b82ae23@gmail.com', '0', '0', '8a351b6073ec5a9e685e36fcc725a84ad29c4d68');
INSERT INTO `trade_user` VALUES ('464', 'd2d272f4484c419', 'ef0172c92281e71a9df534fd9aaff164', 'dlive_2d272f4484c419@gmail.com', '0', '0', '8efd4e351b6c3590e9047c849971e22d579df2b8');
INSERT INTO `trade_user` VALUES ('465', 'de1b6bd1c65fe6b', 'ef0172c92281e71a9df534fd9aaff164', 'dlive_e1b6bd1c65fe6b@gmail.com', '0', '0', '2187f46a1c22739a482271192e2d560fd3ab6e38');
INSERT INTO `trade_user` VALUES ('466', 'd00910ceef60d8c', 'ef0172c92281e71a9df534fd9aaff164', 'dlive_00910ceef60d8c@gmail.com', '0', '0', '38ed981ede78c6b64040769a13c537dc2647d3d5');
INSERT INTO `trade_user` VALUES ('467', 'de16cd1e7b747bc', 'ef0172c92281e71a9df534fd9aaff164', 'dlive_e16cd1e7b747bc@gmail.com', '0', '0', 'acbf3f6c38598da0993ebfcd9b82d3b351fc5515');
INSERT INTO `trade_user` VALUES ('468', 'd5211f3a07cdd5d', 'ef0172c92281e71a9df534fd9aaff164', 'dlive_5211f3a07cdd5d@gmail.com', '0', '0', 'bf17658aec1775d800ba67073631b79c67958f77');
INSERT INTO `trade_user` VALUES ('469', 'df907c297a37919', 'ef0172c92281e71a9df534fd9aaff164', 'dlive_f907c297a37919@gmail.com', '0', '0', '8c028a63963705e566471108c66c03d2f2205cbb');
INSERT INTO `trade_user` VALUES ('470', 'df0fa93fd08ffd1', 'ef0172c92281e71a9df534fd9aaff164', 'dlive_f0fa93fd08ffd1@gmail.com', '0', '0', 'c58bac68b2e2613b2cb6532bcf1da014fd2aaa14');
INSERT INTO `trade_user` VALUES ('471', 'd23104f7448006e', 'ef0172c92281e71a9df534fd9aaff164', 'dlive_23104f7448006e@gmail.com', '0', '0', '9c0d96046e0476ca1c57a1862d015d118ceb2e08');
INSERT INTO `trade_user` VALUES ('472', 'd65f8876bd55c51', 'ef0172c92281e71a9df534fd9aaff164', 'dlive_65f8876bd55c51@gmail.com', '0', '0', 'bc164da7892f2a147c7384adbf6b49e355dcabbb');
INSERT INTO `trade_user` VALUES ('473', 'd6c58bd3699111d', 'ef0172c92281e71a9df534fd9aaff164', 'dlive_6c58bd3699111d@gmail.com', '0', '0', 'f794ae883b9a695792336fa670f1912747852553');
INSERT INTO `trade_user` VALUES ('474', 'da5dd6f0f8cc654', 'ef0172c92281e71a9df534fd9aaff164', 'dlive_a5dd6f0f8cc654@gmail.com', '0', '0', 'a8cb7210dfbc9b419d09ea6eeb18e6472d8d139f');
INSERT INTO `trade_user` VALUES ('475', 'dcf7a5ba2fe5618', 'ef0172c92281e71a9df534fd9aaff164', 'dlive_cf7a5ba2fe5618@gmail.com', '0', '0', 'c4a2c111eff81507c544aea01b91a94f8e71213b');
INSERT INTO `trade_user` VALUES ('476', 'deaa167f0d092ee', 'ef0172c92281e71a9df534fd9aaff164', 'dlive_eaa167f0d092ee@gmail.com', '0', '0', '87f4936f707f3d84c26c873e21968a39647d4575');
INSERT INTO `trade_user` VALUES ('477', 'd3916328cc24e88', 'ef0172c92281e71a9df534fd9aaff164', 'dlive_3916328cc24e88@gmail.com', '0', '0', '60b0bd6170f27e93e7731b8b0b7b74db86c82361');
INSERT INTO `trade_user` VALUES ('478', 'da83221ab491dd1', 'ef0172c92281e71a9df534fd9aaff164', 'dlive_a83221ab491dd1@gmail.com', '0', '0', '0e68e18c6ac1f449118a2e10de52014ae3012ab5');
INSERT INTO `trade_user` VALUES ('479', 'dd4776506dc9ac9', 'ef0172c92281e71a9df534fd9aaff164', 'dlive_d4776506dc9ac9@gmail.com', '0', '0', '26780e99f5c1b54450cb840ff340eb9d16fb2411');
INSERT INTO `trade_user` VALUES ('480', 'ddfe91a0ca8e8dd', 'ef0172c92281e71a9df534fd9aaff164', 'dlive_dfe91a0ca8e8dd@gmail.com', '0', '0', '435141126c0945f37cf36b9193b1854b3fc6875a');
INSERT INTO `trade_user` VALUES ('481', 'd1d4fa0cf7ec376', 'ef0172c92281e71a9df534fd9aaff164', 'dlive_1d4fa0cf7ec376@gmail.com', '0', '0', '1b43d362eb4f54c32d454fc55637320c42269e6e');
INSERT INTO `trade_user` VALUES ('482', 'dd969d7382892cf', 'ef0172c92281e71a9df534fd9aaff164', 'dlive_d969d7382892cf@gmail.com', '0', '0', '72b2d363dc68baffe8900f6bd1f22d9a067899a5');
INSERT INTO `trade_user` VALUES ('483', 'dcfab475239d6d0', 'ef0172c92281e71a9df534fd9aaff164', 'dlive_cfab475239d6d0@gmail.com', '0', '0', '35bd537c11d5edda5d2f41496cde569a818eede0');
INSERT INTO `trade_user` VALUES ('484', 'd421641e4abce02', 'ef0172c92281e71a9df534fd9aaff164', 'dlive_421641e4abce02@gmail.com', '0', '0', 'f0d8dde4e8cc6d57e08e75005a37f3fbdfe9b1ea');
INSERT INTO `trade_user` VALUES ('485', 'd8298bb5e8d21ed', 'ef0172c92281e71a9df534fd9aaff164', 'dlive_8298bb5e8d21ed@gmail.com', '0', '0', 'c4ffef4655c1c1ce4b13e80ae34ed174eb5363ba');
INSERT INTO `trade_user` VALUES ('486', 'db590ee5d505fe0', 'ef0172c92281e71a9df534fd9aaff164', 'dlive_b590ee5d505fe0@gmail.com', '0', '0', 'a7e5ed7495c535602c32a015abf36913678fba9b');
INSERT INTO `trade_user` VALUES ('487', 'd65b8d6ca1f2a44', 'ef0172c92281e71a9df534fd9aaff164', 'dlive_65b8d6ca1f2a44@gmail.com', '0', '0', '671977cf7923cd7f4fea221a66a308b9cd3a3f1e');
INSERT INTO `trade_user` VALUES ('488', 'd0cfe357e789ba5', 'ef0172c92281e71a9df534fd9aaff164', 'dlive_0cfe357e789ba5@gmail.com', '0', '0', 'be4c5f016413dce7e53b429bec9c3eb5890ccf9c');
INSERT INTO `trade_user` VALUES ('489', 'd64df278a9820ec', 'ef0172c92281e71a9df534fd9aaff164', 'dlive_64df278a9820ec@gmail.com', '0', '0', 'ee6bb91438f26279773bf549d583277c75fc966e');
INSERT INTO `trade_user` VALUES ('490', 'd8556bb77dd406a', 'ef0172c92281e71a9df534fd9aaff164', 'dlive_8556bb77dd406a@gmail.com', '0', '0', '5cdb59e89e0fedbbe945518622214a6609ab031f');
INSERT INTO `trade_user` VALUES ('491', 'd8b5a0bf2547c4b', 'ef0172c92281e71a9df534fd9aaff164', 'dlive_8b5a0bf2547c4b@gmail.com', '0', '0', '1ddbe08f3ad1074fb1c984dac24f7f106d1fb692');
INSERT INTO `trade_user` VALUES ('492', 'dee717bd0642f09', 'ef0172c92281e71a9df534fd9aaff164', 'dlive_ee717bd0642f09@gmail.com', '0', '0', '79ae8d33e60016c70551dca0c2a3399b390c464e');
INSERT INTO `trade_user` VALUES ('493', 'd01e37bda1e2b2b', 'ef0172c92281e71a9df534fd9aaff164', 'dlive_01e37bda1e2b2b@gmail.com', '0', '0', 'cfc64fd01703800abf81fa4d216128d84bc7c7c0');
INSERT INTO `trade_user` VALUES ('494', 'dc193b9f17f8bd9', 'ef0172c92281e71a9df534fd9aaff164', 'dlive_c193b9f17f8bd9@gmail.com', '0', '0', 'e9caaab8234cdc50c6f7820681941a96052d7d96');
INSERT INTO `trade_user` VALUES ('495', 'd9d1b4790f79335', 'ef0172c92281e71a9df534fd9aaff164', 'dlive_9d1b4790f79335@gmail.com', '0', '0', '9e7480c451851b0f48548d92971714b7c069bd68');
INSERT INTO `trade_user` VALUES ('496', 'dc3b39655888b12', 'ef0172c92281e71a9df534fd9aaff164', 'dlive_c3b39655888b12@gmail.com', '0', '0', '23f9c94ab0335b1c98a622e12b378c387c327f4d');
INSERT INTO `trade_user` VALUES ('497', 'd5ae3056b64d894', 'ef0172c92281e71a9df534fd9aaff164', 'dlive_5ae3056b64d894@gmail.com', '0', '0', 'a485367187f6140b3e1dc108546c2402993de9af');
INSERT INTO `trade_user` VALUES ('498', 'd56494c1ef4d0e3', 'ef0172c92281e71a9df534fd9aaff164', 'dlive_56494c1ef4d0e3@gmail.com', '0', '0', '206b1f43e8a34106d1fd9a42434e138ba0a945e1');
INSERT INTO `trade_user` VALUES ('499', 'd147e725e1ba761', 'ef0172c92281e71a9df534fd9aaff164', 'dlive_147e725e1ba761@gmail.com', '0', '0', '5a652a90b1bfdfda870713a5f71bb84ead281f06');
INSERT INTO `trade_user` VALUES ('500', 'ddf92e236c23b9f', 'ef0172c92281e71a9df534fd9aaff164', 'dlive_df92e236c23b9f@gmail.com', '0', '0', '56166a709555dccead08a9e7e2612e692d08d83d');
INSERT INTO `trade_user` VALUES ('501', 'dfadec98689178f', 'ef0172c92281e71a9df534fd9aaff164', 'dlive_fadec98689178f@gmail.com', '0', '0', '0cee2bb9cced22c269a54fa5131f162293b7023b');
INSERT INTO `trade_user` VALUES ('502', 'd7abc36b90e7e2a', 'ef0172c92281e71a9df534fd9aaff164', 'dlive_7abc36b90e7e2a@gmail.com', '0', '0', 'a2ab8a0f32bd2494a2e9c325c8c8b7f84221d979');
INSERT INTO `trade_user` VALUES ('503', 'da7fce9c0dda546', 'ef0172c92281e71a9df534fd9aaff164', 'dlive_a7fce9c0dda546@gmail.com', '0', '0', 'aa037d2fc8f83f9ef0ac70d199b137abd4b242ac');
INSERT INTO `trade_user` VALUES ('504', 'db6b9b1fc638135', 'ef0172c92281e71a9df534fd9aaff164', 'dlive_b6b9b1fc638135@gmail.com', '0', '0', '3bb60346fe104ada5a3ba087b8ce9c1a1ba4ad28');
INSERT INTO `trade_user` VALUES ('505', 'd211f051c41e8cd', 'ef0172c92281e71a9df534fd9aaff164', 'dlive_211f051c41e8cd@gmail.com', '0', '0', '408bb3873c47c458b9cdbd4f9add7e15819c13d9');
INSERT INTO `trade_user` VALUES ('506', 'dcb171e87c91416', 'ef0172c92281e71a9df534fd9aaff164', 'dlive_cb171e87c91416@gmail.com', '0', '0', '5433ecac1bda9b403f3e5df4635352b70904db86');
INSERT INTO `trade_user` VALUES ('507', 'df16522db3386b6', 'ef0172c92281e71a9df534fd9aaff164', 'dlive_f16522db3386b6@gmail.com', '0', '0', 'bbb10b26d2d0eb7d02acfff8a205721bc48242f7');
INSERT INTO `trade_user` VALUES ('508', 'da01c46f9f66b7f', 'ef0172c92281e71a9df534fd9aaff164', 'dlive_a01c46f9f66b7f@gmail.com', '0', '0', '067792dc88704f2bb8c81ac1248c67276e85c87a');

-- ----------------------------
-- Table structure for `trade_user_account`
-- ----------------------------
DROP TABLE IF EXISTS `trade_user_account`;
CREATE TABLE `trade_user_account` (
  `user_id` mediumint(8) unsigned NOT NULL,
  `balance` decimal(10,2) unsigned NOT NULL DEFAULT '0.00',
  `points` int(10) unsigned NOT NULL DEFAULT '0',
  `exp` int(10) unsigned NOT NULL DEFAULT '0',
  PRIMARY KEY (`user_id`)
) ENGINE=MyISAM DEFAULT CHARSET=utf8;

-- ----------------------------
-- Records of trade_user_account
-- ----------------------------
INSERT INTO `trade_user_account` VALUES ('1', '0.00', '0', '0');
INSERT INTO `trade_user_account` VALUES ('2', '0.00', '0', '0');
INSERT INTO `trade_user_account` VALUES ('3', '0.00', '0', '0');
INSERT INTO `trade_user_account` VALUES ('4', '0.00', '0', '0');
INSERT INTO `trade_user_account` VALUES ('5', '0.00', '0', '0');
INSERT INTO `trade_user_account` VALUES ('6', '0.00', '0', '0');
INSERT INTO `trade_user_account` VALUES ('7', '0.00', '0', '0');
INSERT INTO `trade_user_account` VALUES ('8', '0.00', '0', '0');
INSERT INTO `trade_user_account` VALUES ('9', '0.00', '0', '0');
INSERT INTO `trade_user_account` VALUES ('10', '0.00', '0', '0');
INSERT INTO `trade_user_account` VALUES ('11', '0.00', '0', '0');
INSERT INTO `trade_user_account` VALUES ('12', '0.00', '0', '0');
INSERT INTO `trade_user_account` VALUES ('13', '0.00', '0', '0');
INSERT INTO `trade_user_account` VALUES ('14', '0.00', '0', '0');
INSERT INTO `trade_user_account` VALUES ('15', '0.00', '0', '0');
INSERT INTO `trade_user_account` VALUES ('16', '0.00', '0', '0');
INSERT INTO `trade_user_account` VALUES ('17', '0.00', '0', '0');
INSERT INTO `trade_user_account` VALUES ('18', '0.00', '0', '0');
INSERT INTO `trade_user_account` VALUES ('19', '0.00', '0', '0');
INSERT INTO `trade_user_account` VALUES ('20', '0.00', '0', '0');
INSERT INTO `trade_user_account` VALUES ('21', '0.00', '0', '0');
INSERT INTO `trade_user_account` VALUES ('22', '0.00', '0', '0');
INSERT INTO `trade_user_account` VALUES ('23', '0.00', '0', '0');
INSERT INTO `trade_user_account` VALUES ('24', '0.00', '0', '0');
INSERT INTO `trade_user_account` VALUES ('25', '0.00', '0', '0');
INSERT INTO `trade_user_account` VALUES ('26', '0.00', '0', '0');
INSERT INTO `trade_user_account` VALUES ('27', '0.00', '0', '0');
INSERT INTO `trade_user_account` VALUES ('28', '0.00', '0', '0');
INSERT INTO `trade_user_account` VALUES ('29', '0.00', '0', '0');
INSERT INTO `trade_user_account` VALUES ('30', '0.00', '0', '0');
INSERT INTO `trade_user_account` VALUES ('31', '0.00', '0', '0');
INSERT INTO `trade_user_account` VALUES ('32', '0.00', '0', '0');
INSERT INTO `trade_user_account` VALUES ('33', '0.00', '0', '0');
INSERT INTO `trade_user_account` VALUES ('34', '0.00', '0', '0');
INSERT INTO `trade_user_account` VALUES ('35', '0.00', '0', '0');
INSERT INTO `trade_user_account` VALUES ('36', '0.00', '0', '0');
INSERT INTO `trade_user_account` VALUES ('37', '0.00', '0', '0');
INSERT INTO `trade_user_account` VALUES ('38', '0.00', '0', '0');
INSERT INTO `trade_user_account` VALUES ('39', '0.00', '0', '0');
INSERT INTO `trade_user_account` VALUES ('40', '0.00', '0', '0');
INSERT INTO `trade_user_account` VALUES ('41', '0.00', '0', '0');
INSERT INTO `trade_user_account` VALUES ('42', '0.00', '0', '0');
INSERT INTO `trade_user_account` VALUES ('43', '0.00', '0', '0');
INSERT INTO `trade_user_account` VALUES ('44', '0.00', '0', '0');
INSERT INTO `trade_user_account` VALUES ('45', '0.00', '0', '0');
INSERT INTO `trade_user_account` VALUES ('46', '0.00', '0', '0');
INSERT INTO `trade_user_account` VALUES ('47', '0.00', '0', '0');
INSERT INTO `trade_user_account` VALUES ('48', '0.00', '0', '0');
INSERT INTO `trade_user_account` VALUES ('49', '0.00', '0', '0');
INSERT INTO `trade_user_account` VALUES ('50', '0.00', '0', '0');
INSERT INTO `trade_user_account` VALUES ('51', '0.00', '0', '0');
INSERT INTO `trade_user_account` VALUES ('52', '0.00', '0', '0');
INSERT INTO `trade_user_account` VALUES ('53', '0.00', '0', '0');
INSERT INTO `trade_user_account` VALUES ('54', '0.00', '0', '0');
INSERT INTO `trade_user_account` VALUES ('55', '0.00', '0', '0');
INSERT INTO `trade_user_account` VALUES ('56', '0.00', '0', '0');
INSERT INTO `trade_user_account` VALUES ('57', '0.00', '0', '0');
INSERT INTO `trade_user_account` VALUES ('58', '0.00', '0', '0');
INSERT INTO `trade_user_account` VALUES ('59', '0.00', '0', '0');
INSERT INTO `trade_user_account` VALUES ('60', '0.00', '0', '0');
INSERT INTO `trade_user_account` VALUES ('61', '0.00', '0', '0');
INSERT INTO `trade_user_account` VALUES ('62', '0.00', '0', '0');
INSERT INTO `trade_user_account` VALUES ('63', '0.00', '0', '0');
INSERT INTO `trade_user_account` VALUES ('64', '0.00', '0', '0');
INSERT INTO `trade_user_account` VALUES ('65', '0.00', '0', '0');
INSERT INTO `trade_user_account` VALUES ('66', '0.00', '0', '0');
INSERT INTO `trade_user_account` VALUES ('67', '0.00', '0', '0');
INSERT INTO `trade_user_account` VALUES ('68', '0.00', '0', '0');
INSERT INTO `trade_user_account` VALUES ('69', '0.00', '0', '0');
INSERT INTO `trade_user_account` VALUES ('70', '0.00', '0', '0');
INSERT INTO `trade_user_account` VALUES ('71', '0.00', '0', '0');
INSERT INTO `trade_user_account` VALUES ('72', '0.00', '0', '0');
INSERT INTO `trade_user_account` VALUES ('73', '0.00', '0', '0');
INSERT INTO `trade_user_account` VALUES ('74', '0.00', '0', '0');
INSERT INTO `trade_user_account` VALUES ('75', '0.00', '0', '0');
INSERT INTO `trade_user_account` VALUES ('76', '0.00', '0', '0');
INSERT INTO `trade_user_account` VALUES ('77', '0.00', '0', '0');
INSERT INTO `trade_user_account` VALUES ('78', '0.00', '0', '0');
INSERT INTO `trade_user_account` VALUES ('79', '0.00', '0', '0');
INSERT INTO `trade_user_account` VALUES ('80', '0.00', '0', '0');
INSERT INTO `trade_user_account` VALUES ('81', '0.00', '0', '0');
INSERT INTO `trade_user_account` VALUES ('82', '0.00', '0', '0');
INSERT INTO `trade_user_account` VALUES ('83', '0.00', '0', '0');
INSERT INTO `trade_user_account` VALUES ('84', '0.00', '0', '0');
INSERT INTO `trade_user_account` VALUES ('85', '0.00', '0', '0');
INSERT INTO `trade_user_account` VALUES ('86', '0.00', '0', '0');
INSERT INTO `trade_user_account` VALUES ('87', '0.00', '0', '0');
INSERT INTO `trade_user_account` VALUES ('88', '0.00', '0', '0');
INSERT INTO `trade_user_account` VALUES ('89', '0.00', '0', '0');
INSERT INTO `trade_user_account` VALUES ('90', '0.00', '0', '0');
INSERT INTO `trade_user_account` VALUES ('91', '0.00', '0', '0');
INSERT INTO `trade_user_account` VALUES ('92', '0.00', '0', '0');
INSERT INTO `trade_user_account` VALUES ('93', '0.00', '0', '0');
INSERT INTO `trade_user_account` VALUES ('94', '0.00', '0', '0');
INSERT INTO `trade_user_account` VALUES ('95', '0.00', '0', '0');
INSERT INTO `trade_user_account` VALUES ('96', '0.00', '0', '0');
INSERT INTO `trade_user_account` VALUES ('97', '0.00', '0', '0');
INSERT INTO `trade_user_account` VALUES ('98', '0.00', '0', '0');
INSERT INTO `trade_user_account` VALUES ('99', '0.00', '0', '0');
INSERT INTO `trade_user_account` VALUES ('100', '0.00', '0', '0');
INSERT INTO `trade_user_account` VALUES ('101', '0.00', '0', '0');
INSERT INTO `trade_user_account` VALUES ('102', '0.00', '0', '0');
INSERT INTO `trade_user_account` VALUES ('103', '0.00', '0', '0');
INSERT INTO `trade_user_account` VALUES ('104', '0.00', '0', '0');
INSERT INTO `trade_user_account` VALUES ('105', '0.00', '0', '0');
INSERT INTO `trade_user_account` VALUES ('106', '0.00', '0', '0');
INSERT INTO `trade_user_account` VALUES ('107', '0.00', '0', '0');
INSERT INTO `trade_user_account` VALUES ('108', '0.00', '0', '0');
INSERT INTO `trade_user_account` VALUES ('109', '0.00', '0', '0');
INSERT INTO `trade_user_account` VALUES ('110', '0.00', '0', '0');
INSERT INTO `trade_user_account` VALUES ('111', '0.00', '0', '0');
INSERT INTO `trade_user_account` VALUES ('112', '0.00', '0', '0');
INSERT INTO `trade_user_account` VALUES ('113', '0.00', '0', '0');
INSERT INTO `trade_user_account` VALUES ('114', '0.00', '0', '0');
INSERT INTO `trade_user_account` VALUES ('115', '0.00', '0', '0');
INSERT INTO `trade_user_account` VALUES ('116', '0.00', '0', '0');
INSERT INTO `trade_user_account` VALUES ('117', '0.00', '0', '0');
INSERT INTO `trade_user_account` VALUES ('118', '0.00', '0', '0');
INSERT INTO `trade_user_account` VALUES ('119', '0.00', '0', '0');
INSERT INTO `trade_user_account` VALUES ('120', '0.00', '0', '0');
INSERT INTO `trade_user_account` VALUES ('121', '0.00', '0', '0');
INSERT INTO `trade_user_account` VALUES ('122', '0.00', '0', '0');
INSERT INTO `trade_user_account` VALUES ('123', '0.00', '0', '0');
INSERT INTO `trade_user_account` VALUES ('124', '0.00', '0', '0');
INSERT INTO `trade_user_account` VALUES ('125', '0.00', '0', '0');
INSERT INTO `trade_user_account` VALUES ('126', '0.00', '0', '0');
INSERT INTO `trade_user_account` VALUES ('127', '0.00', '0', '0');
INSERT INTO `trade_user_account` VALUES ('128', '0.00', '0', '0');
INSERT INTO `trade_user_account` VALUES ('129', '0.00', '0', '0');
INSERT INTO `trade_user_account` VALUES ('130', '0.00', '0', '0');
INSERT INTO `trade_user_account` VALUES ('131', '0.00', '0', '0');
INSERT INTO `trade_user_account` VALUES ('132', '0.00', '0', '0');
INSERT INTO `trade_user_account` VALUES ('133', '0.00', '0', '0');
INSERT INTO `trade_user_account` VALUES ('134', '0.00', '0', '0');
INSERT INTO `trade_user_account` VALUES ('135', '0.00', '0', '0');
INSERT INTO `trade_user_account` VALUES ('136', '0.00', '0', '0');
INSERT INTO `trade_user_account` VALUES ('137', '0.00', '0', '0');
INSERT INTO `trade_user_account` VALUES ('138', '0.00', '0', '0');
INSERT INTO `trade_user_account` VALUES ('139', '0.00', '0', '0');
INSERT INTO `trade_user_account` VALUES ('140', '0.00', '0', '0');
INSERT INTO `trade_user_account` VALUES ('141', '0.00', '0', '0');
INSERT INTO `trade_user_account` VALUES ('142', '0.00', '0', '0');
INSERT INTO `trade_user_account` VALUES ('143', '0.00', '0', '0');
INSERT INTO `trade_user_account` VALUES ('144', '0.00', '0', '0');
INSERT INTO `trade_user_account` VALUES ('145', '0.00', '0', '0');
INSERT INTO `trade_user_account` VALUES ('146', '0.00', '0', '0');
INSERT INTO `trade_user_account` VALUES ('147', '0.00', '0', '0');
INSERT INTO `trade_user_account` VALUES ('148', '0.00', '0', '0');
INSERT INTO `trade_user_account` VALUES ('149', '0.00', '0', '0');
INSERT INTO `trade_user_account` VALUES ('150', '0.00', '0', '0');
INSERT INTO `trade_user_account` VALUES ('151', '0.00', '0', '0');
INSERT INTO `trade_user_account` VALUES ('152', '0.00', '0', '0');
INSERT INTO `trade_user_account` VALUES ('153', '0.00', '0', '0');
INSERT INTO `trade_user_account` VALUES ('154', '0.00', '0', '0');
INSERT INTO `trade_user_account` VALUES ('155', '0.00', '0', '0');
INSERT INTO `trade_user_account` VALUES ('156', '0.00', '0', '0');
INSERT INTO `trade_user_account` VALUES ('157', '0.00', '0', '0');
INSERT INTO `trade_user_account` VALUES ('158', '0.00', '0', '0');
INSERT INTO `trade_user_account` VALUES ('159', '0.00', '0', '0');
INSERT INTO `trade_user_account` VALUES ('160', '0.00', '0', '0');
INSERT INTO `trade_user_account` VALUES ('161', '0.00', '0', '0');
INSERT INTO `trade_user_account` VALUES ('162', '0.00', '0', '0');
INSERT INTO `trade_user_account` VALUES ('163', '0.00', '0', '0');
INSERT INTO `trade_user_account` VALUES ('164', '0.00', '0', '0');
INSERT INTO `trade_user_account` VALUES ('165', '0.00', '0', '0');
INSERT INTO `trade_user_account` VALUES ('166', '0.00', '0', '0');
INSERT INTO `trade_user_account` VALUES ('167', '0.00', '0', '0');
INSERT INTO `trade_user_account` VALUES ('168', '0.00', '0', '0');
INSERT INTO `trade_user_account` VALUES ('169', '0.00', '0', '0');
INSERT INTO `trade_user_account` VALUES ('170', '0.00', '0', '0');
INSERT INTO `trade_user_account` VALUES ('171', '0.00', '0', '0');
INSERT INTO `trade_user_account` VALUES ('172', '0.00', '0', '0');
INSERT INTO `trade_user_account` VALUES ('173', '0.00', '0', '0');
INSERT INTO `trade_user_account` VALUES ('174', '0.00', '0', '0');
INSERT INTO `trade_user_account` VALUES ('175', '0.00', '0', '0');
INSERT INTO `trade_user_account` VALUES ('176', '0.00', '0', '0');
INSERT INTO `trade_user_account` VALUES ('177', '0.00', '0', '0');
INSERT INTO `trade_user_account` VALUES ('178', '0.00', '0', '0');
INSERT INTO `trade_user_account` VALUES ('179', '0.00', '0', '0');
INSERT INTO `trade_user_account` VALUES ('180', '0.00', '0', '0');
INSERT INTO `trade_user_account` VALUES ('181', '0.00', '0', '0');
INSERT INTO `trade_user_account` VALUES ('182', '0.00', '0', '0');
INSERT INTO `trade_user_account` VALUES ('183', '0.00', '0', '0');
INSERT INTO `trade_user_account` VALUES ('184', '0.00', '0', '0');
INSERT INTO `trade_user_account` VALUES ('185', '0.00', '0', '0');
INSERT INTO `trade_user_account` VALUES ('186', '0.00', '0', '0');
INSERT INTO `trade_user_account` VALUES ('187', '0.00', '0', '0');
INSERT INTO `trade_user_account` VALUES ('188', '0.00', '0', '0');
INSERT INTO `trade_user_account` VALUES ('189', '0.00', '0', '0');
INSERT INTO `trade_user_account` VALUES ('190', '0.00', '0', '0');
INSERT INTO `trade_user_account` VALUES ('191', '0.00', '0', '0');
INSERT INTO `trade_user_account` VALUES ('192', '0.00', '0', '0');
INSERT INTO `trade_user_account` VALUES ('193', '0.00', '0', '0');
INSERT INTO `trade_user_account` VALUES ('194', '0.00', '0', '0');
INSERT INTO `trade_user_account` VALUES ('195', '0.00', '0', '0');
INSERT INTO `trade_user_account` VALUES ('196', '0.00', '0', '0');
INSERT INTO `trade_user_account` VALUES ('197', '0.00', '0', '0');
INSERT INTO `trade_user_account` VALUES ('198', '0.00', '0', '0');
INSERT INTO `trade_user_account` VALUES ('199', '0.00', '0', '0');
INSERT INTO `trade_user_account` VALUES ('200', '0.00', '0', '0');
INSERT INTO `trade_user_account` VALUES ('201', '0.00', '0', '0');
INSERT INTO `trade_user_account` VALUES ('202', '0.00', '0', '0');
INSERT INTO `trade_user_account` VALUES ('203', '0.00', '0', '0');
INSERT INTO `trade_user_account` VALUES ('204', '0.00', '0', '0');
INSERT INTO `trade_user_account` VALUES ('205', '0.00', '0', '0');
INSERT INTO `trade_user_account` VALUES ('206', '0.00', '0', '0');
INSERT INTO `trade_user_account` VALUES ('207', '0.00', '0', '0');
INSERT INTO `trade_user_account` VALUES ('208', '0.00', '0', '0');
INSERT INTO `trade_user_account` VALUES ('209', '0.00', '0', '0');
INSERT INTO `trade_user_account` VALUES ('210', '0.00', '0', '0');
INSERT INTO `trade_user_account` VALUES ('211', '0.00', '0', '0');
INSERT INTO `trade_user_account` VALUES ('212', '0.00', '0', '0');
INSERT INTO `trade_user_account` VALUES ('213', '0.00', '0', '0');
INSERT INTO `trade_user_account` VALUES ('214', '0.00', '0', '0');
INSERT INTO `trade_user_account` VALUES ('215', '0.00', '0', '0');
INSERT INTO `trade_user_account` VALUES ('216', '0.00', '0', '0');
INSERT INTO `trade_user_account` VALUES ('217', '0.00', '0', '0');
INSERT INTO `trade_user_account` VALUES ('218', '0.00', '0', '0');
INSERT INTO `trade_user_account` VALUES ('219', '0.00', '0', '0');
INSERT INTO `trade_user_account` VALUES ('220', '0.00', '0', '0');
INSERT INTO `trade_user_account` VALUES ('221', '0.00', '0', '0');
INSERT INTO `trade_user_account` VALUES ('222', '0.00', '0', '0');
INSERT INTO `trade_user_account` VALUES ('223', '0.00', '0', '0');
INSERT INTO `trade_user_account` VALUES ('224', '0.00', '0', '0');
INSERT INTO `trade_user_account` VALUES ('225', '0.00', '0', '0');
INSERT INTO `trade_user_account` VALUES ('226', '0.00', '0', '0');
INSERT INTO `trade_user_account` VALUES ('227', '0.00', '0', '0');
INSERT INTO `trade_user_account` VALUES ('228', '0.00', '0', '0');
INSERT INTO `trade_user_account` VALUES ('229', '0.00', '0', '0');
INSERT INTO `trade_user_account` VALUES ('230', '0.00', '0', '0');
INSERT INTO `trade_user_account` VALUES ('231', '0.00', '0', '0');
INSERT INTO `trade_user_account` VALUES ('232', '0.00', '0', '0');
INSERT INTO `trade_user_account` VALUES ('233', '0.00', '0', '0');
INSERT INTO `trade_user_account` VALUES ('234', '0.00', '0', '0');
INSERT INTO `trade_user_account` VALUES ('235', '0.00', '0', '0');
INSERT INTO `trade_user_account` VALUES ('236', '0.00', '0', '0');
INSERT INTO `trade_user_account` VALUES ('237', '0.00', '0', '0');
INSERT INTO `trade_user_account` VALUES ('238', '0.00', '0', '0');
INSERT INTO `trade_user_account` VALUES ('239', '0.00', '0', '0');
INSERT INTO `trade_user_account` VALUES ('240', '0.00', '0', '0');
INSERT INTO `trade_user_account` VALUES ('241', '0.00', '0', '0');
INSERT INTO `trade_user_account` VALUES ('242', '0.00', '0', '0');
INSERT INTO `trade_user_account` VALUES ('243', '0.00', '0', '0');
INSERT INTO `trade_user_account` VALUES ('244', '0.00', '0', '0');
INSERT INTO `trade_user_account` VALUES ('245', '0.00', '0', '0');
INSERT INTO `trade_user_account` VALUES ('246', '0.00', '0', '0');
INSERT INTO `trade_user_account` VALUES ('247', '0.00', '0', '0');
INSERT INTO `trade_user_account` VALUES ('248', '0.00', '0', '0');
INSERT INTO `trade_user_account` VALUES ('249', '0.00', '0', '0');
INSERT INTO `trade_user_account` VALUES ('250', '0.00', '0', '0');
INSERT INTO `trade_user_account` VALUES ('251', '0.00', '0', '0');
INSERT INTO `trade_user_account` VALUES ('252', '0.00', '0', '0');
INSERT INTO `trade_user_account` VALUES ('253', '0.00', '0', '0');
INSERT INTO `trade_user_account` VALUES ('254', '0.00', '0', '0');
INSERT INTO `trade_user_account` VALUES ('255', '0.00', '0', '0');
INSERT INTO `trade_user_account` VALUES ('256', '0.00', '0', '0');
INSERT INTO `trade_user_account` VALUES ('257', '0.00', '0', '0');
INSERT INTO `trade_user_account` VALUES ('258', '0.00', '0', '0');
INSERT INTO `trade_user_account` VALUES ('259', '0.00', '0', '0');
INSERT INTO `trade_user_account` VALUES ('260', '0.00', '0', '0');
INSERT INTO `trade_user_account` VALUES ('261', '0.00', '0', '0');
INSERT INTO `trade_user_account` VALUES ('262', '0.00', '0', '0');
INSERT INTO `trade_user_account` VALUES ('263', '0.00', '0', '0');
INSERT INTO `trade_user_account` VALUES ('264', '0.00', '0', '0');
INSERT INTO `trade_user_account` VALUES ('265', '0.00', '0', '0');
INSERT INTO `trade_user_account` VALUES ('266', '0.00', '0', '0');
INSERT INTO `trade_user_account` VALUES ('267', '0.00', '0', '0');
INSERT INTO `trade_user_account` VALUES ('268', '0.00', '0', '0');
INSERT INTO `trade_user_account` VALUES ('269', '0.00', '0', '0');
INSERT INTO `trade_user_account` VALUES ('270', '0.00', '0', '0');
INSERT INTO `trade_user_account` VALUES ('271', '0.00', '0', '0');
INSERT INTO `trade_user_account` VALUES ('272', '0.00', '0', '0');
INSERT INTO `trade_user_account` VALUES ('273', '0.00', '0', '0');
INSERT INTO `trade_user_account` VALUES ('274', '0.00', '0', '0');
INSERT INTO `trade_user_account` VALUES ('275', '0.00', '0', '0');
INSERT INTO `trade_user_account` VALUES ('276', '0.00', '0', '0');
INSERT INTO `trade_user_account` VALUES ('277', '0.00', '0', '0');
INSERT INTO `trade_user_account` VALUES ('278', '0.00', '0', '0');
INSERT INTO `trade_user_account` VALUES ('279', '0.00', '0', '0');
INSERT INTO `trade_user_account` VALUES ('280', '0.00', '0', '0');
INSERT INTO `trade_user_account` VALUES ('281', '0.00', '0', '0');
INSERT INTO `trade_user_account` VALUES ('282', '0.00', '0', '0');
INSERT INTO `trade_user_account` VALUES ('283', '0.00', '0', '0');
INSERT INTO `trade_user_account` VALUES ('284', '0.00', '0', '0');
INSERT INTO `trade_user_account` VALUES ('285', '0.00', '0', '0');
INSERT INTO `trade_user_account` VALUES ('286', '0.00', '0', '0');
INSERT INTO `trade_user_account` VALUES ('287', '0.00', '0', '0');
INSERT INTO `trade_user_account` VALUES ('288', '0.00', '0', '0');
INSERT INTO `trade_user_account` VALUES ('289', '0.00', '0', '0');
INSERT INTO `trade_user_account` VALUES ('290', '0.00', '0', '0');
INSERT INTO `trade_user_account` VALUES ('291', '0.00', '0', '0');
INSERT INTO `trade_user_account` VALUES ('292', '0.00', '0', '0');
INSERT INTO `trade_user_account` VALUES ('293', '0.00', '0', '0');
INSERT INTO `trade_user_account` VALUES ('294', '0.00', '0', '0');
INSERT INTO `trade_user_account` VALUES ('295', '0.00', '0', '0');
INSERT INTO `trade_user_account` VALUES ('296', '0.00', '0', '0');
INSERT INTO `trade_user_account` VALUES ('297', '0.00', '0', '0');
INSERT INTO `trade_user_account` VALUES ('298', '0.00', '0', '0');
INSERT INTO `trade_user_account` VALUES ('299', '0.00', '0', '0');
INSERT INTO `trade_user_account` VALUES ('300', '0.00', '0', '0');
INSERT INTO `trade_user_account` VALUES ('301', '0.00', '0', '0');
INSERT INTO `trade_user_account` VALUES ('302', '0.00', '0', '0');
INSERT INTO `trade_user_account` VALUES ('303', '0.00', '0', '0');
INSERT INTO `trade_user_account` VALUES ('304', '0.00', '0', '0');
INSERT INTO `trade_user_account` VALUES ('305', '0.00', '0', '0');
INSERT INTO `trade_user_account` VALUES ('306', '0.00', '0', '0');
INSERT INTO `trade_user_account` VALUES ('307', '0.00', '0', '0');
INSERT INTO `trade_user_account` VALUES ('308', '0.00', '0', '0');
INSERT INTO `trade_user_account` VALUES ('309', '0.00', '0', '0');
INSERT INTO `trade_user_account` VALUES ('310', '0.00', '0', '0');
INSERT INTO `trade_user_account` VALUES ('311', '0.00', '0', '0');
INSERT INTO `trade_user_account` VALUES ('312', '0.00', '0', '0');
INSERT INTO `trade_user_account` VALUES ('313', '0.00', '0', '0');
INSERT INTO `trade_user_account` VALUES ('314', '0.00', '0', '0');
INSERT INTO `trade_user_account` VALUES ('315', '0.00', '0', '0');
INSERT INTO `trade_user_account` VALUES ('316', '0.00', '0', '0');
INSERT INTO `trade_user_account` VALUES ('317', '0.00', '0', '0');
INSERT INTO `trade_user_account` VALUES ('318', '0.00', '0', '0');
INSERT INTO `trade_user_account` VALUES ('319', '0.00', '0', '0');
INSERT INTO `trade_user_account` VALUES ('320', '0.00', '0', '0');
INSERT INTO `trade_user_account` VALUES ('321', '0.00', '0', '0');
INSERT INTO `trade_user_account` VALUES ('322', '0.00', '0', '0');
INSERT INTO `trade_user_account` VALUES ('323', '0.00', '0', '0');
INSERT INTO `trade_user_account` VALUES ('324', '0.00', '0', '0');
INSERT INTO `trade_user_account` VALUES ('325', '0.00', '0', '0');
INSERT INTO `trade_user_account` VALUES ('326', '0.00', '0', '0');
INSERT INTO `trade_user_account` VALUES ('327', '0.00', '0', '0');
INSERT INTO `trade_user_account` VALUES ('328', '0.00', '0', '0');
INSERT INTO `trade_user_account` VALUES ('329', '0.00', '0', '0');
INSERT INTO `trade_user_account` VALUES ('330', '0.00', '0', '0');
INSERT INTO `trade_user_account` VALUES ('331', '0.00', '0', '0');
INSERT INTO `trade_user_account` VALUES ('332', '0.00', '0', '0');
INSERT INTO `trade_user_account` VALUES ('333', '0.00', '0', '0');
INSERT INTO `trade_user_account` VALUES ('334', '0.00', '0', '0');
INSERT INTO `trade_user_account` VALUES ('335', '0.00', '0', '0');
INSERT INTO `trade_user_account` VALUES ('336', '0.00', '0', '0');
INSERT INTO `trade_user_account` VALUES ('337', '0.00', '0', '0');
INSERT INTO `trade_user_account` VALUES ('338', '0.00', '0', '0');
INSERT INTO `trade_user_account` VALUES ('339', '0.00', '0', '0');
INSERT INTO `trade_user_account` VALUES ('340', '0.00', '0', '0');
INSERT INTO `trade_user_account` VALUES ('341', '0.00', '0', '0');
INSERT INTO `trade_user_account` VALUES ('342', '0.00', '0', '0');
INSERT INTO `trade_user_account` VALUES ('343', '0.00', '0', '0');
INSERT INTO `trade_user_account` VALUES ('344', '0.00', '0', '0');
INSERT INTO `trade_user_account` VALUES ('345', '0.00', '0', '0');
INSERT INTO `trade_user_account` VALUES ('346', '0.00', '0', '0');
INSERT INTO `trade_user_account` VALUES ('347', '0.00', '0', '0');
INSERT INTO `trade_user_account` VALUES ('348', '0.00', '0', '0');
INSERT INTO `trade_user_account` VALUES ('349', '0.00', '0', '0');
INSERT INTO `trade_user_account` VALUES ('350', '0.00', '0', '0');
INSERT INTO `trade_user_account` VALUES ('351', '0.00', '0', '0');
INSERT INTO `trade_user_account` VALUES ('352', '0.00', '0', '0');
INSERT INTO `trade_user_account` VALUES ('353', '0.00', '0', '0');
INSERT INTO `trade_user_account` VALUES ('354', '0.00', '0', '0');
INSERT INTO `trade_user_account` VALUES ('355', '0.00', '0', '0');
INSERT INTO `trade_user_account` VALUES ('356', '0.00', '0', '0');
INSERT INTO `trade_user_account` VALUES ('357', '0.00', '0', '0');
INSERT INTO `trade_user_account` VALUES ('358', '0.00', '0', '0');
INSERT INTO `trade_user_account` VALUES ('359', '0.00', '0', '0');
INSERT INTO `trade_user_account` VALUES ('360', '0.00', '0', '0');
INSERT INTO `trade_user_account` VALUES ('361', '0.00', '0', '0');
INSERT INTO `trade_user_account` VALUES ('362', '0.00', '0', '0');
INSERT INTO `trade_user_account` VALUES ('363', '0.00', '0', '0');
INSERT INTO `trade_user_account` VALUES ('364', '0.00', '0', '0');
INSERT INTO `trade_user_account` VALUES ('365', '0.00', '0', '0');
INSERT INTO `trade_user_account` VALUES ('366', '0.00', '0', '0');
INSERT INTO `trade_user_account` VALUES ('367', '0.00', '0', '0');
INSERT INTO `trade_user_account` VALUES ('368', '0.00', '0', '0');
INSERT INTO `trade_user_account` VALUES ('369', '0.00', '0', '0');
INSERT INTO `trade_user_account` VALUES ('370', '0.00', '0', '0');
INSERT INTO `trade_user_account` VALUES ('371', '0.00', '0', '0');
INSERT INTO `trade_user_account` VALUES ('372', '0.00', '0', '0');
INSERT INTO `trade_user_account` VALUES ('373', '0.00', '0', '0');
INSERT INTO `trade_user_account` VALUES ('374', '0.00', '0', '0');
INSERT INTO `trade_user_account` VALUES ('375', '0.00', '0', '0');
INSERT INTO `trade_user_account` VALUES ('376', '0.00', '0', '0');
INSERT INTO `trade_user_account` VALUES ('377', '0.00', '0', '0');
INSERT INTO `trade_user_account` VALUES ('378', '0.00', '0', '0');
INSERT INTO `trade_user_account` VALUES ('379', '0.00', '0', '0');
INSERT INTO `trade_user_account` VALUES ('380', '0.00', '0', '0');
INSERT INTO `trade_user_account` VALUES ('381', '0.00', '0', '0');
INSERT INTO `trade_user_account` VALUES ('382', '0.00', '0', '0');
INSERT INTO `trade_user_account` VALUES ('383', '0.00', '0', '0');
INSERT INTO `trade_user_account` VALUES ('384', '0.00', '0', '0');
INSERT INTO `trade_user_account` VALUES ('385', '0.00', '0', '0');
INSERT INTO `trade_user_account` VALUES ('386', '0.00', '0', '0');
INSERT INTO `trade_user_account` VALUES ('387', '0.00', '0', '0');
INSERT INTO `trade_user_account` VALUES ('388', '0.00', '0', '0');
INSERT INTO `trade_user_account` VALUES ('389', '0.00', '0', '0');
INSERT INTO `trade_user_account` VALUES ('390', '0.00', '0', '0');
INSERT INTO `trade_user_account` VALUES ('391', '0.00', '0', '0');
INSERT INTO `trade_user_account` VALUES ('392', '0.00', '0', '0');
INSERT INTO `trade_user_account` VALUES ('393', '0.00', '0', '0');
INSERT INTO `trade_user_account` VALUES ('394', '0.00', '0', '0');
INSERT INTO `trade_user_account` VALUES ('395', '0.00', '0', '0');
INSERT INTO `trade_user_account` VALUES ('396', '0.00', '0', '0');
INSERT INTO `trade_user_account` VALUES ('397', '0.00', '0', '0');
INSERT INTO `trade_user_account` VALUES ('398', '0.00', '0', '0');
INSERT INTO `trade_user_account` VALUES ('399', '0.00', '0', '0');
INSERT INTO `trade_user_account` VALUES ('400', '0.00', '0', '0');
INSERT INTO `trade_user_account` VALUES ('401', '0.00', '0', '0');
INSERT INTO `trade_user_account` VALUES ('402', '0.00', '0', '0');
INSERT INTO `trade_user_account` VALUES ('403', '0.00', '0', '0');
INSERT INTO `trade_user_account` VALUES ('404', '0.00', '0', '0');
INSERT INTO `trade_user_account` VALUES ('405', '0.00', '0', '0');
INSERT INTO `trade_user_account` VALUES ('406', '0.00', '0', '0');
INSERT INTO `trade_user_account` VALUES ('407', '0.00', '0', '0');
INSERT INTO `trade_user_account` VALUES ('408', '0.00', '0', '0');
INSERT INTO `trade_user_account` VALUES ('409', '0.00', '0', '0');
INSERT INTO `trade_user_account` VALUES ('410', '0.00', '0', '0');
INSERT INTO `trade_user_account` VALUES ('411', '0.00', '0', '0');
INSERT INTO `trade_user_account` VALUES ('412', '0.00', '0', '0');
INSERT INTO `trade_user_account` VALUES ('413', '0.00', '0', '0');
INSERT INTO `trade_user_account` VALUES ('414', '0.00', '0', '0');
INSERT INTO `trade_user_account` VALUES ('415', '0.00', '0', '0');
INSERT INTO `trade_user_account` VALUES ('416', '0.00', '0', '0');
INSERT INTO `trade_user_account` VALUES ('417', '0.00', '0', '0');
INSERT INTO `trade_user_account` VALUES ('418', '0.00', '0', '0');
INSERT INTO `trade_user_account` VALUES ('419', '0.00', '0', '0');
INSERT INTO `trade_user_account` VALUES ('420', '0.00', '0', '0');
INSERT INTO `trade_user_account` VALUES ('421', '0.00', '0', '0');
INSERT INTO `trade_user_account` VALUES ('422', '0.00', '0', '0');
INSERT INTO `trade_user_account` VALUES ('423', '0.00', '0', '0');
INSERT INTO `trade_user_account` VALUES ('424', '0.00', '0', '0');
INSERT INTO `trade_user_account` VALUES ('425', '0.00', '0', '0');
INSERT INTO `trade_user_account` VALUES ('426', '0.00', '0', '0');
INSERT INTO `trade_user_account` VALUES ('427', '0.00', '0', '0');
INSERT INTO `trade_user_account` VALUES ('428', '0.00', '0', '0');
INSERT INTO `trade_user_account` VALUES ('429', '0.00', '0', '0');
INSERT INTO `trade_user_account` VALUES ('430', '0.00', '0', '0');
INSERT INTO `trade_user_account` VALUES ('431', '0.00', '0', '0');
INSERT INTO `trade_user_account` VALUES ('432', '0.00', '0', '0');
INSERT INTO `trade_user_account` VALUES ('433', '0.00', '0', '0');
INSERT INTO `trade_user_account` VALUES ('434', '0.00', '0', '0');
INSERT INTO `trade_user_account` VALUES ('435', '0.00', '0', '0');
INSERT INTO `trade_user_account` VALUES ('436', '0.00', '0', '0');
INSERT INTO `trade_user_account` VALUES ('437', '0.00', '0', '0');
INSERT INTO `trade_user_account` VALUES ('438', '0.00', '0', '0');
INSERT INTO `trade_user_account` VALUES ('439', '0.00', '0', '0');
INSERT INTO `trade_user_account` VALUES ('440', '0.00', '0', '0');
INSERT INTO `trade_user_account` VALUES ('441', '0.00', '0', '0');
INSERT INTO `trade_user_account` VALUES ('442', '0.00', '0', '0');
INSERT INTO `trade_user_account` VALUES ('443', '0.00', '0', '0');
INSERT INTO `trade_user_account` VALUES ('444', '0.00', '0', '0');
INSERT INTO `trade_user_account` VALUES ('445', '0.00', '0', '0');
INSERT INTO `trade_user_account` VALUES ('446', '0.00', '0', '0');
INSERT INTO `trade_user_account` VALUES ('447', '0.00', '0', '0');
INSERT INTO `trade_user_account` VALUES ('448', '0.00', '0', '0');
INSERT INTO `trade_user_account` VALUES ('449', '0.00', '0', '0');
INSERT INTO `trade_user_account` VALUES ('450', '0.00', '0', '0');
INSERT INTO `trade_user_account` VALUES ('451', '0.00', '0', '0');
INSERT INTO `trade_user_account` VALUES ('452', '0.00', '0', '0');
INSERT INTO `trade_user_account` VALUES ('453', '0.00', '0', '0');
INSERT INTO `trade_user_account` VALUES ('454', '0.00', '0', '0');
INSERT INTO `trade_user_account` VALUES ('455', '0.00', '0', '0');
INSERT INTO `trade_user_account` VALUES ('456', '0.00', '0', '0');
INSERT INTO `trade_user_account` VALUES ('457', '0.00', '0', '0');
INSERT INTO `trade_user_account` VALUES ('458', '0.00', '0', '0');
INSERT INTO `trade_user_account` VALUES ('459', '0.00', '0', '0');
INSERT INTO `trade_user_account` VALUES ('460', '0.00', '0', '0');
INSERT INTO `trade_user_account` VALUES ('461', '0.00', '0', '0');
INSERT INTO `trade_user_account` VALUES ('462', '0.00', '0', '0');
INSERT INTO `trade_user_account` VALUES ('463', '0.00', '0', '0');
INSERT INTO `trade_user_account` VALUES ('464', '0.00', '0', '0');
INSERT INTO `trade_user_account` VALUES ('465', '0.00', '0', '0');
INSERT INTO `trade_user_account` VALUES ('466', '0.00', '0', '0');
INSERT INTO `trade_user_account` VALUES ('467', '0.00', '0', '0');
INSERT INTO `trade_user_account` VALUES ('468', '0.00', '0', '0');
INSERT INTO `trade_user_account` VALUES ('469', '0.00', '0', '0');
INSERT INTO `trade_user_account` VALUES ('470', '0.00', '0', '0');
INSERT INTO `trade_user_account` VALUES ('471', '0.00', '0', '0');
INSERT INTO `trade_user_account` VALUES ('472', '0.00', '0', '0');
INSERT INTO `trade_user_account` VALUES ('473', '0.00', '0', '0');
INSERT INTO `trade_user_account` VALUES ('474', '0.00', '0', '0');
INSERT INTO `trade_user_account` VALUES ('475', '0.00', '0', '0');
INSERT INTO `trade_user_account` VALUES ('476', '0.00', '0', '0');
INSERT INTO `trade_user_account` VALUES ('477', '0.00', '0', '0');
INSERT INTO `trade_user_account` VALUES ('478', '0.00', '0', '0');
INSERT INTO `trade_user_account` VALUES ('479', '0.00', '0', '0');
INSERT INTO `trade_user_account` VALUES ('480', '0.00', '0', '0');
INSERT INTO `trade_user_account` VALUES ('481', '0.00', '0', '0');
INSERT INTO `trade_user_account` VALUES ('482', '0.00', '0', '0');
INSERT INTO `trade_user_account` VALUES ('483', '0.00', '0', '0');
INSERT INTO `trade_user_account` VALUES ('484', '0.00', '0', '0');
INSERT INTO `trade_user_account` VALUES ('485', '0.00', '0', '0');
INSERT INTO `trade_user_account` VALUES ('486', '0.00', '0', '0');
INSERT INTO `trade_user_account` VALUES ('487', '0.00', '0', '0');
INSERT INTO `trade_user_account` VALUES ('488', '0.00', '0', '0');
INSERT INTO `trade_user_account` VALUES ('489', '0.00', '0', '0');
INSERT INTO `trade_user_account` VALUES ('490', '0.00', '0', '0');
INSERT INTO `trade_user_account` VALUES ('491', '0.00', '0', '0');
INSERT INTO `trade_user_account` VALUES ('492', '0.00', '0', '0');
INSERT INTO `trade_user_account` VALUES ('493', '0.00', '0', '0');
INSERT INTO `trade_user_account` VALUES ('494', '0.00', '0', '0');
INSERT INTO `trade_user_account` VALUES ('495', '0.00', '0', '0');
INSERT INTO `trade_user_account` VALUES ('496', '0.00', '0', '0');
INSERT INTO `trade_user_account` VALUES ('497', '0.00', '0', '0');
INSERT INTO `trade_user_account` VALUES ('498', '0.00', '0', '0');
INSERT INTO `trade_user_account` VALUES ('499', '0.00', '0', '0');
INSERT INTO `trade_user_account` VALUES ('500', '0.00', '0', '0');
INSERT INTO `trade_user_account` VALUES ('501', '0.00', '0', '0');
INSERT INTO `trade_user_account` VALUES ('502', '0.00', '0', '0');
INSERT INTO `trade_user_account` VALUES ('503', '0.00', '0', '0');
INSERT INTO `trade_user_account` VALUES ('504', '0.00', '0', '0');
INSERT INTO `trade_user_account` VALUES ('505', '0.00', '0', '0');
INSERT INTO `trade_user_account` VALUES ('506', '0.00', '0', '0');
INSERT INTO `trade_user_account` VALUES ('507', '0.00', '0', '0');
INSERT INTO `trade_user_account` VALUES ('508', '0.00', '0', '0');

-- ----------------------------
-- Table structure for `trade_user_account_log`
-- ----------------------------
DROP TABLE IF EXISTS `trade_user_account_log`;
CREATE TABLE `trade_user_account_log` (
  `id` int(10) unsigned NOT NULL AUTO_INCREMENT,
  `user_id` mediumint(8) unsigned NOT NULL DEFAULT '0',
  `admin_id` smallint(5) unsigned NOT NULL DEFAULT '0',
  `balance` decimal(10,2) NOT NULL DEFAULT '0.00',
  `points` int(10) NOT NULL DEFAULT '0',
  `exp` int(10) NOT NULL,
  `cause` varchar(255) NOT NULL DEFAULT '',
  `dateline` int(10) unsigned NOT NULL DEFAULT '0',
  PRIMARY KEY (`id`),
  KEY `user_id` (`user_id`)
) ENGINE=MyISAM DEFAULT CHARSET=utf8;

-- ----------------------------
-- Records of trade_user_account_log
-- ----------------------------

-- ----------------------------
-- Table structure for `trade_user_actinfo`
-- ----------------------------
DROP TABLE IF EXISTS `trade_user_actinfo`;
CREATE TABLE `trade_user_actinfo` (
  `user_id` mediumint(8) unsigned NOT NULL,
  `created_date` int(10) unsigned NOT NULL DEFAULT '0',
  `created_ip` char(15) NOT NULL DEFAULT '0.0.0.0',
  `last_date` int(10) unsigned NOT NULL DEFAULT '0',
  `last_ip` char(15) NOT NULL DEFAULT '',
  PRIMARY KEY (`user_id`)
) ENGINE=MyISAM DEFAULT CHARSET=utf8;

-- ----------------------------
-- Records of trade_user_actinfo
-- ----------------------------
INSERT INTO `trade_user_actinfo` VALUES ('1', '1463585498', '192.168.177.1', '1463610207', '10.105.42.106');
INSERT INTO `trade_user_actinfo` VALUES ('2', '1463602800', '192.168.177.1', '0', '');
INSERT INTO `trade_user_actinfo` VALUES ('3', '1463602920', '192.168.177.1', '0', '');
INSERT INTO `trade_user_actinfo` VALUES ('4', '1463618140', '10.105.42.184', '0', '');
INSERT INTO `trade_user_actinfo` VALUES ('5', '1463618224', '10.105.42.184', '1463618585', '10.105.42.184');
INSERT INTO `trade_user_actinfo` VALUES ('6', '1463618675', '10.105.42.184', '0', '');
INSERT INTO `trade_user_actinfo` VALUES ('7', '1463618706', '10.105.42.184', '0', '');
INSERT INTO `trade_user_actinfo` VALUES ('8', '1463618739', '10.105.42.184', '0', '');
INSERT INTO `trade_user_actinfo` VALUES ('9', '1463618784', '10.105.42.184', '0', '');
INSERT INTO `trade_user_actinfo` VALUES ('10', '1463618806', '10.105.42.184', '0', '');
INSERT INTO `trade_user_actinfo` VALUES ('11', '1463618831', '10.105.42.184', '0', '');
INSERT INTO `trade_user_actinfo` VALUES ('12', '1463618846', '10.105.42.184', '0', '');
INSERT INTO `trade_user_actinfo` VALUES ('13', '1463618865', '10.105.42.184', '1463619307', '10.105.42.184');
INSERT INTO `trade_user_actinfo` VALUES ('14', '1463619267', '10.105.42.184', '0', '');
INSERT INTO `trade_user_actinfo` VALUES ('15', '1463619278', '10.105.42.184', '0', '');
INSERT INTO `trade_user_actinfo` VALUES ('16', '1463619357', '10.105.42.184', '0', '');
INSERT INTO `trade_user_actinfo` VALUES ('17', '1463619361', '10.105.42.184', '1463619460', '10.105.42.184');
INSERT INTO `trade_user_actinfo` VALUES ('18', '1463619569', '10.105.42.184', '0', '');
INSERT INTO `trade_user_actinfo` VALUES ('19', '1463619572', '10.105.42.184', '0', '');
INSERT INTO `trade_user_actinfo` VALUES ('20', '1463619624', '10.105.42.184', '1463619624', '10.105.42.184');
INSERT INTO `trade_user_actinfo` VALUES ('21', '1463619639', '10.105.42.184', '1463619639', '10.105.42.184');
INSERT INTO `trade_user_actinfo` VALUES ('22', '1463619692', '10.105.42.184', '1463619746', '10.105.42.184');
INSERT INTO `trade_user_actinfo` VALUES ('23', '1463620294', '10.105.42.184', '0', '');
INSERT INTO `trade_user_actinfo` VALUES ('24', '1463620346', '10.105.42.184', '0', '');
INSERT INTO `trade_user_actinfo` VALUES ('25', '1463620370', '10.105.42.184', '0', '');
INSERT INTO `trade_user_actinfo` VALUES ('26', '1463620387', '10.105.42.184', '1463620387', '10.105.42.184');
INSERT INTO `trade_user_actinfo` VALUES ('27', '1463620481', '10.105.42.184', '1463620481', '10.105.42.184');
INSERT INTO `trade_user_actinfo` VALUES ('28', '1463620491', '10.105.42.184', '1463620491', '10.105.42.184');
INSERT INTO `trade_user_actinfo` VALUES ('29', '1463620556', '10.105.42.184', '1463620556', '10.105.42.184');
INSERT INTO `trade_user_actinfo` VALUES ('30', '1463620575', '10.105.42.184', '1463620575', '10.105.42.184');
INSERT INTO `trade_user_actinfo` VALUES ('31', '1463620642', '10.105.42.184', '1463620642', '10.105.42.184');
INSERT INTO `trade_user_actinfo` VALUES ('32', '1463620654', '10.105.42.184', '1463620654', '10.105.42.184');
INSERT INTO `trade_user_actinfo` VALUES ('33', '1463620656', '10.105.42.184', '1463620656', '10.105.42.184');
INSERT INTO `trade_user_actinfo` VALUES ('34', '1463620947', '10.105.42.184', '1463620948', '10.105.42.184');
INSERT INTO `trade_user_actinfo` VALUES ('35', '1463621053', '10.105.42.184', '1463621053', '10.105.42.184');
INSERT INTO `trade_user_actinfo` VALUES ('36', '1463621078', '10.105.42.184', '1463621078', '10.105.42.184');
INSERT INTO `trade_user_actinfo` VALUES ('37', '1463621423', '10.105.42.184', '1463621424', '10.105.42.184');
INSERT INTO `trade_user_actinfo` VALUES ('38', '1463621484', '10.105.42.184', '1463621484', '10.105.42.184');
INSERT INTO `trade_user_actinfo` VALUES ('39', '1463621819', '10.105.42.184', '1463621819', '10.105.42.184');
INSERT INTO `trade_user_actinfo` VALUES ('40', '1463621820', '10.105.42.184', '1463621820', '10.105.42.184');
INSERT INTO `trade_user_actinfo` VALUES ('41', '1463621865', '10.105.42.184', '1463621865', '10.105.42.184');
INSERT INTO `trade_user_actinfo` VALUES ('42', '1463621876', '10.105.42.184', '1463621876', '10.105.42.184');
INSERT INTO `trade_user_actinfo` VALUES ('43', '1463621876', '10.105.42.184', '1463621876', '10.105.42.184');
INSERT INTO `trade_user_actinfo` VALUES ('44', '1463621912', '10.105.42.184', '1463621912', '10.105.42.184');
INSERT INTO `trade_user_actinfo` VALUES ('45', '1463621922', '10.105.42.184', '1463621922', '10.105.42.184');
INSERT INTO `trade_user_actinfo` VALUES ('46', '1463621959', '10.105.42.184', '1463621960', '10.105.42.184');
INSERT INTO `trade_user_actinfo` VALUES ('47', '1463621967', '10.105.42.184', '1463621967', '10.105.42.184');
INSERT INTO `trade_user_actinfo` VALUES ('48', '1463622040', '10.105.42.184', '1463622040', '10.105.42.184');
INSERT INTO `trade_user_actinfo` VALUES ('49', '1463622041', '10.105.42.184', '1463622041', '10.105.42.184');
INSERT INTO `trade_user_actinfo` VALUES ('50', '1463622077', '10.105.42.184', '1463622077', '10.105.42.184');
INSERT INTO `trade_user_actinfo` VALUES ('51', '1463622187', '10.105.42.184', '1463622187', '10.105.42.184');
INSERT INTO `trade_user_actinfo` VALUES ('52', '1463622193', '10.105.42.184', '1463622193', '10.105.42.184');
INSERT INTO `trade_user_actinfo` VALUES ('53', '1463622194', '10.105.42.184', '1463622194', '10.105.42.184');
INSERT INTO `trade_user_actinfo` VALUES ('54', '1463622195', '10.105.42.184', '1463622195', '10.105.42.184');
INSERT INTO `trade_user_actinfo` VALUES ('55', '1463622197', '10.105.42.184', '1463622197', '10.105.42.184');
INSERT INTO `trade_user_actinfo` VALUES ('56', '1463622198', '10.105.42.184', '1463622198', '10.105.42.184');
INSERT INTO `trade_user_actinfo` VALUES ('57', '1463622209', '10.105.42.184', '1463622209', '10.105.42.184');
INSERT INTO `trade_user_actinfo` VALUES ('58', '1463622235', '10.105.42.184', '1463622235', '10.105.42.184');
INSERT INTO `trade_user_actinfo` VALUES ('59', '1463622285', '10.105.42.184', '1463622285', '10.105.42.184');
INSERT INTO `trade_user_actinfo` VALUES ('60', '1463622310', '10.105.42.184', '1463622310', '10.105.42.184');
INSERT INTO `trade_user_actinfo` VALUES ('61', '1463622311', '10.105.42.184', '1463622311', '10.105.42.184');
INSERT INTO `trade_user_actinfo` VALUES ('62', '1463622383', '10.105.42.184', '1463622383', '10.105.42.184');
INSERT INTO `trade_user_actinfo` VALUES ('63', '1463622405', '10.105.42.184', '1463622405', '10.105.42.184');
INSERT INTO `trade_user_actinfo` VALUES ('64', '1463622447', '10.105.42.184', '1463622447', '10.105.42.184');
INSERT INTO `trade_user_actinfo` VALUES ('65', '1463622453', '10.105.42.184', '1463622476', '10.105.42.184');
INSERT INTO `trade_user_actinfo` VALUES ('66', '1463622477', '10.105.42.184', '1463622477', '10.105.42.184');
INSERT INTO `trade_user_actinfo` VALUES ('67', '1463622497', '10.105.42.184', '1463622497', '10.105.42.184');
INSERT INTO `trade_user_actinfo` VALUES ('68', '1463622662', '10.105.42.184', '1463622663', '10.105.42.184');
INSERT INTO `trade_user_actinfo` VALUES ('69', '1463622664', '10.105.42.184', '1463622664', '10.105.42.184');
INSERT INTO `trade_user_actinfo` VALUES ('70', '1463622665', '10.105.42.184', '1463622665', '10.105.42.184');
INSERT INTO `trade_user_actinfo` VALUES ('71', '1463622869', '10.105.42.184', '1463622869', '10.105.42.184');
INSERT INTO `trade_user_actinfo` VALUES ('72', '1463622879', '10.105.42.184', '1463622880', '10.105.42.184');
INSERT INTO `trade_user_actinfo` VALUES ('73', '1463622882', '10.105.42.184', '1463622882', '10.105.42.184');
INSERT INTO `trade_user_actinfo` VALUES ('74', '1463622883', '10.105.42.184', '1463622884', '10.105.42.184');
INSERT INTO `trade_user_actinfo` VALUES ('75', '1463622948', '10.105.42.184', '1463622948', '10.105.42.184');
INSERT INTO `trade_user_actinfo` VALUES ('76', '1463622950', '10.105.42.184', '1463622950', '10.105.42.184');
INSERT INTO `trade_user_actinfo` VALUES ('77', '1463622952', '10.105.42.184', '1463622952', '10.105.42.184');
INSERT INTO `trade_user_actinfo` VALUES ('78', '1463623086', '10.105.42.184', '1463623087', '10.105.42.184');
INSERT INTO `trade_user_actinfo` VALUES ('79', '1463623088', '10.105.42.184', '1463623088', '10.105.42.184');
INSERT INTO `trade_user_actinfo` VALUES ('80', '1463623088', '10.105.42.184', '1463623088', '10.105.42.184');
INSERT INTO `trade_user_actinfo` VALUES ('81', '1463623090', '10.105.42.184', '1463623090', '10.105.42.184');
INSERT INTO `trade_user_actinfo` VALUES ('82', '1463623090', '10.105.42.184', '1463623090', '10.105.42.184');
INSERT INTO `trade_user_actinfo` VALUES ('83', '1463623092', '10.105.42.184', '1463623093', '10.105.42.184');
INSERT INTO `trade_user_actinfo` VALUES ('84', '1463623093', '10.105.42.184', '1463623093', '10.105.42.184');
INSERT INTO `trade_user_actinfo` VALUES ('85', '1463623150', '10.105.42.184', '1463623150', '10.105.42.184');
INSERT INTO `trade_user_actinfo` VALUES ('86', '1463623151', '10.105.42.184', '1463623151', '10.105.42.184');
INSERT INTO `trade_user_actinfo` VALUES ('87', '1463623153', '10.105.42.184', '1463623153', '10.105.42.184');
INSERT INTO `trade_user_actinfo` VALUES ('88', '1463623153', '10.105.42.184', '1463623153', '10.105.42.184');
INSERT INTO `trade_user_actinfo` VALUES ('89', '1463623154', '10.105.42.184', '1463623154', '10.105.42.184');
INSERT INTO `trade_user_actinfo` VALUES ('90', '1463623156', '10.105.42.184', '1463623157', '10.105.42.184');
INSERT INTO `trade_user_actinfo` VALUES ('91', '1463623158', '10.105.42.184', '1463623158', '10.105.42.184');
INSERT INTO `trade_user_actinfo` VALUES ('92', '1463623159', '10.105.42.184', '1463623159', '10.105.42.184');
INSERT INTO `trade_user_actinfo` VALUES ('93', '1463623159', '10.105.42.184', '1463623159', '10.105.42.184');
INSERT INTO `trade_user_actinfo` VALUES ('94', '1463623245', '10.105.42.184', '1463623245', '10.105.42.184');
INSERT INTO `trade_user_actinfo` VALUES ('95', '1463623246', '10.105.42.184', '1463623246', '10.105.42.184');
INSERT INTO `trade_user_actinfo` VALUES ('96', '1463623246', '10.105.42.184', '1463623246', '10.105.42.184');
INSERT INTO `trade_user_actinfo` VALUES ('97', '1463623249', '10.105.42.184', '1463623249', '10.105.42.184');
INSERT INTO `trade_user_actinfo` VALUES ('98', '1463623249', '10.105.42.184', '1463623249', '10.105.42.184');
INSERT INTO `trade_user_actinfo` VALUES ('99', '1463623251', '10.105.42.184', '1463623251', '10.105.42.184');
INSERT INTO `trade_user_actinfo` VALUES ('100', '1463623251', '10.105.42.184', '1463623251', '10.105.42.184');
INSERT INTO `trade_user_actinfo` VALUES ('101', '1463623318', '10.105.42.184', '1463623319', '10.105.42.184');
INSERT INTO `trade_user_actinfo` VALUES ('102', '1463623319', '10.105.42.184', '1463623319', '10.105.42.184');
INSERT INTO `trade_user_actinfo` VALUES ('103', '1463623321', '10.105.42.184', '1463623321', '10.105.42.184');
INSERT INTO `trade_user_actinfo` VALUES ('104', '1463623321', '10.105.42.184', '1463623321', '10.105.42.184');
INSERT INTO `trade_user_actinfo` VALUES ('105', '1463623322', '10.105.42.184', '1463623322', '10.105.42.184');
INSERT INTO `trade_user_actinfo` VALUES ('106', '1463623324', '10.105.42.184', '1463623324', '10.105.42.184');
INSERT INTO `trade_user_actinfo` VALUES ('107', '1463623324', '10.105.42.184', '1463623324', '10.105.42.184');
INSERT INTO `trade_user_actinfo` VALUES ('108', '1463623895', '10.105.42.184', '0', '');
INSERT INTO `trade_user_actinfo` VALUES ('109', '1463623896', '10.105.42.184', '0', '');
INSERT INTO `trade_user_actinfo` VALUES ('110', '1463623896', '10.105.42.184', '0', '');
INSERT INTO `trade_user_actinfo` VALUES ('111', '1463623898', '10.105.42.184', '0', '');
INSERT INTO `trade_user_actinfo` VALUES ('112', '1463623900', '10.105.42.184', '0', '');
INSERT INTO `trade_user_actinfo` VALUES ('113', '1463623901', '10.105.42.184', '0', '');
INSERT INTO `trade_user_actinfo` VALUES ('114', '1463623931', '10.105.42.184', '0', '');
INSERT INTO `trade_user_actinfo` VALUES ('115', '1463623932', '10.105.42.184', '0', '');
INSERT INTO `trade_user_actinfo` VALUES ('116', '1463623934', '10.105.42.184', '0', '');
INSERT INTO `trade_user_actinfo` VALUES ('117', '1463623935', '10.105.42.184', '0', '');
INSERT INTO `trade_user_actinfo` VALUES ('118', '1463623939', '10.105.42.184', '0', '');
INSERT INTO `trade_user_actinfo` VALUES ('119', '1463623940', '10.105.42.184', '0', '');
INSERT INTO `trade_user_actinfo` VALUES ('120', '1463623941', '10.105.42.184', '0', '');
INSERT INTO `trade_user_actinfo` VALUES ('121', '1463623943', '10.105.42.184', '0', '');
INSERT INTO `trade_user_actinfo` VALUES ('122', '1463623944', '10.105.42.184', '0', '');
INSERT INTO `trade_user_actinfo` VALUES ('123', '1463624156', '10.105.42.184', '1463624156', '10.105.42.184');
INSERT INTO `trade_user_actinfo` VALUES ('124', '1463624158', '10.105.42.184', '1463624158', '10.105.42.184');
INSERT INTO `trade_user_actinfo` VALUES ('125', '1463624158', '10.105.42.184', '1463624158', '10.105.42.184');
INSERT INTO `trade_user_actinfo` VALUES ('126', '1463624160', '10.105.42.184', '1463624160', '10.105.42.184');
INSERT INTO `trade_user_actinfo` VALUES ('127', '1463624206', '10.105.42.184', '1463624206', '10.105.42.184');
INSERT INTO `trade_user_actinfo` VALUES ('128', '1463624207', '10.105.42.184', '1463624207', '10.105.42.184');
INSERT INTO `trade_user_actinfo` VALUES ('129', '1463624207', '10.105.42.184', '1463624207', '10.105.42.184');
INSERT INTO `trade_user_actinfo` VALUES ('130', '1463624209', '10.105.42.184', '1463624209', '10.105.42.184');
INSERT INTO `trade_user_actinfo` VALUES ('131', '1463624264', '10.105.42.184', '1463624264', '10.105.42.184');
INSERT INTO `trade_user_actinfo` VALUES ('132', '1463624264', '10.105.42.184', '1463624264', '10.105.42.184');
INSERT INTO `trade_user_actinfo` VALUES ('133', '1463624264', '10.105.42.184', '1463624264', '10.105.42.184');
INSERT INTO `trade_user_actinfo` VALUES ('134', '1463624264', '10.105.42.184', '1463624264', '10.105.42.184');
INSERT INTO `trade_user_actinfo` VALUES ('135', '1463624265', '10.105.42.184', '1463624265', '10.105.42.184');
INSERT INTO `trade_user_actinfo` VALUES ('136', '1463624265', '10.105.42.184', '1463624265', '10.105.42.184');
INSERT INTO `trade_user_actinfo` VALUES ('137', '1463624265', '10.105.42.184', '1463624265', '10.105.42.184');
INSERT INTO `trade_user_actinfo` VALUES ('138', '1463624265', '10.105.42.184', '1463624266', '10.105.42.184');
INSERT INTO `trade_user_actinfo` VALUES ('139', '1463624266', '10.105.42.184', '1463624266', '10.105.42.184');
INSERT INTO `trade_user_actinfo` VALUES ('140', '1463624266', '10.105.42.184', '1463624266', '10.105.42.184');
INSERT INTO `trade_user_actinfo` VALUES ('141', '1463624266', '10.105.42.184', '1463624266', '10.105.42.184');
INSERT INTO `trade_user_actinfo` VALUES ('142', '1463624266', '10.105.42.184', '1463624266', '10.105.42.184');
INSERT INTO `trade_user_actinfo` VALUES ('143', '1463624266', '10.105.42.184', '1463624266', '10.105.42.184');
INSERT INTO `trade_user_actinfo` VALUES ('144', '1463624267', '10.105.42.184', '1463624267', '10.105.42.184');
INSERT INTO `trade_user_actinfo` VALUES ('145', '1463624268', '10.105.42.184', '1463624268', '10.105.42.184');
INSERT INTO `trade_user_actinfo` VALUES ('146', '1463624268', '10.105.42.184', '1463624268', '10.105.42.184');
INSERT INTO `trade_user_actinfo` VALUES ('147', '1463624268', '10.105.42.184', '1463624268', '10.105.42.184');
INSERT INTO `trade_user_actinfo` VALUES ('148', '1463624268', '10.105.42.184', '1463624268', '10.105.42.184');
INSERT INTO `trade_user_actinfo` VALUES ('149', '1463624268', '10.105.42.184', '1463624269', '10.105.42.184');
INSERT INTO `trade_user_actinfo` VALUES ('150', '1463624269', '10.105.42.184', '1463624269', '10.105.42.184');
INSERT INTO `trade_user_actinfo` VALUES ('151', '1463624269', '10.105.42.184', '1463624269', '10.105.42.184');
INSERT INTO `trade_user_actinfo` VALUES ('152', '1463624269', '10.105.42.184', '1463624269', '10.105.42.184');
INSERT INTO `trade_user_actinfo` VALUES ('153', '1463624269', '10.105.42.184', '1463624269', '10.105.42.184');
INSERT INTO `trade_user_actinfo` VALUES ('154', '1463624269', '10.105.42.184', '1463624269', '10.105.42.184');
INSERT INTO `trade_user_actinfo` VALUES ('155', '1463624270', '10.105.42.184', '1463624270', '10.105.42.184');
INSERT INTO `trade_user_actinfo` VALUES ('156', '1463624270', '10.105.42.184', '1463624270', '10.105.42.184');
INSERT INTO `trade_user_actinfo` VALUES ('157', '1463624270', '10.105.42.184', '1463624270', '10.105.42.184');
INSERT INTO `trade_user_actinfo` VALUES ('158', '1463624270', '10.105.42.184', '1463624270', '10.105.42.184');
INSERT INTO `trade_user_actinfo` VALUES ('159', '1463624271', '10.105.42.184', '1463624272', '10.105.42.184');
INSERT INTO `trade_user_actinfo` VALUES ('160', '1463624272', '10.105.42.184', '1463624272', '10.105.42.184');
INSERT INTO `trade_user_actinfo` VALUES ('161', '1463624272', '10.105.42.184', '1463624272', '10.105.42.184');
INSERT INTO `trade_user_actinfo` VALUES ('162', '1463624272', '10.105.42.184', '1463624272', '10.105.42.184');
INSERT INTO `trade_user_actinfo` VALUES ('163', '1463624273', '10.105.42.184', '1463624273', '10.105.42.184');
INSERT INTO `trade_user_actinfo` VALUES ('164', '1463624273', '10.105.42.184', '1463624273', '10.105.42.184');
INSERT INTO `trade_user_actinfo` VALUES ('165', '1463624273', '10.105.42.184', '1463624273', '10.105.42.184');
INSERT INTO `trade_user_actinfo` VALUES ('166', '1463624273', '10.105.42.184', '1463624273', '10.105.42.184');
INSERT INTO `trade_user_actinfo` VALUES ('167', '1463624273', '10.105.42.184', '1463624273', '10.105.42.184');
INSERT INTO `trade_user_actinfo` VALUES ('168', '1463624274', '10.105.42.184', '1463624274', '10.105.42.184');
INSERT INTO `trade_user_actinfo` VALUES ('169', '1463624274', '10.105.42.184', '1463624274', '10.105.42.184');
INSERT INTO `trade_user_actinfo` VALUES ('170', '1463624274', '10.105.42.184', '1463624274', '10.105.42.184');
INSERT INTO `trade_user_actinfo` VALUES ('171', '1463624274', '10.105.42.184', '1463624274', '10.105.42.184');
INSERT INTO `trade_user_actinfo` VALUES ('172', '1463624274', '10.105.42.184', '1463624274', '10.105.42.184');
INSERT INTO `trade_user_actinfo` VALUES ('173', '1463624344', '10.105.42.184', '1463624344', '10.105.42.184');
INSERT INTO `trade_user_actinfo` VALUES ('174', '1463624344', '10.105.42.184', '1463624344', '10.105.42.184');
INSERT INTO `trade_user_actinfo` VALUES ('175', '1463624345', '10.105.42.184', '1463624345', '10.105.42.184');
INSERT INTO `trade_user_actinfo` VALUES ('176', '1463624345', '10.105.42.184', '1463624345', '10.105.42.184');
INSERT INTO `trade_user_actinfo` VALUES ('177', '1463624345', '10.105.42.184', '1463624345', '10.105.42.184');
INSERT INTO `trade_user_actinfo` VALUES ('178', '1463624345', '10.105.42.184', '1463624345', '10.105.42.184');
INSERT INTO `trade_user_actinfo` VALUES ('179', '1463624345', '10.105.42.184', '1463624345', '10.105.42.184');
INSERT INTO `trade_user_actinfo` VALUES ('180', '1463624345', '10.105.42.184', '1463624345', '10.105.42.184');
INSERT INTO `trade_user_actinfo` VALUES ('181', '1463624346', '10.105.42.184', '1463624346', '10.105.42.184');
INSERT INTO `trade_user_actinfo` VALUES ('182', '1463624346', '10.105.42.184', '1463624346', '10.105.42.184');
INSERT INTO `trade_user_actinfo` VALUES ('183', '1463624346', '10.105.42.184', '1463624346', '10.105.42.184');
INSERT INTO `trade_user_actinfo` VALUES ('184', '1463624346', '10.105.42.184', '1463624346', '10.105.42.184');
INSERT INTO `trade_user_actinfo` VALUES ('185', '1463624346', '10.105.42.184', '1463624346', '10.105.42.184');
INSERT INTO `trade_user_actinfo` VALUES ('186', '1463624347', '10.105.42.184', '1463624347', '10.105.42.184');
INSERT INTO `trade_user_actinfo` VALUES ('187', '1463624348', '10.105.42.184', '1463624348', '10.105.42.184');
INSERT INTO `trade_user_actinfo` VALUES ('188', '1463624348', '10.105.42.184', '1463624348', '10.105.42.184');
INSERT INTO `trade_user_actinfo` VALUES ('189', '1463624348', '10.105.42.184', '1463624348', '10.105.42.184');
INSERT INTO `trade_user_actinfo` VALUES ('190', '1463624348', '10.105.42.184', '1463624348', '10.105.42.184');
INSERT INTO `trade_user_actinfo` VALUES ('191', '1463624348', '10.105.42.184', '1463624348', '10.105.42.184');
INSERT INTO `trade_user_actinfo` VALUES ('192', '1463624349', '10.105.42.184', '1463624349', '10.105.42.184');
INSERT INTO `trade_user_actinfo` VALUES ('193', '1463624349', '10.105.42.184', '1463624349', '10.105.42.184');
INSERT INTO `trade_user_actinfo` VALUES ('194', '1463624349', '10.105.42.184', '1463624349', '10.105.42.184');
INSERT INTO `trade_user_actinfo` VALUES ('195', '1463624349', '10.105.42.184', '1463624349', '10.105.42.184');
INSERT INTO `trade_user_actinfo` VALUES ('196', '1463624349', '10.105.42.184', '1463624349', '10.105.42.184');
INSERT INTO `trade_user_actinfo` VALUES ('197', '1463624349', '10.105.42.184', '1463624349', '10.105.42.184');
INSERT INTO `trade_user_actinfo` VALUES ('198', '1463624350', '10.105.42.184', '1463624350', '10.105.42.184');
INSERT INTO `trade_user_actinfo` VALUES ('199', '1463624350', '10.105.42.184', '1463624350', '10.105.42.184');
INSERT INTO `trade_user_actinfo` VALUES ('200', '1463624350', '10.105.42.184', '1463624350', '10.105.42.184');
INSERT INTO `trade_user_actinfo` VALUES ('201', '1463624351', '10.105.42.184', '1463624351', '10.105.42.184');
INSERT INTO `trade_user_actinfo` VALUES ('202', '1463624351', '10.105.42.184', '1463624351', '10.105.42.184');
INSERT INTO `trade_user_actinfo` VALUES ('203', '1463624352', '10.105.42.184', '1463624352', '10.105.42.184');
INSERT INTO `trade_user_actinfo` VALUES ('204', '1463624352', '10.105.42.184', '1463624352', '10.105.42.184');
INSERT INTO `trade_user_actinfo` VALUES ('205', '1463624352', '10.105.42.184', '1463624352', '10.105.42.184');
INSERT INTO `trade_user_actinfo` VALUES ('206', '1463624352', '10.105.42.184', '1463624352', '10.105.42.184');
INSERT INTO `trade_user_actinfo` VALUES ('207', '1463624352', '10.105.42.184', '1463624352', '10.105.42.184');
INSERT INTO `trade_user_actinfo` VALUES ('208', '1463624352', '10.105.42.184', '1463624352', '10.105.42.184');
INSERT INTO `trade_user_actinfo` VALUES ('209', '1463624353', '10.105.42.184', '1463624353', '10.105.42.184');
INSERT INTO `trade_user_actinfo` VALUES ('210', '1463624353', '10.105.42.184', '1463624353', '10.105.42.184');
INSERT INTO `trade_user_actinfo` VALUES ('211', '1463624353', '10.105.42.184', '1463624353', '10.105.42.184');
INSERT INTO `trade_user_actinfo` VALUES ('212', '1463624353', '10.105.42.184', '1463624353', '10.105.42.184');
INSERT INTO `trade_user_actinfo` VALUES ('213', '1463624353', '10.105.42.184', '1463624353', '10.105.42.184');
INSERT INTO `trade_user_actinfo` VALUES ('214', '1463624353', '10.105.42.184', '1463624354', '10.105.42.184');
INSERT INTO `trade_user_actinfo` VALUES ('215', '1463624461', '10.105.42.184', '1463624461', '10.105.42.184');
INSERT INTO `trade_user_actinfo` VALUES ('216', '1463624461', '10.105.42.184', '1463624461', '10.105.42.184');
INSERT INTO `trade_user_actinfo` VALUES ('217', '1463624461', '10.105.42.184', '1463624461', '10.105.42.184');
INSERT INTO `trade_user_actinfo` VALUES ('218', '1463624461', '10.105.42.184', '1463624461', '10.105.42.184');
INSERT INTO `trade_user_actinfo` VALUES ('219', '1463624461', '10.105.42.184', '1463624462', '10.105.42.184');
INSERT INTO `trade_user_actinfo` VALUES ('220', '1463624462', '10.105.42.184', '1463624462', '10.105.42.184');
INSERT INTO `trade_user_actinfo` VALUES ('221', '1463624462', '10.105.42.184', '1463624462', '10.105.42.184');
INSERT INTO `trade_user_actinfo` VALUES ('222', '1463624462', '10.105.42.184', '1463624462', '10.105.42.184');
INSERT INTO `trade_user_actinfo` VALUES ('223', '1463624462', '10.105.42.184', '1463624462', '10.105.42.184');
INSERT INTO `trade_user_actinfo` VALUES ('224', '1463624462', '10.105.42.184', '1463624462', '10.105.42.184');
INSERT INTO `trade_user_actinfo` VALUES ('225', '1463624463', '10.105.42.184', '1463624463', '10.105.42.184');
INSERT INTO `trade_user_actinfo` VALUES ('226', '1463624463', '10.105.42.184', '1463624463', '10.105.42.184');
INSERT INTO `trade_user_actinfo` VALUES ('227', '1463624463', '10.105.42.184', '1463624463', '10.105.42.184');
INSERT INTO `trade_user_actinfo` VALUES ('228', '1463624463', '10.105.42.184', '1463624463', '10.105.42.184');
INSERT INTO `trade_user_actinfo` VALUES ('229', '1463624464', '10.105.42.184', '1463624464', '10.105.42.184');
INSERT INTO `trade_user_actinfo` VALUES ('230', '1463624465', '10.105.42.184', '1463624465', '10.105.42.184');
INSERT INTO `trade_user_actinfo` VALUES ('231', '1463624465', '10.105.42.184', '1463624465', '10.105.42.184');
INSERT INTO `trade_user_actinfo` VALUES ('232', '1463624465', '10.105.42.184', '1463624465', '10.105.42.184');
INSERT INTO `trade_user_actinfo` VALUES ('233', '1463624465', '10.105.42.184', '1463624465', '10.105.42.184');
INSERT INTO `trade_user_actinfo` VALUES ('234', '1463624465', '10.105.42.184', '1463624465', '10.105.42.184');
INSERT INTO `trade_user_actinfo` VALUES ('235', '1463624466', '10.105.42.184', '1463624466', '10.105.42.184');
INSERT INTO `trade_user_actinfo` VALUES ('236', '1463624466', '10.105.42.184', '1463624466', '10.105.42.184');
INSERT INTO `trade_user_actinfo` VALUES ('237', '1463624466', '10.105.42.184', '1463624466', '10.105.42.184');
INSERT INTO `trade_user_actinfo` VALUES ('238', '1463624466', '10.105.42.184', '1463624466', '10.105.42.184');
INSERT INTO `trade_user_actinfo` VALUES ('239', '1463624466', '10.105.42.184', '1463624467', '10.105.42.184');
INSERT INTO `trade_user_actinfo` VALUES ('240', '1463624467', '10.105.42.184', '1463624467', '10.105.42.184');
INSERT INTO `trade_user_actinfo` VALUES ('241', '1463624467', '10.105.42.184', '1463624467', '10.105.42.184');
INSERT INTO `trade_user_actinfo` VALUES ('242', '1463624467', '10.105.42.184', '1463624467', '10.105.42.184');
INSERT INTO `trade_user_actinfo` VALUES ('243', '1463624468', '10.105.42.184', '1463624468', '10.105.42.184');
INSERT INTO `trade_user_actinfo` VALUES ('244', '1463624469', '10.105.42.184', '1463624469', '10.105.42.184');
INSERT INTO `trade_user_actinfo` VALUES ('245', '1463624469', '10.105.42.184', '1463624469', '10.105.42.184');
INSERT INTO `trade_user_actinfo` VALUES ('246', '1463624470', '10.105.42.184', '1463624470', '10.105.42.184');
INSERT INTO `trade_user_actinfo` VALUES ('247', '1463624470', '10.105.42.184', '1463624470', '10.105.42.184');
INSERT INTO `trade_user_actinfo` VALUES ('248', '1463624470', '10.105.42.184', '1463624470', '10.105.42.184');
INSERT INTO `trade_user_actinfo` VALUES ('249', '1463624470', '10.105.42.184', '1463624470', '10.105.42.184');
INSERT INTO `trade_user_actinfo` VALUES ('250', '1463624470', '10.105.42.184', '1463624471', '10.105.42.184');
INSERT INTO `trade_user_actinfo` VALUES ('251', '1463624471', '10.105.42.184', '1463624471', '10.105.42.184');
INSERT INTO `trade_user_actinfo` VALUES ('252', '1463624471', '10.105.42.184', '1463624471', '10.105.42.184');
INSERT INTO `trade_user_actinfo` VALUES ('253', '1463624471', '10.105.42.184', '1463624471', '10.105.42.184');
INSERT INTO `trade_user_actinfo` VALUES ('254', '1463624471', '10.105.42.184', '1463624471', '10.105.42.184');
INSERT INTO `trade_user_actinfo` VALUES ('255', '1463624471', '10.105.42.184', '1463624471', '10.105.42.184');
INSERT INTO `trade_user_actinfo` VALUES ('256', '1463624472', '10.105.42.184', '1463624472', '10.105.42.184');
INSERT INTO `trade_user_actinfo` VALUES ('257', '1463624650', '10.105.42.184', '1463624650', '10.105.42.184');
INSERT INTO `trade_user_actinfo` VALUES ('258', '1463624651', '10.105.42.184', '1463624651', '10.105.42.184');
INSERT INTO `trade_user_actinfo` VALUES ('259', '1463624651', '10.105.42.184', '1463624651', '10.105.42.184');
INSERT INTO `trade_user_actinfo` VALUES ('260', '1463624651', '10.105.42.184', '1463624651', '10.105.42.184');
INSERT INTO `trade_user_actinfo` VALUES ('261', '1463624651', '10.105.42.184', '1463624651', '10.105.42.184');
INSERT INTO `trade_user_actinfo` VALUES ('262', '1463624651', '10.105.42.184', '1463624651', '10.105.42.184');
INSERT INTO `trade_user_actinfo` VALUES ('263', '1463624652', '10.105.42.184', '1463624652', '10.105.42.184');
INSERT INTO `trade_user_actinfo` VALUES ('264', '1463624652', '10.105.42.184', '1463624652', '10.105.42.184');
INSERT INTO `trade_user_actinfo` VALUES ('265', '1463624652', '10.105.42.184', '1463624652', '10.105.42.184');
INSERT INTO `trade_user_actinfo` VALUES ('266', '1463624652', '10.105.42.184', '1463624652', '10.105.42.184');
INSERT INTO `trade_user_actinfo` VALUES ('267', '1463624652', '10.105.42.184', '1463624652', '10.105.42.184');
INSERT INTO `trade_user_actinfo` VALUES ('268', '1463624653', '10.105.42.184', '1463624653', '10.105.42.184');
INSERT INTO `trade_user_actinfo` VALUES ('269', '1463624653', '10.105.42.184', '1463624653', '10.105.42.184');
INSERT INTO `trade_user_actinfo` VALUES ('270', '1463624653', '10.105.42.184', '1463624653', '10.105.42.184');
INSERT INTO `trade_user_actinfo` VALUES ('271', '1463624654', '10.105.42.184', '1463624654', '10.105.42.184');
INSERT INTO `trade_user_actinfo` VALUES ('272', '1463624654', '10.105.42.184', '1463624654', '10.105.42.184');
INSERT INTO `trade_user_actinfo` VALUES ('273', '1463624655', '10.105.42.184', '1463624655', '10.105.42.184');
INSERT INTO `trade_user_actinfo` VALUES ('274', '1463624655', '10.105.42.184', '1463624655', '10.105.42.184');
INSERT INTO `trade_user_actinfo` VALUES ('275', '1463624655', '10.105.42.184', '1463624655', '10.105.42.184');
INSERT INTO `trade_user_actinfo` VALUES ('276', '1463624655', '10.105.42.184', '1463624655', '10.105.42.184');
INSERT INTO `trade_user_actinfo` VALUES ('277', '1463624655', '10.105.42.184', '1463624655', '10.105.42.184');
INSERT INTO `trade_user_actinfo` VALUES ('278', '1463624656', '10.105.42.184', '1463624656', '10.105.42.184');
INSERT INTO `trade_user_actinfo` VALUES ('279', '1463624656', '10.105.42.184', '1463624656', '10.105.42.184');
INSERT INTO `trade_user_actinfo` VALUES ('280', '1463624656', '10.105.42.184', '1463624656', '10.105.42.184');
INSERT INTO `trade_user_actinfo` VALUES ('281', '1463624656', '10.105.42.184', '1463624656', '10.105.42.184');
INSERT INTO `trade_user_actinfo` VALUES ('282', '1463624656', '10.105.42.184', '1463624656', '10.105.42.184');
INSERT INTO `trade_user_actinfo` VALUES ('283', '1463624657', '10.105.42.184', '1463624657', '10.105.42.184');
INSERT INTO `trade_user_actinfo` VALUES ('284', '1463624657', '10.105.42.184', '1463624657', '10.105.42.184');
INSERT INTO `trade_user_actinfo` VALUES ('285', '1463624658', '10.105.42.184', '1463624658', '10.105.42.184');
INSERT INTO `trade_user_actinfo` VALUES ('286', '1463624658', '10.105.42.184', '1463624658', '10.105.42.184');
INSERT INTO `trade_user_actinfo` VALUES ('287', '1463624658', '10.105.42.184', '1463624658', '10.105.42.184');
INSERT INTO `trade_user_actinfo` VALUES ('288', '1463624658', '10.105.42.184', '1463624658', '10.105.42.184');
INSERT INTO `trade_user_actinfo` VALUES ('289', '1463624659', '10.105.42.184', '1463624659', '10.105.42.184');
INSERT INTO `trade_user_actinfo` VALUES ('290', '1463624659', '10.105.42.184', '1463624659', '10.105.42.184');
INSERT INTO `trade_user_actinfo` VALUES ('291', '1463624659', '10.105.42.184', '1463624659', '10.105.42.184');
INSERT INTO `trade_user_actinfo` VALUES ('292', '1463624659', '10.105.42.184', '1463624659', '10.105.42.184');
INSERT INTO `trade_user_actinfo` VALUES ('293', '1463624659', '10.105.42.184', '1463624659', '10.105.42.184');
INSERT INTO `trade_user_actinfo` VALUES ('294', '1463624660', '10.105.42.184', '1463624660', '10.105.42.184');
INSERT INTO `trade_user_actinfo` VALUES ('295', '1463624660', '10.105.42.184', '1463624660', '10.105.42.184');
INSERT INTO `trade_user_actinfo` VALUES ('296', '1463624660', '10.105.42.184', '1463624660', '10.105.42.184');
INSERT INTO `trade_user_actinfo` VALUES ('297', '1463624660', '10.105.42.184', '1463624660', '10.105.42.184');
INSERT INTO `trade_user_actinfo` VALUES ('298', '1463624660', '10.105.42.184', '1463624660', '10.105.42.184');
INSERT INTO `trade_user_actinfo` VALUES ('299', '1463625450', '10.105.42.184', '1463625450', '10.105.42.184');
INSERT INTO `trade_user_actinfo` VALUES ('300', '1463625451', '10.105.42.184', '1463625451', '10.105.42.184');
INSERT INTO `trade_user_actinfo` VALUES ('301', '1463625451', '10.105.42.184', '1463625451', '10.105.42.184');
INSERT INTO `trade_user_actinfo` VALUES ('302', '1463625451', '10.105.42.184', '1463625451', '10.105.42.184');
INSERT INTO `trade_user_actinfo` VALUES ('303', '1463625451', '10.105.42.184', '1463625451', '10.105.42.184');
INSERT INTO `trade_user_actinfo` VALUES ('304', '1463625451', '10.105.42.184', '1463625451', '10.105.42.184');
INSERT INTO `trade_user_actinfo` VALUES ('305', '1463625452', '10.105.42.184', '1463625452', '10.105.42.184');
INSERT INTO `trade_user_actinfo` VALUES ('306', '1463625452', '10.105.42.184', '1463625452', '10.105.42.184');
INSERT INTO `trade_user_actinfo` VALUES ('307', '1463625452', '10.105.42.184', '1463625452', '10.105.42.184');
INSERT INTO `trade_user_actinfo` VALUES ('308', '1463625452', '10.105.42.184', '1463625452', '10.105.42.184');
INSERT INTO `trade_user_actinfo` VALUES ('309', '1463625452', '10.105.42.184', '1463625452', '10.105.42.184');
INSERT INTO `trade_user_actinfo` VALUES ('310', '1463625453', '10.105.42.184', '1463625453', '10.105.42.184');
INSERT INTO `trade_user_actinfo` VALUES ('311', '1463625453', '10.105.42.184', '1463625453', '10.105.42.184');
INSERT INTO `trade_user_actinfo` VALUES ('312', '1463625453', '10.105.42.184', '1463625453', '10.105.42.184');
INSERT INTO `trade_user_actinfo` VALUES ('313', '1463625454', '10.105.42.184', '1463625454', '10.105.42.184');
INSERT INTO `trade_user_actinfo` VALUES ('314', '1463625454', '10.105.42.184', '1463625454', '10.105.42.184');
INSERT INTO `trade_user_actinfo` VALUES ('315', '1463625454', '10.105.42.184', '1463625454', '10.105.42.184');
INSERT INTO `trade_user_actinfo` VALUES ('316', '1463625455', '10.105.42.184', '1463625455', '10.105.42.184');
INSERT INTO `trade_user_actinfo` VALUES ('317', '1463625455', '10.105.42.184', '1463625455', '10.105.42.184');
INSERT INTO `trade_user_actinfo` VALUES ('318', '1463625455', '10.105.42.184', '1463625455', '10.105.42.184');
INSERT INTO `trade_user_actinfo` VALUES ('319', '1463625455', '10.105.42.184', '1463625455', '10.105.42.184');
INSERT INTO `trade_user_actinfo` VALUES ('320', '1463625455', '10.105.42.184', '1463625455', '10.105.42.184');
INSERT INTO `trade_user_actinfo` VALUES ('321', '1463625455', '10.105.42.184', '1463625455', '10.105.42.184');
INSERT INTO `trade_user_actinfo` VALUES ('322', '1463625456', '10.105.42.184', '1463625456', '10.105.42.184');
INSERT INTO `trade_user_actinfo` VALUES ('323', '1463625456', '10.105.42.184', '1463625456', '10.105.42.184');
INSERT INTO `trade_user_actinfo` VALUES ('324', '1463625456', '10.105.42.184', '1463625456', '10.105.42.184');
INSERT INTO `trade_user_actinfo` VALUES ('325', '1463625456', '10.105.42.184', '1463625456', '10.105.42.184');
INSERT INTO `trade_user_actinfo` VALUES ('326', '1463625456', '10.105.42.184', '1463625456', '10.105.42.184');
INSERT INTO `trade_user_actinfo` VALUES ('327', '1463625457', '10.105.42.184', '1463625457', '10.105.42.184');
INSERT INTO `trade_user_actinfo` VALUES ('328', '1463625458', '10.105.42.184', '1463625458', '10.105.42.184');
INSERT INTO `trade_user_actinfo` VALUES ('329', '1463625458', '10.105.42.184', '1463625458', '10.105.42.184');
INSERT INTO `trade_user_actinfo` VALUES ('330', '1463625458', '10.105.42.184', '1463625458', '10.105.42.184');
INSERT INTO `trade_user_actinfo` VALUES ('331', '1463625458', '10.105.42.184', '1463625458', '10.105.42.184');
INSERT INTO `trade_user_actinfo` VALUES ('332', '1463625458', '10.105.42.184', '1463625458', '10.105.42.184');
INSERT INTO `trade_user_actinfo` VALUES ('333', '1463625459', '10.105.42.184', '1463625459', '10.105.42.184');
INSERT INTO `trade_user_actinfo` VALUES ('334', '1463625459', '10.105.42.184', '1463625459', '10.105.42.184');
INSERT INTO `trade_user_actinfo` VALUES ('335', '1463625459', '10.105.42.184', '1463625459', '10.105.42.184');
INSERT INTO `trade_user_actinfo` VALUES ('336', '1463625459', '10.105.42.184', '1463625459', '10.105.42.184');
INSERT INTO `trade_user_actinfo` VALUES ('337', '1463625459', '10.105.42.184', '1463625459', '10.105.42.184');
INSERT INTO `trade_user_actinfo` VALUES ('338', '1463625460', '10.105.42.184', '1463625460', '10.105.42.184');
INSERT INTO `trade_user_actinfo` VALUES ('339', '1463625460', '10.105.42.184', '1463625460', '10.105.42.184');
INSERT INTO `trade_user_actinfo` VALUES ('340', '1463625460', '10.105.42.184', '1463625460', '10.105.42.184');
INSERT INTO `trade_user_actinfo` VALUES ('341', '1463625488', '10.105.42.184', '1463625488', '10.105.42.184');
INSERT INTO `trade_user_actinfo` VALUES ('342', '1463625488', '10.105.42.184', '1463625488', '10.105.42.184');
INSERT INTO `trade_user_actinfo` VALUES ('343', '1463625488', '10.105.42.184', '1463625488', '10.105.42.184');
INSERT INTO `trade_user_actinfo` VALUES ('344', '1463625488', '10.105.42.184', '1463625488', '10.105.42.184');
INSERT INTO `trade_user_actinfo` VALUES ('345', '1463625488', '10.105.42.184', '1463625488', '10.105.42.184');
INSERT INTO `trade_user_actinfo` VALUES ('346', '1463625489', '10.105.42.184', '1463625489', '10.105.42.184');
INSERT INTO `trade_user_actinfo` VALUES ('347', '1463625489', '10.105.42.184', '1463625489', '10.105.42.184');
INSERT INTO `trade_user_actinfo` VALUES ('348', '1463625489', '10.105.42.184', '1463625489', '10.105.42.184');
INSERT INTO `trade_user_actinfo` VALUES ('349', '1463625489', '10.105.42.184', '1463625489', '10.105.42.184');
INSERT INTO `trade_user_actinfo` VALUES ('350', '1463625489', '10.105.42.184', '1463625489', '10.105.42.184');
INSERT INTO `trade_user_actinfo` VALUES ('351', '1463625489', '10.105.42.184', '1463625490', '10.105.42.184');
INSERT INTO `trade_user_actinfo` VALUES ('352', '1463625490', '10.105.42.184', '1463625490', '10.105.42.184');
INSERT INTO `trade_user_actinfo` VALUES ('353', '1463625490', '10.105.42.184', '1463625490', '10.105.42.184');
INSERT INTO `trade_user_actinfo` VALUES ('354', '1463625490', '10.105.42.184', '1463625490', '10.105.42.184');
INSERT INTO `trade_user_actinfo` VALUES ('355', '1463625491', '10.105.42.184', '1463625491', '10.105.42.184');
INSERT INTO `trade_user_actinfo` VALUES ('356', '1463625491', '10.105.42.184', '1463625491', '10.105.42.184');
INSERT INTO `trade_user_actinfo` VALUES ('357', '1463625492', '10.105.42.184', '1463625492', '10.105.42.184');
INSERT INTO `trade_user_actinfo` VALUES ('358', '1463625492', '10.105.42.184', '1463625492', '10.105.42.184');
INSERT INTO `trade_user_actinfo` VALUES ('359', '1463625492', '10.105.42.184', '1463625492', '10.105.42.184');
INSERT INTO `trade_user_actinfo` VALUES ('360', '1463625492', '10.105.42.184', '1463625492', '10.105.42.184');
INSERT INTO `trade_user_actinfo` VALUES ('361', '1463625492', '10.105.42.184', '1463625492', '10.105.42.184');
INSERT INTO `trade_user_actinfo` VALUES ('362', '1463625492', '10.105.42.184', '1463625492', '10.105.42.184');
INSERT INTO `trade_user_actinfo` VALUES ('363', '1463625493', '10.105.42.184', '1463625493', '10.105.42.184');
INSERT INTO `trade_user_actinfo` VALUES ('364', '1463625493', '10.105.42.184', '1463625493', '10.105.42.184');
INSERT INTO `trade_user_actinfo` VALUES ('365', '1463625493', '10.105.42.184', '1463625493', '10.105.42.184');
INSERT INTO `trade_user_actinfo` VALUES ('366', '1463625493', '10.105.42.184', '1463625493', '10.105.42.184');
INSERT INTO `trade_user_actinfo` VALUES ('367', '1463625493', '10.105.42.184', '1463625493', '10.105.42.184');
INSERT INTO `trade_user_actinfo` VALUES ('368', '1463625494', '10.105.42.184', '1463625494', '10.105.42.184');
INSERT INTO `trade_user_actinfo` VALUES ('369', '1463625495', '10.105.42.184', '1463625495', '10.105.42.184');
INSERT INTO `trade_user_actinfo` VALUES ('370', '1463625495', '10.105.42.184', '1463625495', '10.105.42.184');
INSERT INTO `trade_user_actinfo` VALUES ('371', '1463625495', '10.105.42.184', '1463625495', '10.105.42.184');
INSERT INTO `trade_user_actinfo` VALUES ('372', '1463625495', '10.105.42.184', '1463625495', '10.105.42.184');
INSERT INTO `trade_user_actinfo` VALUES ('373', '1463625495', '10.105.42.184', '1463625495', '10.105.42.184');
INSERT INTO `trade_user_actinfo` VALUES ('374', '1463625496', '10.105.42.184', '1463625496', '10.105.42.184');
INSERT INTO `trade_user_actinfo` VALUES ('375', '1463625496', '10.105.42.184', '1463625496', '10.105.42.184');
INSERT INTO `trade_user_actinfo` VALUES ('376', '1463625496', '10.105.42.184', '1463625496', '10.105.42.184');
INSERT INTO `trade_user_actinfo` VALUES ('377', '1463625496', '10.105.42.184', '1463625496', '10.105.42.184');
INSERT INTO `trade_user_actinfo` VALUES ('378', '1463625496', '10.105.42.184', '1463625496', '10.105.42.184');
INSERT INTO `trade_user_actinfo` VALUES ('379', '1463625497', '10.105.42.184', '1463625497', '10.105.42.184');
INSERT INTO `trade_user_actinfo` VALUES ('380', '1463625497', '10.105.42.184', '1463625497', '10.105.42.184');
INSERT INTO `trade_user_actinfo` VALUES ('381', '1463625497', '10.105.42.184', '1463625497', '10.105.42.184');
INSERT INTO `trade_user_actinfo` VALUES ('382', '1463625497', '10.105.42.184', '1463625497', '10.105.42.184');
INSERT INTO `trade_user_actinfo` VALUES ('383', '1463625565', '10.105.42.184', '1463625565', '10.105.42.184');
INSERT INTO `trade_user_actinfo` VALUES ('384', '1463625565', '10.105.42.184', '1463625565', '10.105.42.184');
INSERT INTO `trade_user_actinfo` VALUES ('385', '1463625565', '10.105.42.184', '1463625565', '10.105.42.184');
INSERT INTO `trade_user_actinfo` VALUES ('386', '1463625566', '10.105.42.184', '1463625566', '10.105.42.184');
INSERT INTO `trade_user_actinfo` VALUES ('387', '1463625566', '10.105.42.184', '1463625566', '10.105.42.184');
INSERT INTO `trade_user_actinfo` VALUES ('388', '1463625566', '10.105.42.184', '1463625566', '10.105.42.184');
INSERT INTO `trade_user_actinfo` VALUES ('389', '1463625566', '10.105.42.184', '1463625566', '10.105.42.184');
INSERT INTO `trade_user_actinfo` VALUES ('390', '1463625567', '10.105.42.184', '1463625567', '10.105.42.184');
INSERT INTO `trade_user_actinfo` VALUES ('391', '1463625567', '10.105.42.184', '1463625567', '10.105.42.184');
INSERT INTO `trade_user_actinfo` VALUES ('392', '1463625567', '10.105.42.184', '1463625567', '10.105.42.184');
INSERT INTO `trade_user_actinfo` VALUES ('393', '1463625567', '10.105.42.184', '1463625567', '10.105.42.184');
INSERT INTO `trade_user_actinfo` VALUES ('394', '1463625568', '10.105.42.184', '1463625568', '10.105.42.184');
INSERT INTO `trade_user_actinfo` VALUES ('395', '1463625568', '10.105.42.184', '1463625568', '10.105.42.184');
INSERT INTO `trade_user_actinfo` VALUES ('396', '1463625568', '10.105.42.184', '1463625568', '10.105.42.184');
INSERT INTO `trade_user_actinfo` VALUES ('397', '1463625569', '10.105.42.184', '1463625569', '10.105.42.184');
INSERT INTO `trade_user_actinfo` VALUES ('398', '1463625569', '10.105.42.184', '1463625569', '10.105.42.184');
INSERT INTO `trade_user_actinfo` VALUES ('399', '1463625570', '10.105.42.184', '1463625570', '10.105.42.184');
INSERT INTO `trade_user_actinfo` VALUES ('400', '1463625570', '10.105.42.184', '1463625570', '10.105.42.184');
INSERT INTO `trade_user_actinfo` VALUES ('401', '1463625570', '10.105.42.184', '1463625570', '10.105.42.184');
INSERT INTO `trade_user_actinfo` VALUES ('402', '1463625570', '10.105.42.184', '1463625570', '10.105.42.184');
INSERT INTO `trade_user_actinfo` VALUES ('403', '1463625571', '10.105.42.184', '1463625571', '10.105.42.184');
INSERT INTO `trade_user_actinfo` VALUES ('404', '1463625571', '10.105.42.184', '1463625571', '10.105.42.184');
INSERT INTO `trade_user_actinfo` VALUES ('405', '1463625571', '10.105.42.184', '1463625571', '10.105.42.184');
INSERT INTO `trade_user_actinfo` VALUES ('406', '1463625571', '10.105.42.184', '1463625571', '10.105.42.184');
INSERT INTO `trade_user_actinfo` VALUES ('407', '1463625571', '10.105.42.184', '1463625571', '10.105.42.184');
INSERT INTO `trade_user_actinfo` VALUES ('408', '1463625572', '10.105.42.184', '1463625572', '10.105.42.184');
INSERT INTO `trade_user_actinfo` VALUES ('409', '1463625572', '10.105.42.184', '1463625572', '10.105.42.184');
INSERT INTO `trade_user_actinfo` VALUES ('410', '1463625572', '10.105.42.184', '1463625572', '10.105.42.184');
INSERT INTO `trade_user_actinfo` VALUES ('411', '1463625573', '10.105.42.184', '1463625573', '10.105.42.184');
INSERT INTO `trade_user_actinfo` VALUES ('412', '1463625574', '10.105.42.184', '1463625574', '10.105.42.184');
INSERT INTO `trade_user_actinfo` VALUES ('413', '1463625574', '10.105.42.184', '1463625574', '10.105.42.184');
INSERT INTO `trade_user_actinfo` VALUES ('414', '1463625574', '10.105.42.184', '1463625574', '10.105.42.184');
INSERT INTO `trade_user_actinfo` VALUES ('415', '1463625574', '10.105.42.184', '1463625575', '10.105.42.184');
INSERT INTO `trade_user_actinfo` VALUES ('416', '1463625575', '10.105.42.184', '1463625575', '10.105.42.184');
INSERT INTO `trade_user_actinfo` VALUES ('417', '1463625575', '10.105.42.184', '1463625575', '10.105.42.184');
INSERT INTO `trade_user_actinfo` VALUES ('418', '1463625576', '10.105.42.184', '1463625576', '10.105.42.184');
INSERT INTO `trade_user_actinfo` VALUES ('419', '1463625576', '10.105.42.184', '1463625576', '10.105.42.184');
INSERT INTO `trade_user_actinfo` VALUES ('420', '1463625576', '10.105.42.184', '1463625576', '10.105.42.184');
INSERT INTO `trade_user_actinfo` VALUES ('421', '1463625576', '10.105.42.184', '1463625576', '10.105.42.184');
INSERT INTO `trade_user_actinfo` VALUES ('422', '1463625576', '10.105.42.184', '1463625576', '10.105.42.184');
INSERT INTO `trade_user_actinfo` VALUES ('423', '1463625577', '10.105.42.184', '1463625577', '10.105.42.184');
INSERT INTO `trade_user_actinfo` VALUES ('424', '1463625577', '10.105.42.184', '1463625577', '10.105.42.184');
INSERT INTO `trade_user_actinfo` VALUES ('425', '1463625635', '10.105.42.184', '1463625635', '10.105.42.184');
INSERT INTO `trade_user_actinfo` VALUES ('426', '1463625635', '10.105.42.184', '1463625635', '10.105.42.184');
INSERT INTO `trade_user_actinfo` VALUES ('427', '1463625635', '10.105.42.184', '1463625635', '10.105.42.184');
INSERT INTO `trade_user_actinfo` VALUES ('428', '1463625635', '10.105.42.184', '1463625635', '10.105.42.184');
INSERT INTO `trade_user_actinfo` VALUES ('429', '1463625636', '10.105.42.184', '1463625636', '10.105.42.184');
INSERT INTO `trade_user_actinfo` VALUES ('430', '1463625636', '10.105.42.184', '1463625636', '10.105.42.184');
INSERT INTO `trade_user_actinfo` VALUES ('431', '1463625636', '10.105.42.184', '1463625636', '10.105.42.184');
INSERT INTO `trade_user_actinfo` VALUES ('432', '1463625636', '10.105.42.184', '1463625636', '10.105.42.184');
INSERT INTO `trade_user_actinfo` VALUES ('433', '1463625636', '10.105.42.184', '1463625636', '10.105.42.184');
INSERT INTO `trade_user_actinfo` VALUES ('434', '1463625636', '10.105.42.184', '1463625636', '10.105.42.184');
INSERT INTO `trade_user_actinfo` VALUES ('435', '1463625637', '10.105.42.184', '1463625637', '10.105.42.184');
INSERT INTO `trade_user_actinfo` VALUES ('436', '1463625637', '10.105.42.184', '1463625637', '10.105.42.184');
INSERT INTO `trade_user_actinfo` VALUES ('437', '1463625637', '10.105.42.184', '1463625637', '10.105.42.184');
INSERT INTO `trade_user_actinfo` VALUES ('438', '1463625637', '10.105.42.184', '1463625637', '10.105.42.184');
INSERT INTO `trade_user_actinfo` VALUES ('439', '1463625638', '10.105.42.184', '1463625638', '10.105.42.184');
INSERT INTO `trade_user_actinfo` VALUES ('440', '1463625638', '10.105.42.184', '1463625638', '10.105.42.184');
INSERT INTO `trade_user_actinfo` VALUES ('441', '1463625639', '10.105.42.184', '1463625639', '10.105.42.184');
INSERT INTO `trade_user_actinfo` VALUES ('442', '1463625639', '10.105.42.184', '1463625639', '10.105.42.184');
INSERT INTO `trade_user_actinfo` VALUES ('443', '1463625639', '10.105.42.184', '1463625639', '10.105.42.184');
INSERT INTO `trade_user_actinfo` VALUES ('444', '1463625639', '10.105.42.184', '1463625639', '10.105.42.184');
INSERT INTO `trade_user_actinfo` VALUES ('445', '1463625639', '10.105.42.184', '1463625639', '10.105.42.184');
INSERT INTO `trade_user_actinfo` VALUES ('446', '1463625639', '10.105.42.184', '1463625640', '10.105.42.184');
INSERT INTO `trade_user_actinfo` VALUES ('447', '1463625640', '10.105.42.184', '1463625640', '10.105.42.184');
INSERT INTO `trade_user_actinfo` VALUES ('448', '1463625640', '10.105.42.184', '1463625640', '10.105.42.184');
INSERT INTO `trade_user_actinfo` VALUES ('449', '1463625640', '10.105.42.184', '1463625640', '10.105.42.184');
INSERT INTO `trade_user_actinfo` VALUES ('450', '1463625640', '10.105.42.184', '1463625640', '10.105.42.184');
INSERT INTO `trade_user_actinfo` VALUES ('451', '1463625640', '10.105.42.184', '1463625640', '10.105.42.184');
INSERT INTO `trade_user_actinfo` VALUES ('452', '1463625640', '10.105.42.184', '1463625640', '10.105.42.184');
INSERT INTO `trade_user_actinfo` VALUES ('453', '1463625642', '10.105.42.184', '1463625642', '10.105.42.184');
INSERT INTO `trade_user_actinfo` VALUES ('454', '1463625642', '10.105.42.184', '1463625642', '10.105.42.184');
INSERT INTO `trade_user_actinfo` VALUES ('455', '1463625642', '10.105.42.184', '1463625642', '10.105.42.184');
INSERT INTO `trade_user_actinfo` VALUES ('456', '1463625642', '10.105.42.184', '1463625642', '10.105.42.184');
INSERT INTO `trade_user_actinfo` VALUES ('457', '1463625642', '10.105.42.184', '1463625642', '10.105.42.184');
INSERT INTO `trade_user_actinfo` VALUES ('458', '1463625642', '10.105.42.184', '1463625643', '10.105.42.184');
INSERT INTO `trade_user_actinfo` VALUES ('459', '1463625643', '10.105.42.184', '1463625643', '10.105.42.184');
INSERT INTO `trade_user_actinfo` VALUES ('460', '1463625643', '10.105.42.184', '1463625643', '10.105.42.184');
INSERT INTO `trade_user_actinfo` VALUES ('461', '1463625643', '10.105.42.184', '1463625643', '10.105.42.184');
INSERT INTO `trade_user_actinfo` VALUES ('462', '1463625643', '10.105.42.184', '1463625643', '10.105.42.184');
INSERT INTO `trade_user_actinfo` VALUES ('463', '1463625643', '10.105.42.184', '1463625643', '10.105.42.184');
INSERT INTO `trade_user_actinfo` VALUES ('464', '1463625644', '10.105.42.184', '1463625644', '10.105.42.184');
INSERT INTO `trade_user_actinfo` VALUES ('465', '1463625644', '10.105.42.184', '1463625644', '10.105.42.184');
INSERT INTO `trade_user_actinfo` VALUES ('466', '1463625644', '10.105.42.184', '1463625644', '10.105.42.184');
INSERT INTO `trade_user_actinfo` VALUES ('467', '1463625667', '10.105.42.184', '1463625667', '10.105.42.184');
INSERT INTO `trade_user_actinfo` VALUES ('468', '1463625667', '10.105.42.184', '1463625667', '10.105.42.184');
INSERT INTO `trade_user_actinfo` VALUES ('469', '1463625667', '10.105.42.184', '1463625667', '10.105.42.184');
INSERT INTO `trade_user_actinfo` VALUES ('470', '1463625667', '10.105.42.184', '1463625667', '10.105.42.184');
INSERT INTO `trade_user_actinfo` VALUES ('471', '1463625667', '10.105.42.184', '1463625667', '10.105.42.184');
INSERT INTO `trade_user_actinfo` VALUES ('472', '1463625667', '10.105.42.184', '1463625668', '10.105.42.184');
INSERT INTO `trade_user_actinfo` VALUES ('473', '1463625668', '10.105.42.184', '1463625668', '10.105.42.184');
INSERT INTO `trade_user_actinfo` VALUES ('474', '1463625668', '10.105.42.184', '1463625668', '10.105.42.184');
INSERT INTO `trade_user_actinfo` VALUES ('475', '1463625668', '10.105.42.184', '1463625668', '10.105.42.184');
INSERT INTO `trade_user_actinfo` VALUES ('476', '1463625668', '10.105.42.184', '1463625668', '10.105.42.184');
INSERT INTO `trade_user_actinfo` VALUES ('477', '1463625668', '10.105.42.184', '1463625668', '10.105.42.184');
INSERT INTO `trade_user_actinfo` VALUES ('478', '1463625668', '10.105.42.184', '1463625669', '10.105.42.184');
INSERT INTO `trade_user_actinfo` VALUES ('479', '1463625669', '10.105.42.184', '1463625669', '10.105.42.184');
INSERT INTO `trade_user_actinfo` VALUES ('480', '1463625669', '10.105.42.184', '1463625669', '10.105.42.184');
INSERT INTO `trade_user_actinfo` VALUES ('481', '1463625670', '10.105.42.184', '1463625670', '10.105.42.184');
INSERT INTO `trade_user_actinfo` VALUES ('482', '1463625670', '10.105.42.184', '1463625670', '10.105.42.184');
INSERT INTO `trade_user_actinfo` VALUES ('483', '1463625670', '10.105.42.184', '1463625670', '10.105.42.184');
INSERT INTO `trade_user_actinfo` VALUES ('484', '1463625671', '10.105.42.184', '1463625671', '10.105.42.184');
INSERT INTO `trade_user_actinfo` VALUES ('485', '1463625671', '10.105.42.184', '1463625671', '10.105.42.184');
INSERT INTO `trade_user_actinfo` VALUES ('486', '1463625671', '10.105.42.184', '1463625671', '10.105.42.184');
INSERT INTO `trade_user_actinfo` VALUES ('487', '1463625671', '10.105.42.184', '1463625671', '10.105.42.184');
INSERT INTO `trade_user_actinfo` VALUES ('488', '1463625671', '10.105.42.184', '1463625671', '10.105.42.184');
INSERT INTO `trade_user_actinfo` VALUES ('489', '1463625672', '10.105.42.184', '1463625672', '10.105.42.184');
INSERT INTO `trade_user_actinfo` VALUES ('490', '1463625672', '10.105.42.184', '1463625672', '10.105.42.184');
INSERT INTO `trade_user_actinfo` VALUES ('491', '1463625672', '10.105.42.184', '1463625672', '10.105.42.184');
INSERT INTO `trade_user_actinfo` VALUES ('492', '1463625672', '10.105.42.184', '1463625672', '10.105.42.184');
INSERT INTO `trade_user_actinfo` VALUES ('493', '1463625672', '10.105.42.184', '1463625672', '10.105.42.184');
INSERT INTO `trade_user_actinfo` VALUES ('494', '1463625672', '10.105.42.184', '1463625672', '10.105.42.184');
INSERT INTO `trade_user_actinfo` VALUES ('495', '1463625674', '10.105.42.184', '1463625674', '10.105.42.184');
INSERT INTO `trade_user_actinfo` VALUES ('496', '1463625674', '10.105.42.184', '1463625674', '10.105.42.184');
INSERT INTO `trade_user_actinfo` VALUES ('497', '1463625674', '10.105.42.184', '1463625674', '10.105.42.184');
INSERT INTO `trade_user_actinfo` VALUES ('498', '1463625674', '10.105.42.184', '1463625674', '10.105.42.184');
INSERT INTO `trade_user_actinfo` VALUES ('499', '1463625674', '10.105.42.184', '1463625675', '10.105.42.184');
INSERT INTO `trade_user_actinfo` VALUES ('500', '1463625675', '10.105.42.184', '1463625675', '10.105.42.184');
INSERT INTO `trade_user_actinfo` VALUES ('501', '1463625675', '10.105.42.184', '1463625675', '10.105.42.184');
INSERT INTO `trade_user_actinfo` VALUES ('502', '1463625675', '10.105.42.184', '1463625675', '10.105.42.184');
INSERT INTO `trade_user_actinfo` VALUES ('503', '1463625675', '10.105.42.184', '1463625675', '10.105.42.184');
INSERT INTO `trade_user_actinfo` VALUES ('504', '1463625675', '10.105.42.184', '1463625675', '10.105.42.184');
INSERT INTO `trade_user_actinfo` VALUES ('505', '1463625675', '10.105.42.184', '1463625675', '10.105.42.184');
INSERT INTO `trade_user_actinfo` VALUES ('506', '1463625676', '10.105.42.184', '1463625676', '10.105.42.184');
INSERT INTO `trade_user_actinfo` VALUES ('507', '1463625676', '10.105.42.184', '1463625676', '10.105.42.184');
INSERT INTO `trade_user_actinfo` VALUES ('508', '1463625676', '10.105.42.184', '1463625676', '10.105.42.184');

-- ----------------------------
-- Table structure for `trade_user_consignee`
-- ----------------------------
DROP TABLE IF EXISTS `trade_user_consignee`;
CREATE TABLE `trade_user_consignee` (
  `id` int(10) unsigned NOT NULL AUTO_INCREMENT,
  `user_id` mediumint(8) unsigned NOT NULL DEFAULT '0',
  `name` varchar(60) NOT NULL DEFAULT '',
  `province` tinyint(2) unsigned NOT NULL DEFAULT '0',
  `city` tinyint(2) unsigned NOT NULL DEFAULT '0',
  `borough` tinyint(2) unsigned NOT NULL DEFAULT '0',
  `address` varchar(240) NOT NULL DEFAULT '',
  `zip` char(6) NOT NULL DEFAULT '',
  `mobile_no` char(11) NOT NULL DEFAULT '',
  `tel_no` varchar(20) NOT NULL DEFAULT '',
  `is_default` tinyint(1) unsigned NOT NULL DEFAULT '0',
  PRIMARY KEY (`id`)
) ENGINE=MyISAM DEFAULT CHARSET=utf8;

-- ----------------------------
-- Records of trade_user_consignee
-- ----------------------------

-- ----------------------------
-- Table structure for `trade_user_favorite`
-- ----------------------------
DROP TABLE IF EXISTS `trade_user_favorite`;
CREATE TABLE `trade_user_favorite` (
  `id` int(10) unsigned NOT NULL AUTO_INCREMENT,
  `user_id` mediumint(8) unsigned NOT NULL DEFAULT '0',
  `goods_id` mediumint(8) unsigned NOT NULL,
  `created_date` int(10) unsigned NOT NULL DEFAULT '0',
  PRIMARY KEY (`id`),
  KEY `user_id` (`user_id`)
) ENGINE=MyISAM AUTO_INCREMENT=2 DEFAULT CHARSET=utf8;

-- ----------------------------
-- Records of trade_user_favorite
-- ----------------------------

-- ----------------------------
-- Table structure for `trade_user_group`
-- ----------------------------
DROP TABLE IF EXISTS `trade_user_group`;
CREATE TABLE `trade_user_group` (
  `group_id` smallint(5) unsigned NOT NULL AUTO_INCREMENT,
  `group_name` varchar(60) CHARACTER SET utf8 COLLATE utf8_unicode_ci NOT NULL,
  `min_exp` int(10) unsigned NOT NULL DEFAULT '0',
  `discount_rate` tinyint(3) unsigned NOT NULL DEFAULT '100',
  PRIMARY KEY (`group_id`)
) ENGINE=MyISAM AUTO_INCREMENT=4 DEFAULT CHARSET=utf8;

-- ----------------------------
-- Records of trade_user_group
-- ----------------------------
INSERT INTO `trade_user_group` VALUES ('1', '初级会员', '0', '100');
INSERT INTO `trade_user_group` VALUES ('2', '中级会员', '2000', '100');
INSERT INTO `trade_user_group` VALUES ('3', '高级会员', '7000', '100');

-- ----------------------------
-- Table structure for `trade_user_oauth`
-- ----------------------------
DROP TABLE IF EXISTS `trade_user_oauth`;
CREATE TABLE `trade_user_oauth` (
  `user_id` mediumint(8) unsigned NOT NULL DEFAULT '0',
  `party` char(10) NOT NULL DEFAULT '',
  `oauth_key` char(32) NOT NULL DEFAULT ''
) ENGINE=MyISAM DEFAULT CHARSET=utf8;

-- ----------------------------
-- Records of trade_user_oauth
-- ----------------------------

-- ----------------------------
-- Table structure for `trade_user_profile`
-- ----------------------------
DROP TABLE IF EXISTS `trade_user_profile`;
CREATE TABLE `trade_user_profile` (
  `user_id` mediumint(8) unsigned NOT NULL,
  `name` varchar(30) NOT NULL DEFAULT '',
  `avatar` varchar(40) NOT NULL DEFAULT '',
  `gender` tinyint(1) unsigned NOT NULL DEFAULT '0',
  `birth_year` smallint(4) unsigned NOT NULL DEFAULT '0',
  `birth_month` tinyint(2) unsigned NOT NULL DEFAULT '0',
  `birth_day` tinyint(2) unsigned NOT NULL DEFAULT '0',
  `mobile_no` char(11) NOT NULL DEFAULT '',
  `qq` varchar(15) NOT NULL DEFAULT '',
  `signature` varchar(240) NOT NULL DEFAULT '',
  PRIMARY KEY (`user_id`)
) ENGINE=MyISAM DEFAULT CHARSET=utf8;

-- ----------------------------
-- Records of trade_user_profile
-- ----------------------------
INSERT INTO `trade_user_profile` VALUES ('1', '', '1573cc4b84e385.jpg', '0', '0', '0', '0', '', '', '');
INSERT INTO `trade_user_profile` VALUES ('2', '', '', '0', '0', '0', '0', '', '', '');
INSERT INTO `trade_user_profile` VALUES ('3', '111aaa', '', '0', '1916', '1', '1', '', '22323121', '1');
INSERT INTO `trade_user_profile` VALUES ('4', '', '', '0', '0', '0', '0', '', '', '');
INSERT INTO `trade_user_profile` VALUES ('5', '', '', '0', '0', '0', '0', '', '', '');
INSERT INTO `trade_user_profile` VALUES ('6', '', '', '0', '0', '0', '0', '', '', '');
INSERT INTO `trade_user_profile` VALUES ('7', '', '', '0', '0', '0', '0', '', '', '');
INSERT INTO `trade_user_profile` VALUES ('8', '', '', '0', '0', '0', '0', '', '', '');
INSERT INTO `trade_user_profile` VALUES ('9', '', '', '0', '0', '0', '0', '', '', '');
INSERT INTO `trade_user_profile` VALUES ('10', '', '', '0', '0', '0', '0', '', '', '');
INSERT INTO `trade_user_profile` VALUES ('11', '', '', '0', '0', '0', '0', '', '', '');
INSERT INTO `trade_user_profile` VALUES ('12', '', '', '0', '0', '0', '0', '', '', '');
INSERT INTO `trade_user_profile` VALUES ('13', '', '', '0', '0', '0', '0', '', '', '');
INSERT INTO `trade_user_profile` VALUES ('14', '', '', '0', '0', '0', '0', '', '', '');
INSERT INTO `trade_user_profile` VALUES ('15', '', '', '0', '0', '0', '0', '', '', '');
INSERT INTO `trade_user_profile` VALUES ('16', '', '', '0', '0', '0', '0', '', '', '');
INSERT INTO `trade_user_profile` VALUES ('17', '', '', '0', '0', '0', '0', '', '', '');
INSERT INTO `trade_user_profile` VALUES ('18', '', '', '0', '0', '0', '0', '', '', '');
INSERT INTO `trade_user_profile` VALUES ('19', '', '', '0', '0', '0', '0', '', '', '');
INSERT INTO `trade_user_profile` VALUES ('20', '', '', '0', '0', '0', '0', '', '', '');
INSERT INTO `trade_user_profile` VALUES ('21', '', '', '0', '0', '0', '0', '', '', '');
INSERT INTO `trade_user_profile` VALUES ('22', '123123', '', '1', '1916', '1', '1', '15500000000', '123123', '123123132');
INSERT INTO `trade_user_profile` VALUES ('23', '', '', '0', '0', '0', '0', '', '', '');
INSERT INTO `trade_user_profile` VALUES ('24', '', '', '0', '0', '0', '0', '', '', '');
INSERT INTO `trade_user_profile` VALUES ('25', '', '', '0', '0', '0', '0', '', '', '');
INSERT INTO `trade_user_profile` VALUES ('26', '', '', '0', '0', '0', '0', '', '', '');
INSERT INTO `trade_user_profile` VALUES ('27', '', '', '0', '0', '0', '0', '', '', '');
INSERT INTO `trade_user_profile` VALUES ('28', '', '', '0', '0', '0', '0', '', '', '');
INSERT INTO `trade_user_profile` VALUES ('29', '', '', '0', '0', '0', '0', '', '', '');
INSERT INTO `trade_user_profile` VALUES ('30', 'dlive_1463722935', '', '1', '1916', '1', '1', '15500000000', '1463722935', '1463722935');
INSERT INTO `trade_user_profile` VALUES ('31', 'dlive_1463723002', '', '1', '1916', '1', '1', '15500000000', '1463723002', '1463723002');
INSERT INTO `trade_user_profile` VALUES ('32', 'dlive_1463723014', '', '1', '1916', '1', '1', '15500000000', '1463723014', '1463723014');
INSERT INTO `trade_user_profile` VALUES ('33', 'dlive_1463723016', '', '1', '1916', '1', '1', '15500000000', '1463723016', '1463723016');
INSERT INTO `trade_user_profile` VALUES ('34', 'dlive_1463723308', '', '1', '1916', '1', '1', '15500000000', '1463723308', '1463723308');
INSERT INTO `trade_user_profile` VALUES ('35', 'dlive_1463723413', '', '1', '1916', '1', '1', '15500000000', '1463723413', '1463723413');
INSERT INTO `trade_user_profile` VALUES ('36', 'dlive_1463723438', '', '1', '1916', '1', '1', '15500000000', '1463723438', '1463723438');
INSERT INTO `trade_user_profile` VALUES ('37', 'dlive_1463723784', '', '1', '1916', '1', '1', '15500000000', '1463723784', '1463723784');
INSERT INTO `trade_user_profile` VALUES ('38', 'dlive_1463723844', '', '1', '1916', '1', '1', '15500000000', '1463723844', '1463723844');
INSERT INTO `trade_user_profile` VALUES ('39', 'dlive_1463724180', '', '1', '1916', '1', '1', '15500000000', '1463724180', '1463724180');
INSERT INTO `trade_user_profile` VALUES ('40', 'dlive_1463724180', '', '1', '1916', '1', '1', '15500000000', '1463724180', '1463724180');
INSERT INTO `trade_user_profile` VALUES ('41', 'dlive_1463724225', '', '1', '1916', '1', '1', '15500000000', '1463724225', '1463724225');
INSERT INTO `trade_user_profile` VALUES ('42', 'dlive_1463724236', '', '1', '1916', '1', '1', '15500000000', '1463724236', '1463724236');
INSERT INTO `trade_user_profile` VALUES ('43', 'dlive_1463724237', '', '1', '1916', '1', '1', '15500000000', '1463724237', '1463724237');
INSERT INTO `trade_user_profile` VALUES ('44', 'dlive_1463724272', '', '1', '1916', '1', '1', '15500000000', '1463724272', '1463724272');
INSERT INTO `trade_user_profile` VALUES ('45', 'dlive_1463724282', '', '1', '1916', '1', '1', '15500000000', '1463724282', '1463724282');
INSERT INTO `trade_user_profile` VALUES ('46', 'dlive_1463724320', '', '1', '1916', '1', '1', '15500000000', '1463724320', '1463724320');
INSERT INTO `trade_user_profile` VALUES ('47', 'dlive_1463724327', '', '1', '1916', '1', '1', '15500000000', '1463724327', '1463724327');
INSERT INTO `trade_user_profile` VALUES ('48', 'dlive_1463724400', '', '1', '1916', '1', '1', '15500000000', '1463724400', '1463724400');
INSERT INTO `trade_user_profile` VALUES ('49', 'dlive_1463724401', '', '1', '1916', '1', '1', '15500000000', '1463724401', '1463724401');
INSERT INTO `trade_user_profile` VALUES ('50', 'dlive_1463724437', '', '1', '1916', '1', '1', '15500000000', '1463724437', '1463724437');
INSERT INTO `trade_user_profile` VALUES ('51', 'dlive_1463724547', '', '1', '1916', '1', '1', '15500000000', '1463724547', '1463724547');
INSERT INTO `trade_user_profile` VALUES ('52', 'dlive_1463724553', '', '1', '1916', '1', '1', '15500000000', '1463724553', '1463724553');
INSERT INTO `trade_user_profile` VALUES ('53', 'dlive_1463724554', '', '1', '1916', '1', '1', '15500000000', '1463724554', '1463724554');
INSERT INTO `trade_user_profile` VALUES ('54', 'dlive_1463724556', '', '1', '1916', '1', '1', '15500000000', '1463724556', '1463724556');
INSERT INTO `trade_user_profile` VALUES ('55', 'dlive_1463724557', '', '1', '1916', '1', '1', '15500000000', '1463724557', '1463724557');
INSERT INTO `trade_user_profile` VALUES ('56', 'dlive_1463724558', '', '1', '1916', '1', '1', '15500000000', '1463724558', '1463724558');
INSERT INTO `trade_user_profile` VALUES ('57', 'dlive_1463724569', '', '1', '1916', '1', '1', '15500000000', '1463724569', '1463724569');
INSERT INTO `trade_user_profile` VALUES ('58', 'dlive_1463724595', '', '1', '1916', '1', '1', '15500000000', '1463724595', '1463724595');
INSERT INTO `trade_user_profile` VALUES ('59', 'dlive_1463724645', '', '1', '1916', '1', '1', '15500000000', '1463724645', '1463724645');
INSERT INTO `trade_user_profile` VALUES ('60', 'dlive_1463724670', '', '1', '1916', '1', '1', '15500000000', '1463724670', '1463724670');
INSERT INTO `trade_user_profile` VALUES ('61', 'dlive_1463724671', '', '1', '1916', '1', '1', '15500000000', '1463724671', '1463724671');
INSERT INTO `trade_user_profile` VALUES ('62', 'dlive_1463724743', '', '1', '1916', '1', '1', '15500000000', '1463724743', '1463724743');
INSERT INTO `trade_user_profile` VALUES ('63', 'dlive_1463724765', '', '1', '1916', '1', '1', '15500000000', '1463724765', '1463724765');
INSERT INTO `trade_user_profile` VALUES ('64', 'dlive_1463724807', '', '1', '1916', '1', '1', '15500000000', '1463724807', '1463724807');
INSERT INTO `trade_user_profile` VALUES ('65', 'dlive_1463724836', '', '1', '1916', '1', '1', '15500000000', '1463724836', '1463724836');
INSERT INTO `trade_user_profile` VALUES ('66', 'dlive_1463724838', '', '1', '1916', '1', '1', '15500000000', '1463724838', '1463724838');
INSERT INTO `trade_user_profile` VALUES ('67', 'dlive_1463724857', '', '1', '1916', '1', '1', '15500000000', '1463724857', '1463724857');
INSERT INTO `trade_user_profile` VALUES ('68', 'dlive_1463725023', '', '1', '1916', '1', '1', '15500000000', '1463725023', '1463725023');
INSERT INTO `trade_user_profile` VALUES ('69', 'dlive_1463725024', '', '1', '1916', '1', '1', '15500000000', '1463725024', '1463725024');
INSERT INTO `trade_user_profile` VALUES ('70', 'dlive_1463725025', '', '1', '1916', '1', '1', '15500000000', '1463725025', '1463725025');
INSERT INTO `trade_user_profile` VALUES ('71', 'dlive_1463725229', '', '1', '1916', '1', '1', '15500000000', '1463725229', '1463725229');
INSERT INTO `trade_user_profile` VALUES ('72', 'dlive_1463725240', '', '1', '1916', '1', '1', '15500000000', '1463725240', '1463725240');
INSERT INTO `trade_user_profile` VALUES ('73', 'dlive_1463725242', '', '1', '1916', '1', '1', '15500000000', '1463725242', '1463725242');
INSERT INTO `trade_user_profile` VALUES ('74', 'dlive_1463725244', '', '1', '1916', '1', '1', '15500000000', '1463725244', '1463725244');
INSERT INTO `trade_user_profile` VALUES ('75', 'dlive_1463725309', '', '1', '1916', '1', '1', '15500000000', '1463725309', '1463725309');
INSERT INTO `trade_user_profile` VALUES ('76', 'dlive_1463725310', '', '1', '1916', '1', '1', '15500000000', '1463725310', '1463725310');
INSERT INTO `trade_user_profile` VALUES ('77', 'dlive_1463725312', '', '1', '1916', '1', '1', '15500000000', '1463725312', '1463725312');
INSERT INTO `trade_user_profile` VALUES ('78', 'dlive_1463725447', '', '1', '1916', '1', '1', '15500000000', '1463725447', '1463725447');
INSERT INTO `trade_user_profile` VALUES ('79', 'dlive_1463725448', '', '1', '1916', '1', '1', '15500000000', '1463725448', '1463725448');
INSERT INTO `trade_user_profile` VALUES ('80', 'dlive_1463725449', '', '1', '1916', '1', '1', '15500000000', '1463725449', '1463725449');
INSERT INTO `trade_user_profile` VALUES ('81', 'dlive_1463725450', '', '1', '1916', '1', '1', '15500000000', '1463725450', '1463725450');
INSERT INTO `trade_user_profile` VALUES ('82', 'dlive_1463725451', '', '1', '1916', '1', '1', '15500000000', '1463725451', '1463725451');
INSERT INTO `trade_user_profile` VALUES ('83', 'dlive_1463725453', '', '1', '1916', '1', '1', '15500000000', '1463725453', '1463725453');
INSERT INTO `trade_user_profile` VALUES ('84', 'dlive_1463725454', '', '1', '1916', '1', '1', '15500000000', '1463725454', '1463725454');
INSERT INTO `trade_user_profile` VALUES ('85', 'dlive_1463725511', '', '1', '1916', '1', '1', '15500000000', '1463725511', '1463725511');
INSERT INTO `trade_user_profile` VALUES ('86', 'dlive_1463725512', '', '1', '1916', '1', '1', '15500000000', '1463725512', '1463725512');
INSERT INTO `trade_user_profile` VALUES ('87', 'dlive_1463725513', '', '1', '1916', '1', '1', '15500000000', '1463725513', '1463725513');
INSERT INTO `trade_user_profile` VALUES ('88', 'dlive_1463725514', '', '1', '1916', '1', '1', '15500000000', '1463725514', '1463725514');
INSERT INTO `trade_user_profile` VALUES ('89', 'dlive_1463725515', '', '1', '1916', '1', '1', '15500000000', '1463725515', '1463725515');
INSERT INTO `trade_user_profile` VALUES ('90', 'dlive_1463725517', '', '1', '1916', '1', '1', '15500000000', '1463725517', '1463725517');
INSERT INTO `trade_user_profile` VALUES ('91', 'dlive_1463725518', '', '1', '1916', '1', '1', '15500000000', '1463725518', '1463725518');
INSERT INTO `trade_user_profile` VALUES ('92', 'dlive_1463725519', '', '1', '1916', '1', '1', '15500000000', '1463725519', '1463725519');
INSERT INTO `trade_user_profile` VALUES ('93', 'dlive_1463725520', '', '1', '1916', '1', '1', '15500000000', '1463725520', '1463725520');
INSERT INTO `trade_user_profile` VALUES ('94', 'dlive_1463725605', '', '1', '1916', '1', '1', '15500000000', '1463725605', '1463725605');
INSERT INTO `trade_user_profile` VALUES ('95', 'dlive_1463725606', '', '1', '1916', '1', '1', '15500000000', '1463725606', '1463725606');
INSERT INTO `trade_user_profile` VALUES ('96', 'dlive_1463725607', '', '1', '1916', '1', '1', '15500000000', '1463725607', '1463725607');
INSERT INTO `trade_user_profile` VALUES ('97', 'dlive_1463725609', '', '1', '1916', '1', '1', '15500000000', '1463725609', '1463725609');
INSERT INTO `trade_user_profile` VALUES ('98', 'dlive_1463725610', '', '1', '1916', '1', '1', '15500000000', '1463725610', '1463725610');
INSERT INTO `trade_user_profile` VALUES ('99', 'dlive_1463725611', '', '1', '1916', '1', '1', '15500000000', '1463725611', '1463725611');
INSERT INTO `trade_user_profile` VALUES ('100', 'dlive_1463725612', '', '1', '1916', '1', '1', '15500000000', '1463725612', '1463725612');
INSERT INTO `trade_user_profile` VALUES ('101', 'dlive_1463725679', '', '1', '1916', '1', '1', '15500000000', '1463725679', '1463725679');
INSERT INTO `trade_user_profile` VALUES ('102', 'dlive_1463725680', '', '1', '1916', '1', '1', '15500000000', '1463725680', '1463725680');
INSERT INTO `trade_user_profile` VALUES ('103', 'dlive_1463725681', '', '1', '1916', '1', '1', '15500000000', '1463725681', '1463725681');
INSERT INTO `trade_user_profile` VALUES ('104', 'dlive_1463725682', '', '1', '1916', '1', '1', '15500000000', '1463725682', '1463725682');
INSERT INTO `trade_user_profile` VALUES ('105', 'dlive_1463725683', '', '1', '1916', '1', '1', '15500000000', '1463725683', '1463725683');
INSERT INTO `trade_user_profile` VALUES ('106', 'dlive_1463725684', '', '1', '1916', '1', '1', '15500000000', '1463725684', '1463725684');
INSERT INTO `trade_user_profile` VALUES ('107', 'dlive_1463725685', '', '1', '1916', '1', '1', '15500000000', '1463725685', '1463725685');
INSERT INTO `trade_user_profile` VALUES ('108', '', '', '0', '0', '0', '0', '', '', '');
INSERT INTO `trade_user_profile` VALUES ('109', '', '', '0', '0', '0', '0', '', '', '');
INSERT INTO `trade_user_profile` VALUES ('110', '', '', '0', '0', '0', '0', '', '', '');
INSERT INTO `trade_user_profile` VALUES ('111', '', '', '0', '0', '0', '0', '', '', '');
INSERT INTO `trade_user_profile` VALUES ('112', '', '', '0', '0', '0', '0', '', '', '');
INSERT INTO `trade_user_profile` VALUES ('113', '', '', '0', '0', '0', '0', '', '', '');
INSERT INTO `trade_user_profile` VALUES ('114', '', '', '0', '0', '0', '0', '', '', '');
INSERT INTO `trade_user_profile` VALUES ('115', '', '', '0', '0', '0', '0', '', '', '');
INSERT INTO `trade_user_profile` VALUES ('116', '', '', '0', '0', '0', '0', '', '', '');
INSERT INTO `trade_user_profile` VALUES ('117', '', '', '0', '0', '0', '0', '', '', '');
INSERT INTO `trade_user_profile` VALUES ('118', '', '', '0', '0', '0', '0', '', '', '');
INSERT INTO `trade_user_profile` VALUES ('119', '', '', '0', '0', '0', '0', '', '', '');
INSERT INTO `trade_user_profile` VALUES ('120', '', '', '0', '0', '0', '0', '', '', '');
INSERT INTO `trade_user_profile` VALUES ('121', '', '', '0', '0', '0', '0', '', '', '');
INSERT INTO `trade_user_profile` VALUES ('122', '', '', '0', '0', '0', '0', '', '', '');
INSERT INTO `trade_user_profile` VALUES ('123', 'dlive_1463726517', '', '1', '1916', '1', '1', '15500000000', '1463726517', '1463726517');
INSERT INTO `trade_user_profile` VALUES ('124', 'dlive_1463726518', '', '1', '1916', '1', '1', '15500000000', '1463726518', '1463726518');
INSERT INTO `trade_user_profile` VALUES ('125', 'dlive_1463726519', '', '1', '1916', '1', '1', '15500000000', '1463726519', '1463726519');
INSERT INTO `trade_user_profile` VALUES ('126', 'dlive_1463726520', '', '1', '1916', '1', '1', '15500000000', '1463726520', '1463726520');
INSERT INTO `trade_user_profile` VALUES ('127', 'dlive_1463726566', '', '1', '1916', '1', '1', '15500000000', '1463726566', '1463726566');
INSERT INTO `trade_user_profile` VALUES ('128', 'dlive_1463726567', '', '1', '1916', '1', '1', '15500000000', '1463726567', '1463726567');
INSERT INTO `trade_user_profile` VALUES ('129', 'dlive_1463726568', '', '1', '1916', '1', '1', '15500000000', '1463726568', '1463726568');
INSERT INTO `trade_user_profile` VALUES ('130', 'dlive_1463726569', '', '1', '1916', '1', '1', '15500000000', '1463726569', '1463726569');
INSERT INTO `trade_user_profile` VALUES ('131', 'dlive_1463726624', '', '1', '1916', '1', '1', '15500000000', '1463726624', '1463726624');
INSERT INTO `trade_user_profile` VALUES ('132', 'dlive_1463726624', '', '1', '1916', '1', '1', '15500000000', '1463726624', '1463726624');
INSERT INTO `trade_user_profile` VALUES ('133', 'dlive_1463726624', '', '1', '1916', '1', '1', '15500000000', '1463726624', '1463726624');
INSERT INTO `trade_user_profile` VALUES ('134', 'dlive_1463726625', '', '1', '1916', '1', '1', '15500000000', '1463726625', '1463726625');
INSERT INTO `trade_user_profile` VALUES ('135', 'dlive_1463726625', '', '1', '1916', '1', '1', '15500000000', '1463726625', '1463726625');
INSERT INTO `trade_user_profile` VALUES ('136', 'dlive_1463726625', '', '1', '1916', '1', '1', '15500000000', '1463726625', '1463726625');
INSERT INTO `trade_user_profile` VALUES ('137', 'dlive_1463726625', '', '1', '1916', '1', '1', '15500000000', '1463726625', '1463726625');
INSERT INTO `trade_user_profile` VALUES ('138', 'dlive_1463726626', '', '1', '1916', '1', '1', '15500000000', '1463726626', '1463726626');
INSERT INTO `trade_user_profile` VALUES ('139', 'dlive_1463726626', '', '1', '1916', '1', '1', '15500000000', '1463726626', '1463726626');
INSERT INTO `trade_user_profile` VALUES ('140', 'dlive_1463726626', '', '1', '1916', '1', '1', '15500000000', '1463726626', '1463726626');
INSERT INTO `trade_user_profile` VALUES ('141', 'dlive_1463726626', '', '1', '1916', '1', '1', '15500000000', '1463726626', '1463726626');
INSERT INTO `trade_user_profile` VALUES ('142', 'dlive_1463726626', '', '1', '1916', '1', '1', '15500000000', '1463726626', '1463726626');
INSERT INTO `trade_user_profile` VALUES ('143', 'dlive_1463726627', '', '1', '1916', '1', '1', '15500000000', '1463726627', '1463726627');
INSERT INTO `trade_user_profile` VALUES ('144', 'dlive_1463726627', '', '1', '1916', '1', '1', '15500000000', '1463726627', '1463726627');
INSERT INTO `trade_user_profile` VALUES ('145', 'dlive_1463726628', '', '1', '1916', '1', '1', '15500000000', '1463726628', '1463726628');
INSERT INTO `trade_user_profile` VALUES ('146', 'dlive_1463726628', '', '1', '1916', '1', '1', '15500000000', '1463726628', '1463726628');
INSERT INTO `trade_user_profile` VALUES ('147', 'dlive_1463726628', '', '1', '1916', '1', '1', '15500000000', '1463726628', '1463726628');
INSERT INTO `trade_user_profile` VALUES ('148', 'dlive_1463726629', '', '1', '1916', '1', '1', '15500000000', '1463726629', '1463726629');
INSERT INTO `trade_user_profile` VALUES ('149', 'dlive_1463726629', '', '1', '1916', '1', '1', '15500000000', '1463726629', '1463726629');
INSERT INTO `trade_user_profile` VALUES ('150', 'dlive_1463726629', '', '1', '1916', '1', '1', '15500000000', '1463726629', '1463726629');
INSERT INTO `trade_user_profile` VALUES ('151', 'dlive_1463726629', '', '1', '1916', '1', '1', '15500000000', '1463726629', '1463726629');
INSERT INTO `trade_user_profile` VALUES ('152', 'dlive_1463726629', '', '1', '1916', '1', '1', '15500000000', '1463726629', '1463726629');
INSERT INTO `trade_user_profile` VALUES ('153', 'dlive_1463726629', '', '1', '1916', '1', '1', '15500000000', '1463726629', '1463726629');
INSERT INTO `trade_user_profile` VALUES ('154', 'dlive_1463726629', '', '1', '1916', '1', '1', '15500000000', '1463726629', '1463726629');
INSERT INTO `trade_user_profile` VALUES ('155', 'dlive_1463726630', '', '1', '1916', '1', '1', '15500000000', '1463726630', '1463726630');
INSERT INTO `trade_user_profile` VALUES ('156', 'dlive_1463726630', '', '1', '1916', '1', '1', '15500000000', '1463726630', '1463726630');
INSERT INTO `trade_user_profile` VALUES ('157', 'dlive_1463726630', '', '1', '1916', '1', '1', '15500000000', '1463726630', '1463726630');
INSERT INTO `trade_user_profile` VALUES ('158', 'dlive_1463726630', '', '1', '1916', '1', '1', '15500000000', '1463726630', '1463726630');
INSERT INTO `trade_user_profile` VALUES ('159', 'dlive_1463726632', '', '1', '1916', '1', '1', '15500000000', '1463726632', '1463726632');
INSERT INTO `trade_user_profile` VALUES ('160', 'dlive_1463726632', '', '1', '1916', '1', '1', '15500000000', '1463726632', '1463726632');
INSERT INTO `trade_user_profile` VALUES ('161', 'dlive_1463726632', '', '1', '1916', '1', '1', '15500000000', '1463726632', '1463726632');
INSERT INTO `trade_user_profile` VALUES ('162', 'dlive_1463726633', '', '1', '1916', '1', '1', '15500000000', '1463726633', '1463726633');
INSERT INTO `trade_user_profile` VALUES ('163', 'dlive_1463726633', '', '1', '1916', '1', '1', '15500000000', '1463726633', '1463726633');
INSERT INTO `trade_user_profile` VALUES ('164', 'dlive_1463726633', '', '1', '1916', '1', '1', '15500000000', '1463726633', '1463726633');
INSERT INTO `trade_user_profile` VALUES ('165', 'dlive_1463726633', '', '1', '1916', '1', '1', '15500000000', '1463726633', '1463726633');
INSERT INTO `trade_user_profile` VALUES ('166', 'dlive_1463726633', '', '1', '1916', '1', '1', '15500000000', '1463726633', '1463726633');
INSERT INTO `trade_user_profile` VALUES ('167', 'dlive_1463726634', '', '1', '1916', '1', '1', '15500000000', '1463726634', '1463726634');
INSERT INTO `trade_user_profile` VALUES ('168', 'dlive_1463726634', '', '1', '1916', '1', '1', '15500000000', '1463726634', '1463726634');
INSERT INTO `trade_user_profile` VALUES ('169', 'dlive_1463726634', '', '1', '1916', '1', '1', '15500000000', '1463726634', '1463726634');
INSERT INTO `trade_user_profile` VALUES ('170', 'dlive_1463726634', '', '1', '1916', '1', '1', '15500000000', '1463726634', '1463726634');
INSERT INTO `trade_user_profile` VALUES ('171', 'dlive_1463726634', '', '1', '1916', '1', '1', '15500000000', '1463726634', '1463726634');
INSERT INTO `trade_user_profile` VALUES ('172', 'dlive_1463726634', '', '1', '1916', '1', '1', '15500000000', '1463726634', '1463726634');
INSERT INTO `trade_user_profile` VALUES ('173', 'dlive_1463726704', '', '1', '1916', '1', '1', '15500000000', '1463726704', '1463726704');
INSERT INTO `trade_user_profile` VALUES ('174', 'dlive_1463726705', '', '1', '1916', '1', '1', '15500000000', '1463726705', '1463726705');
INSERT INTO `trade_user_profile` VALUES ('175', 'dlive_1463726705', '', '1', '1916', '1', '1', '15500000000', '1463726705', '1463726705');
INSERT INTO `trade_user_profile` VALUES ('176', 'dlive_1463726705', '', '1', '1916', '1', '1', '15500000000', '1463726705', '1463726705');
INSERT INTO `trade_user_profile` VALUES ('177', 'dlive_1463726705', '', '1', '1916', '1', '1', '15500000000', '1463726705', '1463726705');
INSERT INTO `trade_user_profile` VALUES ('178', 'dlive_1463726705', '', '1', '1916', '1', '1', '15500000000', '1463726705', '1463726705');
INSERT INTO `trade_user_profile` VALUES ('179', 'dlive_1463726705', '', '1', '1916', '1', '1', '15500000000', '1463726705', '1463726705');
INSERT INTO `trade_user_profile` VALUES ('180', 'dlive_1463726706', '', '1', '1916', '1', '1', '15500000000', '1463726706', '1463726706');
INSERT INTO `trade_user_profile` VALUES ('181', 'dlive_1463726706', '', '1', '1916', '1', '1', '15500000000', '1463726706', '1463726706');
INSERT INTO `trade_user_profile` VALUES ('182', 'dlive_1463726706', '', '1', '1916', '1', '1', '15500000000', '1463726706', '1463726706');
INSERT INTO `trade_user_profile` VALUES ('183', 'dlive_1463726706', '', '1', '1916', '1', '1', '15500000000', '1463726706', '1463726706');
INSERT INTO `trade_user_profile` VALUES ('184', 'dlive_1463726706', '', '1', '1916', '1', '1', '15500000000', '1463726706', '1463726706');
INSERT INTO `trade_user_profile` VALUES ('185', 'dlive_1463726707', '', '1', '1916', '1', '1', '15500000000', '1463726707', '1463726707');
INSERT INTO `trade_user_profile` VALUES ('186', 'dlive_1463726707', '', '1', '1916', '1', '1', '15500000000', '1463726707', '1463726707');
INSERT INTO `trade_user_profile` VALUES ('187', 'dlive_1463726708', '', '1', '1916', '1', '1', '15500000000', '1463726708', '1463726708');
INSERT INTO `trade_user_profile` VALUES ('188', 'dlive_1463726708', '', '1', '1916', '1', '1', '15500000000', '1463726708', '1463726708');
INSERT INTO `trade_user_profile` VALUES ('189', 'dlive_1463726708', '', '1', '1916', '1', '1', '15500000000', '1463726708', '1463726708');
INSERT INTO `trade_user_profile` VALUES ('190', 'dlive_1463726708', '', '1', '1916', '1', '1', '15500000000', '1463726708', '1463726708');
INSERT INTO `trade_user_profile` VALUES ('191', 'dlive_1463726709', '', '1', '1916', '1', '1', '15500000000', '1463726709', '1463726709');
INSERT INTO `trade_user_profile` VALUES ('192', 'dlive_1463726709', '', '1', '1916', '1', '1', '15500000000', '1463726709', '1463726709');
INSERT INTO `trade_user_profile` VALUES ('193', 'dlive_1463726709', '', '1', '1916', '1', '1', '15500000000', '1463726709', '1463726709');
INSERT INTO `trade_user_profile` VALUES ('194', 'dlive_1463726709', '', '1', '1916', '1', '1', '15500000000', '1463726709', '1463726709');
INSERT INTO `trade_user_profile` VALUES ('195', 'dlive_1463726709', '', '1', '1916', '1', '1', '15500000000', '1463726709', '1463726709');
INSERT INTO `trade_user_profile` VALUES ('196', 'dlive_1463726709', '', '1', '1916', '1', '1', '15500000000', '1463726709', '1463726709');
INSERT INTO `trade_user_profile` VALUES ('197', 'dlive_1463726710', '', '1', '1916', '1', '1', '15500000000', '1463726710', '1463726710');
INSERT INTO `trade_user_profile` VALUES ('198', 'dlive_1463726710', '', '1', '1916', '1', '1', '15500000000', '1463726710', '1463726710');
INSERT INTO `trade_user_profile` VALUES ('199', 'dlive_1463726710', '', '1', '1916', '1', '1', '15500000000', '1463726710', '1463726710');
INSERT INTO `trade_user_profile` VALUES ('200', 'dlive_1463726710', '', '1', '1916', '1', '1', '15500000000', '1463726710', '1463726710');
INSERT INTO `trade_user_profile` VALUES ('201', 'dlive_1463726711', '', '1', '1916', '1', '1', '15500000000', '1463726711', '1463726711');
INSERT INTO `trade_user_profile` VALUES ('202', 'dlive_1463726712', '', '1', '1916', '1', '1', '15500000000', '1463726712', '1463726712');
INSERT INTO `trade_user_profile` VALUES ('203', 'dlive_1463726712', '', '1', '1916', '1', '1', '15500000000', '1463726712', '1463726712');
INSERT INTO `trade_user_profile` VALUES ('204', 'dlive_1463726712', '', '1', '1916', '1', '1', '15500000000', '1463726712', '1463726712');
INSERT INTO `trade_user_profile` VALUES ('205', 'dlive_1463726712', '', '1', '1916', '1', '1', '15500000000', '1463726712', '1463726712');
INSERT INTO `trade_user_profile` VALUES ('206', 'dlive_1463726712', '', '1', '1916', '1', '1', '15500000000', '1463726712', '1463726712');
INSERT INTO `trade_user_profile` VALUES ('207', 'dlive_1463726712', '', '1', '1916', '1', '1', '15500000000', '1463726712', '1463726712');
INSERT INTO `trade_user_profile` VALUES ('208', 'dlive_1463726713', '', '1', '1916', '1', '1', '15500000000', '1463726713', '1463726713');
INSERT INTO `trade_user_profile` VALUES ('209', 'dlive_1463726713', '', '1', '1916', '1', '1', '15500000000', '1463726713', '1463726713');
INSERT INTO `trade_user_profile` VALUES ('210', 'dlive_1463726713', '', '1', '1916', '1', '1', '15500000000', '1463726713', '1463726713');
INSERT INTO `trade_user_profile` VALUES ('211', 'dlive_1463726713', '', '1', '1916', '1', '1', '15500000000', '1463726713', '1463726713');
INSERT INTO `trade_user_profile` VALUES ('212', 'dlive_1463726713', '', '1', '1916', '1', '1', '15500000000', '1463726713', '1463726713');
INSERT INTO `trade_user_profile` VALUES ('213', 'dlive_1463726714', '', '1', '1916', '1', '1', '15500000000', '1463726714', '1463726714');
INSERT INTO `trade_user_profile` VALUES ('214', 'dlive_1463726714', '', '1', '1916', '1', '1', '15500000000', '1463726714', '1463726714');
INSERT INTO `trade_user_profile` VALUES ('215', 'dlive_1463726821', '', '1', '1916', '1', '1', '15500000000', '1463726821', '1463726821');
INSERT INTO `trade_user_profile` VALUES ('216', 'dlive_1463726821', '', '1', '1916', '1', '1', '15500000000', '1463726821', '1463726821');
INSERT INTO `trade_user_profile` VALUES ('217', 'dlive_1463726821', '', '1', '1916', '1', '1', '15500000000', '1463726821', '1463726821');
INSERT INTO `trade_user_profile` VALUES ('218', 'dlive_1463726822', '', '1', '1916', '1', '1', '15500000000', '1463726822', '1463726822');
INSERT INTO `trade_user_profile` VALUES ('219', 'dlive_1463726822', '', '1', '1916', '1', '1', '15500000000', '1463726822', '1463726822');
INSERT INTO `trade_user_profile` VALUES ('220', 'dlive_1463726822', '', '1', '1916', '1', '1', '15500000000', '1463726822', '1463726822');
INSERT INTO `trade_user_profile` VALUES ('221', 'dlive_1463726822', '', '1', '1916', '1', '1', '15500000000', '1463726822', '1463726822');
INSERT INTO `trade_user_profile` VALUES ('222', 'dlive_1463726822', '', '1', '1916', '1', '1', '15500000000', '1463726822', '1463726822');
INSERT INTO `trade_user_profile` VALUES ('223', 'dlive_1463726822', '', '1', '1916', '1', '1', '15500000000', '1463726822', '1463726822');
INSERT INTO `trade_user_profile` VALUES ('224', 'dlive_1463726823', '', '1', '1916', '1', '1', '15500000000', '1463726823', '1463726823');
INSERT INTO `trade_user_profile` VALUES ('225', 'dlive_1463726823', '', '1', '1916', '1', '1', '15500000000', '1463726823', '1463726823');
INSERT INTO `trade_user_profile` VALUES ('226', 'dlive_1463726823', '', '1', '1916', '1', '1', '15500000000', '1463726823', '1463726823');
INSERT INTO `trade_user_profile` VALUES ('227', 'dlive_1463726823', '', '1', '1916', '1', '1', '15500000000', '1463726823', '1463726823');
INSERT INTO `trade_user_profile` VALUES ('228', 'dlive_1463726823', '', '1', '1916', '1', '1', '15500000000', '1463726823', '1463726823');
INSERT INTO `trade_user_profile` VALUES ('229', 'dlive_1463726824', '', '1', '1916', '1', '1', '15500000000', '1463726824', '1463726824');
INSERT INTO `trade_user_profile` VALUES ('230', 'dlive_1463726825', '', '1', '1916', '1', '1', '15500000000', '1463726825', '1463726825');
INSERT INTO `trade_user_profile` VALUES ('231', 'dlive_1463726825', '', '1', '1916', '1', '1', '15500000000', '1463726825', '1463726825');
INSERT INTO `trade_user_profile` VALUES ('232', 'dlive_1463726825', '', '1', '1916', '1', '1', '15500000000', '1463726825', '1463726825');
INSERT INTO `trade_user_profile` VALUES ('233', 'dlive_1463726825', '', '1', '1916', '1', '1', '15500000000', '1463726825', '1463726825');
INSERT INTO `trade_user_profile` VALUES ('234', 'dlive_1463726826', '', '1', '1916', '1', '1', '15500000000', '1463726826', '1463726826');
INSERT INTO `trade_user_profile` VALUES ('235', 'dlive_1463726826', '', '1', '1916', '1', '1', '15500000000', '1463726826', '1463726826');
INSERT INTO `trade_user_profile` VALUES ('236', 'dlive_1463726826', '', '1', '1916', '1', '1', '15500000000', '1463726826', '1463726826');
INSERT INTO `trade_user_profile` VALUES ('237', 'dlive_1463726826', '', '1', '1916', '1', '1', '15500000000', '1463726826', '1463726826');
INSERT INTO `trade_user_profile` VALUES ('238', 'dlive_1463726826', '', '1', '1916', '1', '1', '15500000000', '1463726826', '1463726826');
INSERT INTO `trade_user_profile` VALUES ('239', 'dlive_1463726827', '', '1', '1916', '1', '1', '15500000000', '1463726827', '1463726827');
INSERT INTO `trade_user_profile` VALUES ('240', 'dlive_1463726827', '', '1', '1916', '1', '1', '15500000000', '1463726827', '1463726827');
INSERT INTO `trade_user_profile` VALUES ('241', 'dlive_1463726827', '', '1', '1916', '1', '1', '15500000000', '1463726827', '1463726827');
INSERT INTO `trade_user_profile` VALUES ('242', 'dlive_1463726827', '', '1', '1916', '1', '1', '15500000000', '1463726827', '1463726827');
INSERT INTO `trade_user_profile` VALUES ('243', 'dlive_1463726829', '', '1', '1916', '1', '1', '15500000000', '1463726829', '1463726829');
INSERT INTO `trade_user_profile` VALUES ('244', 'dlive_1463726829', '', '1', '1916', '1', '1', '15500000000', '1463726829', '1463726829');
INSERT INTO `trade_user_profile` VALUES ('245', 'dlive_1463726830', '', '1', '1916', '1', '1', '15500000000', '1463726830', '1463726830');
INSERT INTO `trade_user_profile` VALUES ('246', 'dlive_1463726830', '', '1', '1916', '1', '1', '15500000000', '1463726830', '1463726830');
INSERT INTO `trade_user_profile` VALUES ('247', 'dlive_1463726830', '', '1', '1916', '1', '1', '15500000000', '1463726830', '1463726830');
INSERT INTO `trade_user_profile` VALUES ('248', 'dlive_1463726830', '', '1', '1916', '1', '1', '15500000000', '1463726830', '1463726830');
INSERT INTO `trade_user_profile` VALUES ('249', 'dlive_1463726830', '', '1', '1916', '1', '1', '15500000000', '1463726830', '1463726830');
INSERT INTO `trade_user_profile` VALUES ('250', 'dlive_1463726831', '', '1', '1916', '1', '1', '15500000000', '1463726831', '1463726831');
INSERT INTO `trade_user_profile` VALUES ('251', 'dlive_1463726831', '', '1', '1916', '1', '1', '15500000000', '1463726831', '1463726831');
INSERT INTO `trade_user_profile` VALUES ('252', 'dlive_1463726831', '', '1', '1916', '1', '1', '15500000000', '1463726831', '1463726831');
INSERT INTO `trade_user_profile` VALUES ('253', 'dlive_1463726831', '', '1', '1916', '1', '1', '15500000000', '1463726831', '1463726831');
INSERT INTO `trade_user_profile` VALUES ('254', 'dlive_1463726831', '', '1', '1916', '1', '1', '15500000000', '1463726831', '1463726831');
INSERT INTO `trade_user_profile` VALUES ('255', 'dlive_1463726832', '', '1', '1916', '1', '1', '15500000000', '1463726832', '1463726832');
INSERT INTO `trade_user_profile` VALUES ('256', 'dlive_1463726832', '', '1', '1916', '1', '1', '15500000000', '1463726832', '1463726832');
INSERT INTO `trade_user_profile` VALUES ('257', 'dlive_1463727011', '', '1', '1916', '1', '1', '15500000000', '1463727011', '1463727011');
INSERT INTO `trade_user_profile` VALUES ('258', 'dlive_1463727011', '', '1', '1916', '1', '1', '15500000000', '1463727011', '1463727011');
INSERT INTO `trade_user_profile` VALUES ('259', 'dlive_1463727011', '', '1', '1916', '1', '1', '15500000000', '1463727011', '1463727011');
INSERT INTO `trade_user_profile` VALUES ('260', 'dlive_1463727011', '', '1', '1916', '1', '1', '15500000000', '1463727011', '1463727011');
INSERT INTO `trade_user_profile` VALUES ('261', 'dlive_1463727011', '', '1', '1916', '1', '1', '15500000000', '1463727011', '1463727011');
INSERT INTO `trade_user_profile` VALUES ('262', 'dlive_1463727012', '', '1', '1916', '1', '1', '15500000000', '1463727012', '1463727012');
INSERT INTO `trade_user_profile` VALUES ('263', 'dlive_1463727012', '', '1', '1916', '1', '1', '15500000000', '1463727012', '1463727012');
INSERT INTO `trade_user_profile` VALUES ('264', 'dlive_1463727012', '', '1', '1916', '1', '1', '15500000000', '1463727012', '1463727012');
INSERT INTO `trade_user_profile` VALUES ('265', 'dlive_1463727012', '', '1', '1916', '1', '1', '15500000000', '1463727012', '1463727012');
INSERT INTO `trade_user_profile` VALUES ('266', 'dlive_1463727012', '', '1', '1916', '1', '1', '15500000000', '1463727012', '1463727012');
INSERT INTO `trade_user_profile` VALUES ('267', 'dlive_1463727013', '', '1', '1916', '1', '1', '15500000000', '1463727013', '1463727013');
INSERT INTO `trade_user_profile` VALUES ('268', 'dlive_1463727013', '', '1', '1916', '1', '1', '15500000000', '1463727013', '1463727013');
INSERT INTO `trade_user_profile` VALUES ('269', 'dlive_1463727013', '', '1', '1916', '1', '1', '15500000000', '1463727013', '1463727013');
INSERT INTO `trade_user_profile` VALUES ('270', 'dlive_1463727013', '', '1', '1916', '1', '1', '15500000000', '1463727013', '1463727013');
INSERT INTO `trade_user_profile` VALUES ('271', 'dlive_1463727014', '', '1', '1916', '1', '1', '15500000000', '1463727014', '1463727014');
INSERT INTO `trade_user_profile` VALUES ('272', 'dlive_1463727015', '', '1', '1916', '1', '1', '15500000000', '1463727015', '1463727015');
INSERT INTO `trade_user_profile` VALUES ('273', 'dlive_1463727015', '', '1', '1916', '1', '1', '15500000000', '1463727015', '1463727015');
INSERT INTO `trade_user_profile` VALUES ('274', 'dlive_1463727015', '', '1', '1916', '1', '1', '15500000000', '1463727015', '1463727015');
INSERT INTO `trade_user_profile` VALUES ('275', 'dlive_1463727015', '', '1', '1916', '1', '1', '15500000000', '1463727015', '1463727015');
INSERT INTO `trade_user_profile` VALUES ('276', 'dlive_1463727015', '', '1', '1916', '1', '1', '15500000000', '1463727015', '1463727015');
INSERT INTO `trade_user_profile` VALUES ('277', 'dlive_1463727016', '', '1', '1916', '1', '1', '15500000000', '1463727016', '1463727016');
INSERT INTO `trade_user_profile` VALUES ('278', 'dlive_1463727016', '', '1', '1916', '1', '1', '15500000000', '1463727016', '1463727016');
INSERT INTO `trade_user_profile` VALUES ('279', 'dlive_1463727016', '', '1', '1916', '1', '1', '15500000000', '1463727016', '1463727016');
INSERT INTO `trade_user_profile` VALUES ('280', 'dlive_1463727016', '', '1', '1916', '1', '1', '15500000000', '1463727016', '1463727016');
INSERT INTO `trade_user_profile` VALUES ('281', 'dlive_1463727016', '', '1', '1916', '1', '1', '15500000000', '1463727016', '1463727016');
INSERT INTO `trade_user_profile` VALUES ('282', 'dlive_1463727017', '', '1', '1916', '1', '1', '15500000000', '1463727017', '1463727017');
INSERT INTO `trade_user_profile` VALUES ('283', 'dlive_1463727017', '', '1', '1916', '1', '1', '15500000000', '1463727017', '1463727017');
INSERT INTO `trade_user_profile` VALUES ('284', 'dlive_1463727017', '', '1', '1916', '1', '1', '15500000000', '1463727017', '1463727017');
INSERT INTO `trade_user_profile` VALUES ('285', 'dlive_1463727018', '', '1', '1916', '1', '1', '15500000000', '1463727018', '1463727018');
INSERT INTO `trade_user_profile` VALUES ('286', 'dlive_1463727018', '', '1', '1916', '1', '1', '15500000000', '1463727018', '1463727018');
INSERT INTO `trade_user_profile` VALUES ('287', 'dlive_1463727018', '', '1', '1916', '1', '1', '15500000000', '1463727018', '1463727018');
INSERT INTO `trade_user_profile` VALUES ('288', 'dlive_1463727019', '', '1', '1916', '1', '1', '15500000000', '1463727019', '1463727019');
INSERT INTO `trade_user_profile` VALUES ('289', 'dlive_1463727019', '', '1', '1916', '1', '1', '15500000000', '1463727019', '1463727019');
INSERT INTO `trade_user_profile` VALUES ('290', 'dlive_1463727019', '', '1', '1916', '1', '1', '15500000000', '1463727019', '1463727019');
INSERT INTO `trade_user_profile` VALUES ('291', 'dlive_1463727019', '', '1', '1916', '1', '1', '15500000000', '1463727019', '1463727019');
INSERT INTO `trade_user_profile` VALUES ('292', 'dlive_1463727019', '', '1', '1916', '1', '1', '15500000000', '1463727019', '1463727019');
INSERT INTO `trade_user_profile` VALUES ('293', 'dlive_1463727020', '', '1', '1916', '1', '1', '15500000000', '1463727020', '1463727020');
INSERT INTO `trade_user_profile` VALUES ('294', 'dlive_1463727020', '', '1', '1916', '1', '1', '15500000000', '1463727020', '1463727020');
INSERT INTO `trade_user_profile` VALUES ('295', 'dlive_1463727020', '', '1', '1916', '1', '1', '15500000000', '1463727020', '1463727020');
INSERT INTO `trade_user_profile` VALUES ('296', 'dlive_1463727020', '', '1', '1916', '1', '1', '15500000000', '1463727020', '1463727020');
INSERT INTO `trade_user_profile` VALUES ('297', 'dlive_1463727020', '', '1', '1916', '1', '1', '15500000000', '1463727020', '1463727020');
INSERT INTO `trade_user_profile` VALUES ('298', 'dlive_1463727021', '', '1', '1916', '1', '1', '15500000000', '1463727021', '1463727021');
INSERT INTO `trade_user_profile` VALUES ('299', 'dlive_1463727811', '', '1', '1916', '1', '1', '15500000000', '1463727811', '1463727811');
INSERT INTO `trade_user_profile` VALUES ('300', 'dlive_1463727811', '', '1', '1916', '1', '1', '15500000000', '1463727811', '1463727811');
INSERT INTO `trade_user_profile` VALUES ('301', 'dlive_1463727811', '', '1', '1916', '1', '1', '15500000000', '1463727811', '1463727811');
INSERT INTO `trade_user_profile` VALUES ('302', 'dlive_1463727811', '', '1', '1916', '1', '1', '15500000000', '1463727811', '1463727811');
INSERT INTO `trade_user_profile` VALUES ('303', 'dlive_1463727811', '', '1', '1916', '1', '1', '15500000000', '1463727811', '1463727811');
INSERT INTO `trade_user_profile` VALUES ('304', 'dlive_1463727812', '', '1', '1916', '1', '1', '15500000000', '1463727812', '1463727812');
INSERT INTO `trade_user_profile` VALUES ('305', 'dlive_1463727812', '', '1', '1916', '1', '1', '15500000000', '1463727812', '1463727812');
INSERT INTO `trade_user_profile` VALUES ('306', 'dlive_1463727812', '', '1', '1916', '1', '1', '15500000000', '1463727812', '1463727812');
INSERT INTO `trade_user_profile` VALUES ('307', 'dlive_1463727812', '', '1', '1916', '1', '1', '15500000000', '1463727812', '1463727812');
INSERT INTO `trade_user_profile` VALUES ('308', 'dlive_1463727812', '', '1', '1916', '1', '1', '15500000000', '1463727812', '1463727812');
INSERT INTO `trade_user_profile` VALUES ('309', 'dlive_1463727812', '', '1', '1916', '1', '1', '15500000000', '1463727812', '1463727812');
INSERT INTO `trade_user_profile` VALUES ('310', 'dlive_1463727813', '', '1', '1916', '1', '1', '15500000000', '1463727813', '1463727813');
INSERT INTO `trade_user_profile` VALUES ('311', 'dlive_1463727813', '', '1', '1916', '1', '1', '15500000000', '1463727813', '1463727813');
INSERT INTO `trade_user_profile` VALUES ('312', 'dlive_1463727813', '', '1', '1916', '1', '1', '15500000000', '1463727813', '1463727813');
INSERT INTO `trade_user_profile` VALUES ('313', 'dlive_1463727814', '', '1', '1916', '1', '1', '15500000000', '1463727814', '1463727814');
INSERT INTO `trade_user_profile` VALUES ('314', 'dlive_1463727814', '', '1', '1916', '1', '1', '15500000000', '1463727814', '1463727814');
INSERT INTO `trade_user_profile` VALUES ('315', 'dlive_1463727815', '', '1', '1916', '1', '1', '15500000000', '1463727815', '1463727815');
INSERT INTO `trade_user_profile` VALUES ('316', 'dlive_1463727815', '', '1', '1916', '1', '1', '15500000000', '1463727815', '1463727815');
INSERT INTO `trade_user_profile` VALUES ('317', 'dlive_1463727815', '', '1', '1916', '1', '1', '15500000000', '1463727815', '1463727815');
INSERT INTO `trade_user_profile` VALUES ('318', 'dlive_1463727815', '', '1', '1916', '1', '1', '15500000000', '1463727815', '1463727815');
INSERT INTO `trade_user_profile` VALUES ('319', 'dlive_1463727815', '', '1', '1916', '1', '1', '15500000000', '1463727815', '1463727815');
INSERT INTO `trade_user_profile` VALUES ('320', 'dlive_1463727815', '', '1', '1916', '1', '1', '15500000000', '1463727815', '1463727815');
INSERT INTO `trade_user_profile` VALUES ('321', 'dlive_1463727816', '', '1', '1916', '1', '1', '15500000000', '1463727816', '1463727816');
INSERT INTO `trade_user_profile` VALUES ('322', 'dlive_1463727816', '', '1', '1916', '1', '1', '15500000000', '1463727816', '1463727816');
INSERT INTO `trade_user_profile` VALUES ('323', 'dlive_1463727816', '', '1', '1916', '1', '1', '15500000000', '1463727816', '1463727816');
INSERT INTO `trade_user_profile` VALUES ('324', 'dlive_1463727816', '', '1', '1916', '1', '1', '15500000000', '1463727816', '1463727816');
INSERT INTO `trade_user_profile` VALUES ('325', 'dlive_1463727816', '', '1', '1916', '1', '1', '15500000000', '1463727816', '1463727816');
INSERT INTO `trade_user_profile` VALUES ('326', 'dlive_1463727816', '', '1', '1916', '1', '1', '15500000000', '1463727816', '1463727816');
INSERT INTO `trade_user_profile` VALUES ('327', 'dlive_1463727818', '', '1', '1916', '1', '1', '15500000000', '1463727818', '1463727818');
INSERT INTO `trade_user_profile` VALUES ('328', 'dlive_1463727818', '', '1', '1916', '1', '1', '15500000000', '1463727818', '1463727818');
INSERT INTO `trade_user_profile` VALUES ('329', 'dlive_1463727818', '', '1', '1916', '1', '1', '15500000000', '1463727818', '1463727818');
INSERT INTO `trade_user_profile` VALUES ('330', 'dlive_1463727818', '', '1', '1916', '1', '1', '15500000000', '1463727818', '1463727818');
INSERT INTO `trade_user_profile` VALUES ('331', 'dlive_1463727818', '', '1', '1916', '1', '1', '15500000000', '1463727818', '1463727818');
INSERT INTO `trade_user_profile` VALUES ('332', 'dlive_1463727819', '', '1', '1916', '1', '1', '15500000000', '1463727819', '1463727819');
INSERT INTO `trade_user_profile` VALUES ('333', 'dlive_1463727819', '', '1', '1916', '1', '1', '15500000000', '1463727819', '1463727819');
INSERT INTO `trade_user_profile` VALUES ('334', 'dlive_1463727819', '', '1', '1916', '1', '1', '15500000000', '1463727819', '1463727819');
INSERT INTO `trade_user_profile` VALUES ('335', 'dlive_1463727819', '', '1', '1916', '1', '1', '15500000000', '1463727819', '1463727819');
INSERT INTO `trade_user_profile` VALUES ('336', 'dlive_1463727819', '', '1', '1916', '1', '1', '15500000000', '1463727819', '1463727819');
INSERT INTO `trade_user_profile` VALUES ('337', 'dlive_1463727820', '', '1', '1916', '1', '1', '15500000000', '1463727820', '1463727820');
INSERT INTO `trade_user_profile` VALUES ('338', 'dlive_1463727820', '', '1', '1916', '1', '1', '15500000000', '1463727820', '1463727820');
INSERT INTO `trade_user_profile` VALUES ('339', 'dlive_1463727820', '', '1', '1916', '1', '1', '15500000000', '1463727820', '1463727820');
INSERT INTO `trade_user_profile` VALUES ('340', 'dlive_1463727820', '', '1', '1916', '1', '1', '15500000000', '1463727820', '1463727820');
INSERT INTO `trade_user_profile` VALUES ('341', 'dlive_1463727848', '', '1', '1916', '1', '1', '15500000000', '1463727848', '1463727848');
INSERT INTO `trade_user_profile` VALUES ('342', 'dlive_1463727848', '', '1', '1916', '1', '1', '15500000000', '1463727848', '1463727848');
INSERT INTO `trade_user_profile` VALUES ('343', 'dlive_1463727848', '', '1', '1916', '1', '1', '15500000000', '1463727848', '1463727848');
INSERT INTO `trade_user_profile` VALUES ('344', 'dlive_1463727848', '', '1', '1916', '1', '1', '15500000000', '1463727848', '1463727848');
INSERT INTO `trade_user_profile` VALUES ('345', 'dlive_1463727849', '', '1', '1916', '1', '1', '15500000000', '1463727849', '1463727849');
INSERT INTO `trade_user_profile` VALUES ('346', 'dlive_1463727849', '', '1', '1916', '1', '1', '15500000000', '1463727849', '1463727849');
INSERT INTO `trade_user_profile` VALUES ('347', 'dlive_1463727849', '', '1', '1916', '1', '1', '15500000000', '1463727849', '1463727849');
INSERT INTO `trade_user_profile` VALUES ('348', 'dlive_1463727849', '', '1', '1916', '1', '1', '15500000000', '1463727849', '1463727849');
INSERT INTO `trade_user_profile` VALUES ('349', 'dlive_1463727849', '', '1', '1916', '1', '1', '15500000000', '1463727849', '1463727849');
INSERT INTO `trade_user_profile` VALUES ('350', 'dlive_1463727849', '', '1', '1916', '1', '1', '15500000000', '1463727849', '1463727849');
INSERT INTO `trade_user_profile` VALUES ('351', 'dlive_1463727850', '', '1', '1916', '1', '1', '15500000000', '1463727850', '1463727850');
INSERT INTO `trade_user_profile` VALUES ('352', 'dlive_1463727850', '', '1', '1916', '1', '1', '15500000000', '1463727850', '1463727850');
INSERT INTO `trade_user_profile` VALUES ('353', 'dlive_1463727850', '', '1', '1916', '1', '1', '15500000000', '1463727850', '1463727850');
INSERT INTO `trade_user_profile` VALUES ('354', 'dlive_1463727850', '', '1', '1916', '1', '1', '15500000000', '1463727850', '1463727850');
INSERT INTO `trade_user_profile` VALUES ('355', 'dlive_1463727851', '', '1', '1916', '1', '1', '15500000000', '1463727851', '1463727851');
INSERT INTO `trade_user_profile` VALUES ('356', 'dlive_1463727852', '', '1', '1916', '1', '1', '15500000000', '1463727852', '1463727852');
INSERT INTO `trade_user_profile` VALUES ('357', 'dlive_1463727852', '', '1', '1916', '1', '1', '15500000000', '1463727852', '1463727852');
INSERT INTO `trade_user_profile` VALUES ('358', 'dlive_1463727852', '', '1', '1916', '1', '1', '15500000000', '1463727852', '1463727852');
INSERT INTO `trade_user_profile` VALUES ('359', 'dlive_1463727852', '', '1', '1916', '1', '1', '15500000000', '1463727852', '1463727852');
INSERT INTO `trade_user_profile` VALUES ('360', 'dlive_1463727852', '', '1', '1916', '1', '1', '15500000000', '1463727852', '1463727852');
INSERT INTO `trade_user_profile` VALUES ('361', 'dlive_1463727852', '', '1', '1916', '1', '1', '15500000000', '1463727852', '1463727852');
INSERT INTO `trade_user_profile` VALUES ('362', 'dlive_1463727853', '', '1', '1916', '1', '1', '15500000000', '1463727853', '1463727853');
INSERT INTO `trade_user_profile` VALUES ('363', 'dlive_1463727853', '', '1', '1916', '1', '1', '15500000000', '1463727853', '1463727853');
INSERT INTO `trade_user_profile` VALUES ('364', 'dlive_1463727853', '', '1', '1916', '1', '1', '15500000000', '1463727853', '1463727853');
INSERT INTO `trade_user_profile` VALUES ('365', 'dlive_1463727853', '', '1', '1916', '1', '1', '15500000000', '1463727853', '1463727853');
INSERT INTO `trade_user_profile` VALUES ('366', 'dlive_1463727853', '', '1', '1916', '1', '1', '15500000000', '1463727853', '1463727853');
INSERT INTO `trade_user_profile` VALUES ('367', 'dlive_1463727854', '', '1', '1916', '1', '1', '15500000000', '1463727854', '1463727854');
INSERT INTO `trade_user_profile` VALUES ('368', 'dlive_1463727854', '', '1', '1916', '1', '1', '15500000000', '1463727854', '1463727854');
INSERT INTO `trade_user_profile` VALUES ('369', 'dlive_1463727855', '', '1', '1916', '1', '1', '15500000000', '1463727855', '1463727855');
INSERT INTO `trade_user_profile` VALUES ('370', 'dlive_1463727855', '', '1', '1916', '1', '1', '15500000000', '1463727855', '1463727855');
INSERT INTO `trade_user_profile` VALUES ('371', 'dlive_1463727855', '', '1', '1916', '1', '1', '15500000000', '1463727855', '1463727855');
INSERT INTO `trade_user_profile` VALUES ('372', 'dlive_1463727855', '', '1', '1916', '1', '1', '15500000000', '1463727855', '1463727855');
INSERT INTO `trade_user_profile` VALUES ('373', 'dlive_1463727856', '', '1', '1916', '1', '1', '15500000000', '1463727856', '1463727856');
INSERT INTO `trade_user_profile` VALUES ('374', 'dlive_1463727856', '', '1', '1916', '1', '1', '15500000000', '1463727856', '1463727856');
INSERT INTO `trade_user_profile` VALUES ('375', 'dlive_1463727856', '', '1', '1916', '1', '1', '15500000000', '1463727856', '1463727856');
INSERT INTO `trade_user_profile` VALUES ('376', 'dlive_1463727856', '', '1', '1916', '1', '1', '15500000000', '1463727856', '1463727856');
INSERT INTO `trade_user_profile` VALUES ('377', 'dlive_1463727856', '', '1', '1916', '1', '1', '15500000000', '1463727856', '1463727856');
INSERT INTO `trade_user_profile` VALUES ('378', 'dlive_1463727857', '', '1', '1916', '1', '1', '15500000000', '1463727857', '1463727857');
INSERT INTO `trade_user_profile` VALUES ('379', 'dlive_1463727857', '', '1', '1916', '1', '1', '15500000000', '1463727857', '1463727857');
INSERT INTO `trade_user_profile` VALUES ('380', 'dlive_1463727857', '', '1', '1916', '1', '1', '15500000000', '1463727857', '1463727857');
INSERT INTO `trade_user_profile` VALUES ('381', 'dlive_1463727857', '', '1', '1916', '1', '1', '15500000000', '1463727857', '1463727857');
INSERT INTO `trade_user_profile` VALUES ('382', 'dlive_1463727857', '', '1', '1916', '1', '1', '15500000000', '1463727857', '1463727857');
INSERT INTO `trade_user_profile` VALUES ('383', 'dlive_1463727925', '', '1', '1916', '1', '1', '15500000000', '1463727925', '1463727925');
INSERT INTO `trade_user_profile` VALUES ('384', 'dlive_1463727925', '', '1', '1916', '1', '1', '15500000000', '1463727925', '1463727925');
INSERT INTO `trade_user_profile` VALUES ('385', 'dlive_1463727926', '', '1', '1916', '1', '1', '15500000000', '1463727926', '1463727926');
INSERT INTO `trade_user_profile` VALUES ('386', 'dlive_1463727926', '', '1', '1916', '1', '1', '15500000000', '1463727926', '1463727926');
INSERT INTO `trade_user_profile` VALUES ('387', 'dlive_1463727926', '', '1', '1916', '1', '1', '15500000000', '1463727926', '1463727926');
INSERT INTO `trade_user_profile` VALUES ('388', 'dlive_1463727926', '', '1', '1916', '1', '1', '15500000000', '1463727926', '1463727926');
INSERT INTO `trade_user_profile` VALUES ('389', 'dlive_1463727926', '', '1', '1916', '1', '1', '15500000000', '1463727926', '1463727926');
INSERT INTO `trade_user_profile` VALUES ('390', 'dlive_1463727927', '', '1', '1916', '1', '1', '15500000000', '1463727927', '1463727927');
INSERT INTO `trade_user_profile` VALUES ('391', 'dlive_1463727927', '', '1', '1916', '1', '1', '15500000000', '1463727927', '1463727927');
INSERT INTO `trade_user_profile` VALUES ('392', 'dlive_1463727927', '', '1', '1916', '1', '1', '15500000000', '1463727927', '1463727927');
INSERT INTO `trade_user_profile` VALUES ('393', 'dlive_1463727928', '', '1', '1916', '1', '1', '15500000000', '1463727928', '1463727928');
INSERT INTO `trade_user_profile` VALUES ('394', 'dlive_1463727928', '', '1', '1916', '1', '1', '15500000000', '1463727928', '1463727928');
INSERT INTO `trade_user_profile` VALUES ('395', 'dlive_1463727928', '', '1', '1916', '1', '1', '15500000000', '1463727928', '1463727928');
INSERT INTO `trade_user_profile` VALUES ('396', 'dlive_1463727928', '', '1', '1916', '1', '1', '15500000000', '1463727928', '1463727928');
INSERT INTO `trade_user_profile` VALUES ('397', 'dlive_1463727929', '', '1', '1916', '1', '1', '15500000000', '1463727929', '1463727929');
INSERT INTO `trade_user_profile` VALUES ('398', 'dlive_1463727930', '', '1', '1916', '1', '1', '15500000000', '1463727930', '1463727930');
INSERT INTO `trade_user_profile` VALUES ('399', 'dlive_1463727930', '', '1', '1916', '1', '1', '15500000000', '1463727930', '1463727930');
INSERT INTO `trade_user_profile` VALUES ('400', 'dlive_1463727930', '', '1', '1916', '1', '1', '15500000000', '1463727930', '1463727930');
INSERT INTO `trade_user_profile` VALUES ('401', 'dlive_1463727930', '', '1', '1916', '1', '1', '15500000000', '1463727930', '1463727930');
INSERT INTO `trade_user_profile` VALUES ('402', 'dlive_1463727930', '', '1', '1916', '1', '1', '15500000000', '1463727930', '1463727930');
INSERT INTO `trade_user_profile` VALUES ('403', 'dlive_1463727931', '', '1', '1916', '1', '1', '15500000000', '1463727931', '1463727931');
INSERT INTO `trade_user_profile` VALUES ('404', 'dlive_1463727931', '', '1', '1916', '1', '1', '15500000000', '1463727931', '1463727931');
INSERT INTO `trade_user_profile` VALUES ('405', 'dlive_1463727931', '', '1', '1916', '1', '1', '15500000000', '1463727931', '1463727931');
INSERT INTO `trade_user_profile` VALUES ('406', 'dlive_1463727931', '', '1', '1916', '1', '1', '15500000000', '1463727931', '1463727931');
INSERT INTO `trade_user_profile` VALUES ('407', 'dlive_1463727932', '', '1', '1916', '1', '1', '15500000000', '1463727932', '1463727932');
INSERT INTO `trade_user_profile` VALUES ('408', 'dlive_1463727932', '', '1', '1916', '1', '1', '15500000000', '1463727932', '1463727932');
INSERT INTO `trade_user_profile` VALUES ('409', 'dlive_1463727932', '', '1', '1916', '1', '1', '15500000000', '1463727932', '1463727932');
INSERT INTO `trade_user_profile` VALUES ('410', 'dlive_1463727932', '', '1', '1916', '1', '1', '15500000000', '1463727932', '1463727932');
INSERT INTO `trade_user_profile` VALUES ('411', 'dlive_1463727933', '', '1', '1916', '1', '1', '15500000000', '1463727933', '1463727933');
INSERT INTO `trade_user_profile` VALUES ('412', 'dlive_1463727934', '', '1', '1916', '1', '1', '15500000000', '1463727934', '1463727934');
INSERT INTO `trade_user_profile` VALUES ('413', 'dlive_1463727934', '', '1', '1916', '1', '1', '15500000000', '1463727934', '1463727934');
INSERT INTO `trade_user_profile` VALUES ('414', 'dlive_1463727934', '', '1', '1916', '1', '1', '15500000000', '1463727934', '1463727934');
INSERT INTO `trade_user_profile` VALUES ('415', 'dlive_1463727935', '', '1', '1916', '1', '1', '15500000000', '1463727935', '1463727935');
INSERT INTO `trade_user_profile` VALUES ('416', 'dlive_1463727935', '', '1', '1916', '1', '1', '15500000000', '1463727935', '1463727935');
INSERT INTO `trade_user_profile` VALUES ('417', 'dlive_1463727936', '', '1', '1916', '1', '1', '15500000000', '1463727936', '1463727936');
INSERT INTO `trade_user_profile` VALUES ('418', 'dlive_1463727936', '', '1', '1916', '1', '1', '15500000000', '1463727936', '1463727936');
INSERT INTO `trade_user_profile` VALUES ('419', 'dlive_1463727936', '', '1', '1916', '1', '1', '15500000000', '1463727936', '1463727936');
INSERT INTO `trade_user_profile` VALUES ('420', 'dlive_1463727936', '', '1', '1916', '1', '1', '15500000000', '1463727936', '1463727936');
INSERT INTO `trade_user_profile` VALUES ('421', 'dlive_1463727936', '', '1', '1916', '1', '1', '15500000000', '1463727936', '1463727936');
INSERT INTO `trade_user_profile` VALUES ('422', 'dlive_1463727937', '', '1', '1916', '1', '1', '15500000000', '1463727937', '1463727937');
INSERT INTO `trade_user_profile` VALUES ('423', 'dlive_1463727937', '', '1', '1916', '1', '1', '15500000000', '1463727937', '1463727937');
INSERT INTO `trade_user_profile` VALUES ('424', 'dlive_1463727937', '', '1', '1916', '1', '1', '15500000000', '1463727937', '1463727937');
INSERT INTO `trade_user_profile` VALUES ('425', 'dlive_1463727995', '', '1', '1916', '1', '1', '15500000000', '1463727995', '1463727995');
INSERT INTO `trade_user_profile` VALUES ('426', 'dlive_1463727995', '', '1', '1916', '1', '1', '15500000000', '1463727995', '1463727995');
INSERT INTO `trade_user_profile` VALUES ('427', 'dlive_1463727995', '', '1', '1916', '1', '1', '15500000000', '1463727995', '1463727995');
INSERT INTO `trade_user_profile` VALUES ('428', 'dlive_1463727996', '', '1', '1916', '1', '1', '15500000000', '1463727996', '1463727996');
INSERT INTO `trade_user_profile` VALUES ('429', 'dlive_1463727996', '', '1', '1916', '1', '1', '15500000000', '1463727996', '1463727996');
INSERT INTO `trade_user_profile` VALUES ('430', 'dlive_1463727996', '', '1', '1916', '1', '1', '15500000000', '1463727996', '1463727996');
INSERT INTO `trade_user_profile` VALUES ('431', 'dlive_1463727996', '', '1', '1916', '1', '1', '15500000000', '1463727996', '1463727996');
INSERT INTO `trade_user_profile` VALUES ('432', 'dlive_1463727996', '', '1', '1916', '1', '1', '15500000000', '1463727996', '1463727996');
INSERT INTO `trade_user_profile` VALUES ('433', 'dlive_1463727996', '', '1', '1916', '1', '1', '15500000000', '1463727996', '1463727996');
INSERT INTO `trade_user_profile` VALUES ('434', 'dlive_1463727997', '', '1', '1916', '1', '1', '15500000000', '1463727997', '1463727997');
INSERT INTO `trade_user_profile` VALUES ('435', 'dlive_1463727997', '', '1', '1916', '1', '1', '15500000000', '1463727997', '1463727997');
INSERT INTO `trade_user_profile` VALUES ('436', 'dlive_1463727997', '', '1', '1916', '1', '1', '15500000000', '1463727997', '1463727997');
INSERT INTO `trade_user_profile` VALUES ('437', 'dlive_1463727997', '', '1', '1916', '1', '1', '15500000000', '1463727997', '1463727997');
INSERT INTO `trade_user_profile` VALUES ('438', 'dlive_1463727997', '', '1', '1916', '1', '1', '15500000000', '1463727997', '1463727997');
INSERT INTO `trade_user_profile` VALUES ('439', 'dlive_1463727998', '', '1', '1916', '1', '1', '15500000000', '1463727998', '1463727998');
INSERT INTO `trade_user_profile` VALUES ('440', 'dlive_1463727999', '', '1', '1916', '1', '1', '15500000000', '1463727999', '1463727999');
INSERT INTO `trade_user_profile` VALUES ('441', 'dlive_1463727999', '', '1', '1916', '1', '1', '15500000000', '1463727999', '1463727999');
INSERT INTO `trade_user_profile` VALUES ('442', 'dlive_1463727999', '', '1', '1916', '1', '1', '15500000000', '1463727999', '1463727999');
INSERT INTO `trade_user_profile` VALUES ('443', 'dlive_1463727999', '', '1', '1916', '1', '1', '15500000000', '1463727999', '1463727999');
INSERT INTO `trade_user_profile` VALUES ('444', 'dlive_1463727999', '', '1', '1916', '1', '1', '15500000000', '1463727999', '1463727999');
INSERT INTO `trade_user_profile` VALUES ('445', 'dlive_1463727999', '', '1', '1916', '1', '1', '15500000000', '1463727999', '1463727999');
INSERT INTO `trade_user_profile` VALUES ('446', 'dlive_1463728000', '', '1', '1916', '1', '1', '15500000000', '1463728000', '1463728000');
INSERT INTO `trade_user_profile` VALUES ('447', 'dlive_1463728000', '', '1', '1916', '1', '1', '15500000000', '1463728000', '1463728000');
INSERT INTO `trade_user_profile` VALUES ('448', 'dlive_1463728000', '', '1', '1916', '1', '1', '15500000000', '1463728000', '1463728000');
INSERT INTO `trade_user_profile` VALUES ('449', 'dlive_1463728000', '', '1', '1916', '1', '1', '15500000000', '1463728000', '1463728000');
INSERT INTO `trade_user_profile` VALUES ('450', 'dlive_1463728000', '', '1', '1916', '1', '1', '15500000000', '1463728000', '1463728000');
INSERT INTO `trade_user_profile` VALUES ('451', 'dlive_1463728000', '', '1', '1916', '1', '1', '15500000000', '1463728000', '1463728000');
INSERT INTO `trade_user_profile` VALUES ('452', 'dlive_1463728001', '', '1', '1916', '1', '1', '15500000000', '1463728001', '1463728001');
INSERT INTO `trade_user_profile` VALUES ('453', 'dlive_1463728002', '', '1', '1916', '1', '1', '15500000000', '1463728002', '1463728002');
INSERT INTO `trade_user_profile` VALUES ('454', 'dlive_1463728002', '', '1', '1916', '1', '1', '15500000000', '1463728002', '1463728002');
INSERT INTO `trade_user_profile` VALUES ('455', 'dlive_1463728002', '', '1', '1916', '1', '1', '15500000000', '1463728002', '1463728002');
INSERT INTO `trade_user_profile` VALUES ('456', 'dlive_1463728002', '', '1', '1916', '1', '1', '15500000000', '1463728002', '1463728002');
INSERT INTO `trade_user_profile` VALUES ('457', 'dlive_1463728002', '', '1', '1916', '1', '1', '15500000000', '1463728002', '1463728002');
INSERT INTO `trade_user_profile` VALUES ('458', 'dlive_1463728003', '', '1', '1916', '1', '1', '15500000000', '1463728003', '1463728003');
INSERT INTO `trade_user_profile` VALUES ('459', 'dlive_1463728003', '', '1', '1916', '1', '1', '15500000000', '1463728003', '1463728003');
INSERT INTO `trade_user_profile` VALUES ('460', 'dlive_1463728003', '', '1', '1916', '1', '1', '15500000000', '1463728003', '1463728003');
INSERT INTO `trade_user_profile` VALUES ('461', 'dlive_1463728003', '', '1', '1916', '1', '1', '15500000000', '1463728003', '1463728003');
INSERT INTO `trade_user_profile` VALUES ('462', 'dlive_1463728003', '', '1', '1916', '1', '1', '15500000000', '1463728003', '1463728003');
INSERT INTO `trade_user_profile` VALUES ('463', 'dlive_1463728004', '', '1', '1916', '1', '1', '15500000000', '1463728004', '1463728004');
INSERT INTO `trade_user_profile` VALUES ('464', 'dlive_1463728004', '', '1', '1916', '1', '1', '15500000000', '1463728004', '1463728004');
INSERT INTO `trade_user_profile` VALUES ('465', 'dlive_1463728004', '', '1', '1916', '1', '1', '15500000000', '1463728004', '1463728004');
INSERT INTO `trade_user_profile` VALUES ('466', 'dlive_1463728004', '', '1', '1916', '1', '1', '15500000000', '1463728004', '1463728004');
INSERT INTO `trade_user_profile` VALUES ('467', 'dlive_1463728027', '', '1', '1916', '1', '1', '15500000000', '1463728027', '1463728027');
INSERT INTO `trade_user_profile` VALUES ('468', 'dlive_1463728027', '', '1', '1916', '1', '1', '15500000000', '1463728027', '1463728027');
INSERT INTO `trade_user_profile` VALUES ('469', 'dlive_1463728027', '', '1', '1916', '1', '1', '15500000000', '1463728027', '1463728027');
INSERT INTO `trade_user_profile` VALUES ('470', 'dlive_1463728027', '', '1', '1916', '1', '1', '15500000000', '1463728027', '1463728027');
INSERT INTO `trade_user_profile` VALUES ('471', 'dlive_1463728027', '', '1', '1916', '1', '1', '15500000000', '1463728027', '1463728027');
INSERT INTO `trade_user_profile` VALUES ('472', 'dlive_1463728028', '', '1', '1916', '1', '1', '15500000000', '1463728028', '1463728028');
INSERT INTO `trade_user_profile` VALUES ('473', 'dlive_1463728028', '', '1', '1916', '1', '1', '15500000000', '1463728028', '1463728028');
INSERT INTO `trade_user_profile` VALUES ('474', 'dlive_1463728028', '', '1', '1916', '1', '1', '15500000000', '1463728028', '1463728028');
INSERT INTO `trade_user_profile` VALUES ('475', 'dlive_1463728028', '', '1', '1916', '1', '1', '15500000000', '1463728028', '1463728028');
INSERT INTO `trade_user_profile` VALUES ('476', 'dlive_1463728028', '', '1', '1916', '1', '1', '15500000000', '1463728028', '1463728028');
INSERT INTO `trade_user_profile` VALUES ('477', 'dlive_1463728028', '', '1', '1916', '1', '1', '15500000000', '1463728028', '1463728028');
INSERT INTO `trade_user_profile` VALUES ('478', 'dlive_1463728029', '', '1', '1916', '1', '1', '15500000000', '1463728029', '1463728029');
INSERT INTO `trade_user_profile` VALUES ('479', 'dlive_1463728029', '', '1', '1916', '1', '1', '15500000000', '1463728029', '1463728029');
INSERT INTO `trade_user_profile` VALUES ('480', 'dlive_1463728029', '', '1', '1916', '1', '1', '15500000000', '1463728029', '1463728029');
INSERT INTO `trade_user_profile` VALUES ('481', 'dlive_1463728030', '', '1', '1916', '1', '1', '15500000000', '1463728030', '1463728030');
INSERT INTO `trade_user_profile` VALUES ('482', 'dlive_1463728030', '', '1', '1916', '1', '1', '15500000000', '1463728030', '1463728030');
INSERT INTO `trade_user_profile` VALUES ('483', 'dlive_1463728031', '', '1', '1916', '1', '1', '15500000000', '1463728031', '1463728031');
INSERT INTO `trade_user_profile` VALUES ('484', 'dlive_1463728031', '', '1', '1916', '1', '1', '15500000000', '1463728031', '1463728031');
INSERT INTO `trade_user_profile` VALUES ('485', 'dlive_1463728031', '', '1', '1916', '1', '1', '15500000000', '1463728031', '1463728031');
INSERT INTO `trade_user_profile` VALUES ('486', 'dlive_1463728031', '', '1', '1916', '1', '1', '15500000000', '1463728031', '1463728031');
INSERT INTO `trade_user_profile` VALUES ('487', 'dlive_1463728031', '', '1', '1916', '1', '1', '15500000000', '1463728031', '1463728031');
INSERT INTO `trade_user_profile` VALUES ('488', 'dlive_1463728032', '', '1', '1916', '1', '1', '15500000000', '1463728032', '1463728032');
INSERT INTO `trade_user_profile` VALUES ('489', 'dlive_1463728032', '', '1', '1916', '1', '1', '15500000000', '1463728032', '1463728032');
INSERT INTO `trade_user_profile` VALUES ('490', 'dlive_1463728032', '', '1', '1916', '1', '1', '15500000000', '1463728032', '1463728032');
INSERT INTO `trade_user_profile` VALUES ('491', 'dlive_1463728032', '', '1', '1916', '1', '1', '15500000000', '1463728032', '1463728032');
INSERT INTO `trade_user_profile` VALUES ('492', 'dlive_1463728032', '', '1', '1916', '1', '1', '15500000000', '1463728032', '1463728032');
INSERT INTO `trade_user_profile` VALUES ('493', 'dlive_1463728032', '', '1', '1916', '1', '1', '15500000000', '1463728032', '1463728032');
INSERT INTO `trade_user_profile` VALUES ('494', 'dlive_1463728033', '', '1', '1916', '1', '1', '15500000000', '1463728033', '1463728033');
INSERT INTO `trade_user_profile` VALUES ('495', 'dlive_1463728034', '', '1', '1916', '1', '1', '15500000000', '1463728034', '1463728034');
INSERT INTO `trade_user_profile` VALUES ('496', 'dlive_1463728034', '', '1', '1916', '1', '1', '15500000000', '1463728034', '1463728034');
INSERT INTO `trade_user_profile` VALUES ('497', 'dlive_1463728034', '', '1', '1916', '1', '1', '15500000000', '1463728034', '1463728034');
INSERT INTO `trade_user_profile` VALUES ('498', 'dlive_1463728034', '', '1', '1916', '1', '1', '15500000000', '1463728034', '1463728034');
INSERT INTO `trade_user_profile` VALUES ('499', 'dlive_1463728035', '', '1', '1916', '1', '1', '15500000000', '1463728035', '1463728035');
INSERT INTO `trade_user_profile` VALUES ('500', 'dlive_1463728035', '', '1', '1916', '1', '1', '15500000000', '1463728035', '1463728035');
INSERT INTO `trade_user_profile` VALUES ('501', 'dlive_1463728035', '', '1', '1916', '1', '1', '15500000000', '1463728035', '1463728035');
INSERT INTO `trade_user_profile` VALUES ('502', 'dlive_1463728035', '', '1', '1916', '1', '1', '15500000000', '1463728035', '1463728035');
INSERT INTO `trade_user_profile` VALUES ('503', 'dlive_1463728035', '', '1', '1916', '1', '1', '15500000000', '1463728035', '1463728035');
INSERT INTO `trade_user_profile` VALUES ('504', 'dlive_1463728035', '', '1', '1916', '1', '1', '15500000000', '1463728035', '1463728035');
INSERT INTO `trade_user_profile` VALUES ('505', 'dlive_1463728036', '', '1', '1916', '1', '1', '15500000000', '1463728036', '1463728036');
INSERT INTO `trade_user_profile` VALUES ('506', 'dlive_1463728036', '', '1', '1916', '1', '1', '15500000000', '1463728036', '1463728036');
INSERT INTO `trade_user_profile` VALUES ('507', 'dlive_1463728036', '', '1', '1916', '1', '1', '15500000000', '1463728036', '1463728036');
INSERT INTO `trade_user_profile` VALUES ('508', 'dlive_1463728036', '', '1', '1916', '1', '1', '15500000000', '1463728036', '1463728036');

-- ----------------------------
-- Table structure for `trade_visitor_stats`
-- ----------------------------
DROP TABLE IF EXISTS `trade_visitor_stats`;
CREATE TABLE `trade_visitor_stats` (
  `sessid` char(32) NOT NULL DEFAULT '',
  `ip` char(15) NOT NULL DEFAULT '0.0.0.0',
  `dateline` int(10) unsigned NOT NULL DEFAULT '0',
  `pv` smallint(5) unsigned NOT NULL DEFAULT '1',
  `referrer` varchar(80) NOT NULL DEFAULT '',
  `browser` tinyint(2) unsigned NOT NULL DEFAULT '0',
  `platform` tinyint(2) unsigned NOT NULL DEFAULT '0',
  `area` char(10) NOT NULL DEFAULT '',
  KEY `sessid` (`sessid`) USING BTREE,
  KEY `ip` (`ip`),
  KEY `dateline` (`dateline`)
) ENGINE=MyISAM DEFAULT CHARSET=utf8;

-- ----------------------------
-- Records of trade_visitor_stats
-- ----------------------------
INSERT INTO `trade_visitor_stats` VALUES ('a7bb1ed23e462728b1ffb7b6ddf71c2a', '124.127.207.170', '1463500800', '31', '192.168.177.134', '2', '1', '北京市');
INSERT INTO `trade_visitor_stats` VALUES ('912bac8a4df45dfa938c099601c382b1', '114.255.40.44', '1463500800', '5', '192.168.177.134', '3', '1', '北京市');
INSERT INTO `trade_visitor_stats` VALUES ('a7bb1ed23e462728b1ffb7b6ddf71c2a', '114.255.40.44', '1463500800', '6', '192.168.177.134', '2', '1', '北京市');
INSERT INTO `trade_visitor_stats` VALUES ('a7bb1ed23e462728b1ffb7b6ddf71c2a', '124.127.207.149', '1463500800', '69', '192.168.177.134', '2', '1', '北京市');
INSERT INTO `trade_visitor_stats` VALUES ('a7bb1ed23e462728b1ffb7b6ddf71c2a', '124.127.207.149', '1463587200', '45', '192.168.177.134', '2', '1', '北京市');
